id_colonia,colonia,alcaldia,en_poniente,label,latitud_centro,longitud_centro,poblacion
11174.0,1133,Alvaro Obregon,True,1133 — Alvaro Obregon,19.384830000104586,-99.2297853332288,124.0
11217.0,19 De Mayo,Alvaro Obregon,True,19 De Mayo — Alvaro Obregon,19.361824999973948,-99.25403069401672,1209.0
11208.0,2Da Ampl Presidentes,Alvaro Obregon,True,2Da Ampl Presidentes — Alvaro Obregon,19.374194999799585,-99.22823210220182,5361.0
11204.0,2Da Ampliacion Jalalpa El Grande,Alvaro Obregon,True,2Da Ampliacion Jalalpa El Grande — Alvaro Obregon,19.36725999969937,-99.24629050118975,4188.0
11132.0,8 De Agosto,Alvaro Obregon,True,8 De Agosto — Alvaro Obregon,19.392664999890002,-99.19103116191857,5057.0
11129.0,Abraham Gonzalez,Alvaro Obregon,True,Abraham Gonzalez — Alvaro Obregon,19.386454999948455,-99.20545095348928,314.0
11109.0,Acueducto,Alvaro Obregon,True,Acueducto — Alvaro Obregon,19.397935000100347,-99.20321975318195,3606.0
11263.0,Acuilotla,Alvaro Obregon,True,Acuilotla — Alvaro Obregon,19.35932000001816,-99.24389299996834,1096.0
11073.0,Agricola,Alvaro Obregon,True,Agricola — Alvaro Obregon,19.349514999767592,-99.18076593074487,425.0
11071.0,Aguilas Seccion Hornos,Alvaro Obregon,True,Aguilas Seccion Hornos — Alvaro Obregon,19.36219000016854,-99.20516277803964,604.0
11328.0,Alcantarilla,Alvaro Obregon,True,Alcantarilla — Alvaro Obregon,19.335735000120337,-99.25182611896369,3130.0
11237.0,Alfalfar,Alvaro Obregon,True,Alfalfar — Alvaro Obregon,19.376084999723133,-99.2003819445066,1915.0
11236.0,Alfonso Xiii,Alvaro Obregon,True,Alfonso Xiii — Alvaro Obregon,19.376469999940696,-99.19530666659651,7913.0
11075.0,Altavista,Alvaro Obregon,True,Altavista — Alvaro Obregon,19.348004999831034,-99.1997340781704,575.0
11188.0,Alvaro Obregon Desarrollo Urbano,Alvaro Obregon,True,Alvaro Obregon Desarrollo Urbano — Alvaro Obregon,19.380890000073606,-99.2226062337586,2455.0
11122.0,Ampl Bosques 2Da Secc,Alvaro Obregon,True,Ampl Bosques 2Da Secc — Alvaro Obregon,19.394184999838046,-99.19453084597635,1409.0
11258.0,Ampl Corpus Christi,Alvaro Obregon,True,Ampl Corpus Christi — Alvaro Obregon,19.364050000057603,-99.24406804334555,1832.0
11271.0,Ampl Dos Rios,Alvaro Obregon,True,Ampl Dos Rios — Alvaro Obregon,19.357914999977453,-99.24348770850514,530.0
11165.0,Ampl El Arbol,Alvaro Obregon,True,Ampl El Arbol — Alvaro Obregon,19.381695000324186,-99.2360401234917,1741.0
11253.0,Ampl Estado De Hidalgo,Alvaro Obregon,True,Ampl Estado De Hidalgo — Alvaro Obregon,19.362435000225247,-99.24076028573882,1016.0
11234.0,Ampl Hogar Y Redencion,Alvaro Obregon,True,Ampl Hogar Y Redencion — Alvaro Obregon,19.370305000275692,-99.20464599795662,324.0
11205.0,Ampl Jalalpa,Alvaro Obregon,True,Ampl Jalalpa — Alvaro Obregon,19.37642500011384,-99.23298060264221,2688.0
11167.0,Ampl La Cebada,Alvaro Obregon,True,Ampl La Cebada — Alvaro Obregon,19.379479999802328,-99.2334434071638,1269.0
11175.0,Ampl La Mexicana,Alvaro Obregon,True,Ampl La Mexicana — Alvaro Obregon,19.384500000175052,-99.22799372466278,4666.0
11339.0,Ampl Las Aguilas,Alvaro Obregon,True,Ampl Las Aguilas — Alvaro Obregon,19.34955000003265,-99.22090499991566,5904.0
11337.0,Ampl Las Aguilas 3Er Parque,Alvaro Obregon,True,Ampl Las Aguilas 3Er Parque — Alvaro Obregon,19.352605000170797,-99.21983607119417,4932.0
11186.0,Ampl Las Golondrinas,Alvaro Obregon,True,Ampl Las Golondrinas — Alvaro Obregon,19.378669999770835,-99.21246750045665,3052.0
11325.0,Ampl Los Alpes,Alvaro Obregon,True,Ampl Los Alpes — Alvaro Obregon,19.356730000189515,-99.21009505477332,2832.0
11206.0,Ampl Piloto Adolfo Lopez Mateos,Alvaro Obregon,True,Ampl Piloto Adolfo Lopez Mateos — Alvaro Obregon,19.369890000023645,-99.22951317329955,4764.0
11209.0,Ampl Presidentes,Alvaro Obregon,True,Ampl Presidentes — Alvaro Obregon,19.37607500016128,-99.2253966668221,3545.0
11330.0,Ampl Puente Colorado,Alvaro Obregon,True,Ampl Puente Colorado — Alvaro Obregon,19.346765000204783,-99.2291138293806,4629.0
11274.0,Ampl Tepeaca,Alvaro Obregon,True,Ampl Tepeaca — Alvaro Obregon,19.36090500026569,-99.234485845852,1471.0
11366.0,Ampl Tlacoyaque,Alvaro Obregon,True,Ampl Tlacoyaque — Alvaro Obregon,19.323224999684157,-99.2692813735994,3691.0
11360.0,Ampl Torres De Potrero,Alvaro Obregon,True,Ampl Torres De Potrero — Alvaro Obregon,19.32930999970688,-99.23946890672892,1911.0
11110.0,Ampliacion Hidalgo,Alvaro Obregon,True,Ampliacion Hidalgo — Alvaro Obregon,19.396990000138544,-99.2086070900134,353.0
11313.0,Ampliacion Tlacuitlapa,Alvaro Obregon,True,Ampliacion Tlacuitlapa — Alvaro Obregon,19.353729999889737,-99.24154612884418,464.0
11303.0,Ampliacion Tlacuitlapa Ii,Alvaro Obregon,True,Ampliacion Tlacuitlapa Ii — Alvaro Obregon,19.353880000062134,-99.23839629468421,412.0
11294.0,Arcos Del Centenario,Alvaro Obregon,True,Arcos Del Centenario — Alvaro Obregon,19.360159999634448,-99.22689233878765,428.0
11245.0,Arturo Gamiz,Alvaro Obregon,True,Arturo Gamiz — Alvaro Obregon,19.352649999997652,-99.25425324084665,1169.0
11134.0,Arturo Martinez,Alvaro Obregon,True,Arturo Martinez — Alvaro Obregon,19.38697999987727,-99.21601049987937,1439.0
11196.0,Arvide,Alvaro Obregon,True,Arvide — Alvaro Obregon,19.383274999891484,-99.20267088909384,1078.0
11272.0,Atlamaxac,Alvaro Obregon,True,Atlamaxac — Alvaro Obregon,19.35635499998341,-99.24727602564218,559.0
11343.0,Atlamaya,Alvaro Obregon,True,Atlamaya — Alvaro Obregon,19.350325000248716,-99.20287666671052,1695.0
11277.0,Ave Real,Alvaro Obregon,True,Ave Real — Alvaro Obregon,19.361479999802327,-99.23704379283447,1236.0
11068.0,Axotla,Alvaro Obregon,True,Axotla — Alvaro Obregon,19.357635000105347,-99.17533606128762,2657.0
11267.0,Balcones De Ceguayo,Alvaro Obregon,True,Balcones De Ceguayo — Alvaro Obregon,19.358035000115308,-99.24108120718283,1367.0
11225.0,Barrio Norte,Alvaro Obregon,True,Barrio Norte — Alvaro Obregon,19.378670000220495,-99.207196285729,15772.0
11235.0,Batallon De San Patricio,Alvaro Obregon,True,Batallon De San Patricio — Alvaro Obregon,19.371365000144806,-99.20629321657151,961.0
11079.0,Batan Barrio Viejo,Alvaro Obregon,True,Batan Barrio Viejo — Alvaro Obregon,19.34321999995319,-99.19695703853418,493.0
11214.0,Bejero,Alvaro Obregon,True,Bejero — Alvaro Obregon,19.38112999989974,-99.24527416648039,1600.0
11102.0,Belen De Las Flores,Alvaro Obregon,True,Belen De Las Flores — Alvaro Obregon,19.394964999835054,-99.21830375005808,477.0
11103.0,Belen De Las Flores Reacomodo,Alvaro Obregon,True,Belen De Las Flores Reacomodo — Alvaro Obregon,19.39700499993097,-99.21478114311276,713.0
11092.0,Belen De Las Flores Seccion Cuchilla,Alvaro Obregon,True,Belen De Las Flores Seccion Cuchilla — Alvaro Obregon,19.398715000097326,-99.21303260977871,969.0
11093.0,Belen De Las Flores Seccion Lomita,Alvaro Obregon,True,Belen De Las Flores Seccion Lomita — Alvaro Obregon,19.39620000013005,-99.217978420903,236.0
11094.0,Belen De Las Flores Seccion Oriente,Alvaro Obregon,True,Belen De Las Flores Seccion Oriente — Alvaro Obregon,19.395440000156043,-99.21621208951092,77.0
11095.0,Belen De Las Flores Seccion Pabellones,Alvaro Obregon,True,Belen De Las Flores Seccion Pabellones — Alvaro Obregon,19.39423000011459,-99.21843966599883,161.0
11096.0,Belen De Las Flores Seccion Rancheria,Alvaro Obregon,True,Belen De Las Flores Seccion Rancheria — Alvaro Obregon,19.3937149997476,-99.21897750006144,59.0
11097.0,Belen De Las Flores Seccion Relleno,Alvaro Obregon,True,Belen De Las Flores Seccion Relleno — Alvaro Obregon,19.395099999765335,-99.21364901936047,34.0
11098.0,Belen De Las Flores Seccion Turbina,Alvaro Obregon,True,Belen De Las Flores Seccion Turbina — Alvaro Obregon,19.392977999934914,-99.21712097381769,19.0
11118.0,Bellavista,Alvaro Obregon,True,Bellavista — Alvaro Obregon,19.397429999744872,-99.19355323603182,9409.0
11151.0,Bonanza,Alvaro Obregon,True,Bonanza — Alvaro Obregon,19.386430000144543,-99.2149663185818,1468.0
11152.0,Boscoso,Alvaro Obregon,True,Boscoso — Alvaro Obregon,19.387939500058025,-99.22237152041131,83.0
11127.0,Bosques 1Ra Secc,Alvaro Obregon,True,Bosques 1Ra Secc — Alvaro Obregon,19.39337000002567,-99.19866624990674,2132.0
11284.0,Bosques De Tarango,Alvaro Obregon,True,Bosques De Tarango — Alvaro Obregon,19.346689999893755,-99.2581589247759,186.0
11176.0,Calzada De Jalalpa,Alvaro Obregon,True,Calzada De Jalalpa — Alvaro Obregon,19.382015000242205,-99.22433179091081,3987.0
11349.0,Camino Real De Tetelpan,Alvaro Obregon,True,Camino Real De Tetelpan — Alvaro Obregon,19.34486000003912,-99.21938332597054,2729.0
11070.0,Campestre,Alvaro Obregon,True,Campestre — Alvaro Obregon,19.35555499996343,-99.19327020963706,1612.0
11158.0,Campo De Tiro Los Gamitos,Alvaro Obregon,True,Campo De Tiro Los Gamitos — Alvaro Obregon,19.379994999719628,-99.23785360784862,118.0
11278.0,Canutillo,Alvaro Obregon,True,Canutillo — Alvaro Obregon,19.36167500025121,-99.23003292772773,1577.0
11280.0,Canutillo 3Ra Secc,Alvaro Obregon,True,Canutillo 3Ra Secc — Alvaro Obregon,19.363634999805555,-99.22407508572869,163.0
11212.0,Carlos A Madrazo,Alvaro Obregon,True,Carlos A Madrazo — Alvaro Obregon,19.37971000006661,-99.24869459827815,1324.0
11133.0,Carola,Alvaro Obregon,True,Carola — Alvaro Obregon,19.384830000104586,-99.19475000008728,5742.0
11210.0,Casa Del Agronomo,Alvaro Obregon,True,Casa Del Agronomo — Alvaro Obregon,19.382190000218486,-99.24676887742496,103.0
11268.0,Ceguaya,Alvaro Obregon,True,Ceguaya — Alvaro Obregon,19.359810000131574,-99.24229478511161,878.0
11119.0,Central Camionera Poniente,Alvaro Obregon,True,Central Camionera Poniente — Alvaro Obregon,19.395974999646683,-99.1996201123302,
11143.0,Centro Comercial Lomas De Santa Fe,Alvaro Obregon,True,Centro Comercial Lomas De Santa Fe — Alvaro Obregon,19.37008999980381,-99.25443521396224,3559.0
11320.0,Cerrada Del Potrero,Alvaro Obregon,True,Cerrada Del Potrero — Alvaro Obregon,19.34027499994147,-99.23021290893809,600.0
11077.0,Chimalistac,Alvaro Obregon,True,Chimalistac — Alvaro Obregon,19.343959999904257,-99.18626978248955,973.0
11293.0,Colinas De Tarango,Alvaro Obregon,True,Colinas De Tarango — Alvaro Obregon,19.363650000047613,-99.22097393491077,626.0
11230.0,Colinas Del Sur,Alvaro Obregon,True,Colinas Del Sur — Alvaro Obregon,19.36636000001414,-99.22778701780146,7990.0
11145.0,CompaãIa De Luz,Alvaro Obregon,True,CompaãIa De Luz — Alvaro Obregon,19.388410000171547,-99.22113419709473,155.0
11243.0,Cooperativa Gaona Armenta,Alvaro Obregon,True,Cooperativa Gaona Armenta — Alvaro Obregon,19.355659999859284,-99.25042840921978,338.0
11264.0,Cooperativa Union Olivos,Alvaro Obregon,True,Cooperativa Union Olivos — Alvaro Obregon,19.364379999987193,-99.2505056311266,641.0
11259.0,Corpus Christi,Alvaro Obregon,True,Corpus Christi — Alvaro Obregon,19.360579999667408,-99.2478544445377,5189.0
11262.0,Corpus Christi 2Do Reacomodo,Alvaro Obregon,True,Corpus Christi 2Do Reacomodo — Alvaro Obregon,19.364950000192493,-99.24643694131443,2048.0
11104.0,Cove,Alvaro Obregon,True,Cove — Alvaro Obregon,19.40056000019399,-99.19818590452282,5688.0
11123.0,Cristo Rey,Alvaro Obregon,True,Cristo Rey — Alvaro Obregon,19.388824999973934,-99.20144822602441,1086.0
11197.0,Cuernito Becerra Reacomodo,Alvaro Obregon,True,Cuernito Becerra Reacomodo — Alvaro Obregon,19.382615000032388,-99.20619130506742,2763.0
11146.0,Cuevitas,Alvaro Obregon,True,Cuevitas — Alvaro Obregon,19.38686499996993,-99.22525775983829,931.0
11285.0,Del Cedromilpa,Alvaro Obregon,True,Del Cedromilpa — Alvaro Obregon,19.353554999913484,-99.2571929175397,391.0
11189.0,Desarrollo Urbano El Piru,Alvaro Obregon,True,Desarrollo Urbano El Piru — Alvaro Obregon,19.381979999977176,-99.2196555042932,2527.0
11270.0,Dos Rios,Alvaro Obregon,True,Dos Rios — Alvaro Obregon,19.357225000083872,-99.24560769198473,916.0
11282.0,Ejido San Mateo,Alvaro Obregon,True,Ejido San Mateo — Alvaro Obregon,19.342134999830535,-99.26369790507168,182.0
11166.0,El Arbol,Alvaro Obregon,True,El Arbol — Alvaro Obregon,19.379955000123317,-99.23566075341635,345.0
11363.0,El Caballito,Alvaro Obregon,True,El Caballito — Alvaro Obregon,19.307339500068053,-99.27200278741547,
11099.0,El Capulin,Alvaro Obregon,True,El Capulin — Alvaro Obregon,19.396990000138544,-99.21055812492887,919.0
11147.0,El Cuernito,Alvaro Obregon,True,El Cuernito — Alvaro Obregon,19.38811000027647,-99.21811784456816,858.0
11191.0,El Cuernito 35,Alvaro Obregon,True,El Cuernito 35 — Alvaro Obregon,19.38247000009062,-99.20848965667585,2414.0
11260.0,El Cuervo,Alvaro Obregon,True,El Cuervo — Alvaro Obregon,19.36209499983454,-99.25019363338492,680.0
11322.0,El Encino,Alvaro Obregon,True,El Encino — Alvaro Obregon,19.34275500009332,-99.22735531257224,523.0
11323.0,El Mirador,Alvaro Obregon,True,El Mirador — Alvaro Obregon,19.344415000202275,-99.22434758721059,935.0
11114.0,El Paraiso,Alvaro Obregon,True,El Paraiso — Alvaro Obregon,19.390435000025406,-99.21233300449803,4530.0
11254.0,El Piru,Alvaro Obregon,True,El Piru — Alvaro Obregon,19.361198499861047,-99.24388915059879,1714.0
11159.0,El Piru (Santa Fe),Alvaro Obregon,True,El Piru (Santa Fe) — Alvaro Obregon,19.379755000343152,-99.24090655417528,1001.0
11153.0,El Piru 2A Ampliacion,Alvaro Obregon,True,El Piru 2A Ampliacion — Alvaro Obregon,19.379420000183046,-99.24237373778311,2427.0
11192.0,El Pocito,Alvaro Obregon,True,El Pocito — Alvaro Obregon,19.381954999723604,-99.2097839732755,1207.0
11255.0,El Politaco,Alvaro Obregon,True,El Politaco — Alvaro Obregon,19.363135000130313,-99.24495334454039,468.0
11289.0,El Rincon,Alvaro Obregon,True,El Rincon — Alvaro Obregon,19.354660000059113,-99.24559608696322,310.0
11198.0,El Rodeo,Alvaro Obregon,True,El Rodeo — Alvaro Obregon,19.38032500009885,-99.20857943196322,410.0
11314.0,El Ruedo,Alvaro Obregon,True,El Ruedo — Alvaro Obregon,19.35173000028942,-99.23952186033343,223.0
11187.0,El Tejocote,Alvaro Obregon,True,El Tejocote — Alvaro Obregon,19.38276999998567,-99.21784161906595,640.0
11081.0,Ermita Tizapan,Alvaro Obregon,True,Ermita Tizapan — Alvaro Obregon,19.33756000019403,-99.20185866297706,1744.0
11252.0,Estado De Hidalgo,Alvaro Obregon,True,Estado De Hidalgo — Alvaro Obregon,19.365149999972687,-99.24288939132498,1572.0
11168.0,Estrella,Alvaro Obregon,True,Estrella — Alvaro Obregon,19.384939999781352,-99.22879858974096,394.0
11344.0,Flor De Maria,Alvaro Obregon,True,Flor De Maria — Alvaro Obregon,19.349795000089358,-99.20607133927876,877.0
11069.0,Florida,Alvaro Obregon,True,Florida — Alvaro Obregon,19.35765999990923,-99.18118599033221,5313.0
11213.0,Fracc Paseo De Las Lomas,Alvaro Obregon,True,Fracc Paseo De Las Lomas — Alvaro Obregon,19.371419999983175,-99.26793980389616,535.0
11295.0,Fraccionamiento Ex Hda Tarango,Alvaro Obregon,True,Fraccionamiento Ex Hda Tarango — Alvaro Obregon,19.36123500019528,-99.22106621293739,730.0
11193.0,Francisco Villa,Alvaro Obregon,True,Francisco Villa — Alvaro Obregon,19.384309999956713,-99.20760619035096,3557.0
11222.0,Galeana,Alvaro Obregon,True,Galeana — Alvaro Obregon,19.370865000019904,-99.22428565206738,1312.0
11244.0,Gaona Armenta,Alvaro Obregon,True,Gaona Armenta — Alvaro Obregon,19.354910000346393,-99.25712178543496,655.0
11250.0,Garcimarrero,Alvaro Obregon,True,Garcimarrero — Alvaro Obregon,19.36505999986926,-99.23584202559256,3301.0
11251.0,Garcimarrero Norte,Alvaro Obregon,True,Garcimarrero Norte — Alvaro Obregon,19.36954000007111,-99.2371067356251,3195.0
11154.0,Gral Antonio Rosales,Alvaro Obregon,True,Gral Antonio Rosales — Alvaro Obregon,19.378224999933963,-99.24666284065435,578.0
11074.0,Guadalupe Chimalistac,Alvaro Obregon,True,Guadalupe Chimalistac — Alvaro Obregon,19.349524999779078,-99.18416813887438,700.0
11067.0,Guadalupe Inn,Alvaro Obregon,True,Guadalupe Inn — Alvaro Obregon,19.356710000166544,-99.18725919755099,3444.0
11305.0,Heron Proal,Alvaro Obregon,True,Heron Proal — Alvaro Obregon,19.358170000045618,-99.22994935195064,1969.0
11105.0,Hidalgo,Alvaro Obregon,True,Hidalgo — Alvaro Obregon,19.39905000025746,-99.20730666659318,1932.0
11231.0,Hogar Y Redencion,Alvaro Obregon,True,Hogar Y Redencion — Alvaro Obregon,19.369550000082597,-99.21542892791838,3884.0
11281.0,Hueytlale,Alvaro Obregon,True,Hueytlale — Alvaro Obregon,19.362199999730365,-99.225552620566,526.0
11144.0,Industrias Militares De Sedena,Alvaro Obregon,True,Industrias Militares De Sedena — Alvaro Obregon,19.391140000161045,-99.22783790823827,2684.0
11128.0,Isidro Fabela,Alvaro Obregon,True,Isidro Fabela — Alvaro Obregon,19.386185000087835,-99.20913206224003,2474.0
11354.0,Ixtlahuaca,Alvaro Obregon,True,Ixtlahuaca — Alvaro Obregon,19.337725000158798,-99.27091338150606,2827.0
11200.0,Jalalpa,Alvaro Obregon,True,Jalalpa — Alvaro Obregon,19.37915500010334,-99.22822327907656,4874.0
11201.0,Jalalpatepito,Alvaro Obregon,True,Jalalpatepito — Alvaro Obregon,19.37565999990923,-99.23615353009109,3378.0
11202.0,Jalapa Tepito 2A Ampliacion,Alvaro Obregon,True,Jalapa Tepito 2A Ampliacion — Alvaro Obregon,19.374664999889973,-99.23322487334039,2988.0
11371.0,Jardines Del Pedregal,Alvaro Obregon,True,Jardines Del Pedregal — Alvaro Obregon,19.320604999821057,-99.20843457210007,13746.0
11117.0,Jose Maria Pino Suarez,Alvaro Obregon,True,Jose Maria Pino Suarez — Alvaro Obregon,19.395880000212003,-99.19803741936654,1522.0
11345.0,La Angostura,Alvaro Obregon,True,La Angostura — Alvaro Obregon,19.331001500369098,-99.2326047703206,1373.0
11248.0,La AraãA,Alvaro Obregon,True,La AraãA — Alvaro Obregon,19.3625200000981,-99.23988902183888,
11240.0,La Cascada,Alvaro Obregon,True,La Cascada — Alvaro Obregon,19.370810000181535,-99.19830304195528,782.0
11178.0,La CaãAda,Alvaro Obregon,True,La CaãAda — Alvaro Obregon,19.38148999986376,-99.22838662723869,949.0
11179.0,La CaãAda 1Ra Secc,Alvaro Obregon,True,La CaãAda 1Ra Secc — Alvaro Obregon,19.381519999898217,-99.22712705871109,597.0
11177.0,La CaãAda 2Da Secc,Alvaro Obregon,True,La CaãAda 2Da Secc — Alvaro Obregon,19.382514999917476,-99.22601155815153,1223.0
11091.0,La Conchita,Alvaro Obregon,True,La Conchita — Alvaro Obregon,19.391429999594976,-99.20881802289877,2606.0
11341.0,La Herradura,Alvaro Obregon,True,La Herradura — Alvaro Obregon,19.345364999944962,-99.21077837484071,271.0
11155.0,La Huerta,Alvaro Obregon,True,La Huerta — Alvaro Obregon,19.37936499989499,-99.23984215005214,1271.0
11194.0,La Joya,Alvaro Obregon,True,La Joya — Alvaro Obregon,19.3842999999452,-99.21287828564773,2484.0
11321.0,La Joyita,Alvaro Obregon,True,La Joyita — Alvaro Obregon,19.343824999973947,-99.2312803243828,431.0
11169.0,La Loma,Alvaro Obregon,True,La Loma — Alvaro Obregon,19.368443000294405,-99.24856017653983,2644.0
11296.0,La Martinica,Alvaro Obregon,True,La Martinica — Alvaro Obregon,19.358725000008917,-99.22586762672086,1106.0
11338.0,La Martinica Ii,Alvaro Obregon,True,La Martinica Ii — Alvaro Obregon,19.35972499980906,-99.21996824994838,1966.0
11170.0,La Mexicana,Alvaro Obregon,True,La Mexicana — Alvaro Obregon,19.381265000279683,-99.23193265437277,4188.0
11171.0,La Mexicana 2A Ampliacion,Alvaro Obregon,True,La Mexicana 2A Ampliacion — Alvaro Obregon,19.379199999930222,-99.23208893677878,316.0
11307.0,La Milagrosa,Alvaro Obregon,True,La Milagrosa — Alvaro Obregon,19.351359999864258,-99.2378556248357,749.0
11085.0,La Otra Banda,Alvaro Obregon,True,La Otra Banda — Alvaro Obregon,19.3350099999617,-99.20035396073159,1317.0
11172.0,La Palmita,Alvaro Obregon,True,La Palmita — Alvaro Obregon,19.38413000019952,-99.22604945959449,1037.0
11276.0,La Pera Infonavit,Alvaro Obregon,True,La Pera Infonavit — Alvaro Obregon,19.359479999752352,-99.22822157605708,1052.0
11333.0,La PeãIta,Alvaro Obregon,True,La PeãIta — Alvaro Obregon,19.343344999872016,-99.22905321444892,1838.0
11180.0,La Presa,Alvaro Obregon,True,La Presa — Alvaro Obregon,19.382035000265205,-99.21207505699775,953.0
11181.0,La Presa Secc Hornos,Alvaro Obregon,True,La Presa Secc Hornos — Alvaro Obregon,19.38174000015104,-99.21507716670939,1736.0
11161.0,Ladera Grande Cebadilla,Alvaro Obregon,True,Ladera Grande Cebadilla — Alvaro Obregon,19.38112500011883,-99.2372184018451,719.0
11326.0,Las Aguilas,Alvaro Obregon,True,Las Aguilas — Alvaro Obregon,19.360709999816777,-99.20275056119036,3424.0
11335.0,Las Aguilas 1Ra Seccion,Alvaro Obregon,True,Las Aguilas 1Ra Seccion — Alvaro Obregon,19.35658499979806,-99.21562016988291,3524.0
11336.0,Las Aguilas Ampliacion 2O. Parque,Alvaro Obregon,True,Las Aguilas Ampliacion 2O. Parque — Alvaro Obregon,19.358014999642705,-99.21988053209088,728.0
11106.0,Las Americas,Alvaro Obregon,True,Las Americas — Alvaro Obregon,19.40050499990599,-99.20504122365675,39.0
11182.0,Las Golondrinas,Alvaro Obregon,True,Las Golondrinas — Alvaro Obregon,19.380290000283452,-99.21150395141431,1897.0
11183.0,Las Golondrinas 1Ra Secc,Alvaro Obregon,True,Las Golondrinas 1Ra Secc — Alvaro Obregon,19.3768799999622,-99.21637779156059,4297.0
11184.0,Las Golondrinas 2Da Secc,Alvaro Obregon,True,Las Golondrinas 2Da Secc — Alvaro Obregon,19.374765000004913,-99.22120699194903,3559.0
11100.0,Las Palmas,Alvaro Obregon,True,Las Palmas — Alvaro Obregon,19.399400000209994,-99.21138996926871,1521.0
11173.0,Liberacion Proletaria,Alvaro Obregon,True,Liberacion Proletaria — Alvaro Obregon,19.381555000163303,-99.22974166679955,1193.0
11101.0,Liberales De 1857,Alvaro Obregon,True,Liberales De 1857 — Alvaro Obregon,19.394200000080104,-99.21305876512906,5751.0
11265.0,Llano Redondo,Alvaro Obregon,True,Llano Redondo — Alvaro Obregon,19.356125000168788,-99.24448262194326,3291.0
11342.0,Loma Bonita,Alvaro Obregon,True,Loma Bonita — Alvaro Obregon,19.354075000061385,-99.21075041759723,102.0
11358.0,Lomas De Axomiatla,Alvaro Obregon,True,Lomas De Axomiatla — Alvaro Obregon,19.342465000209756,-99.2516290519354,1046.0
11190.0,Lomas De Becerra Granada,Alvaro Obregon,True,Lomas De Becerra Granada — Alvaro Obregon,19.384539999771334,-99.21658337168392,9127.0
11185.0,Lomas De Capula,Alvaro Obregon,True,Lomas De Capula — Alvaro Obregon,19.37963500020524,-99.21609003224759,6683.0
11365.0,Lomas De Chamontoya,Alvaro Obregon,True,Lomas De Chamontoya — Alvaro Obregon,19.3185799999672,-99.26816492135367,4540.0
11327.0,Lomas De Guadalupe,Alvaro Obregon,True,Lomas De Guadalupe — Alvaro Obregon,19.34264499996695,-99.24370379312799,1187.0
11368.0,Lomas De La Hera,Alvaro Obregon,True,Lomas De La Hera — Alvaro Obregon,19.321945000011908,-99.26164787510484,14206.0
11331.0,Lomas De Las Aguilas,Alvaro Obregon,True,Lomas De Las Aguilas — Alvaro Obregon,19.346139999711397,-99.23743223405225,2627.0
11350.0,Lomas De Los Angeles Tetelpan,Alvaro Obregon,True,Lomas De Los Angeles Tetelpan — Alvaro Obregon,19.34453999967141,-99.21344086950683,5874.0
11370.0,Lomas De Los Cedros,Alvaro Obregon,True,Lomas De Los Cedros — Alvaro Obregon,19.32527500024122,-99.25755213243262,4365.0
11162.0,Lomas De Nuevo Mexico,Alvaro Obregon,True,Lomas De Nuevo Mexico — Alvaro Obregon,19.382475000321165,-99.23432806392051,2106.0
11239.0,Lomas De Plateros,Alvaro Obregon,True,Lomas De Plateros — Alvaro Obregon,19.368189999868775,-99.19858972166652,16870.0
11304.0,Lomas De Puerta Grande,Alvaro Obregon,True,Lomas De Puerta Grande — Alvaro Obregon,19.35725999989924,-99.23383239461958,765.0
11352.0,Lomas De San Angel Inn,Alvaro Obregon,True,Lomas De San Angel Inn — Alvaro Obregon,19.344774999716634,-99.20634276796031,1921.0
11140.0,Lomas De Santa Fe,Alvaro Obregon,True,Lomas De Santa Fe — Alvaro Obregon,19.386244999707145,-99.23995073255624,620.0
11089.0,Lomas De Santo Domingo,Alvaro Obregon,True,Lomas De Santo Domingo — Alvaro Obregon,19.394694999974433,-99.20163437527644,1295.0
11297.0,Lomas De Tarango,Alvaro Obregon,True,Lomas De Tarango — Alvaro Obregon,19.363545000151788,-99.21519083329981,6949.0
11288.0,Lomas De Tarango Reacomodo,Alvaro Obregon,True,Lomas De Tarango Reacomodo — Alvaro Obregon,19.35027500019126,-99.25128741141202,548.0
11369.0,Lomas Del Capulin,Alvaro Obregon,True,Lomas Del Capulin — Alvaro Obregon,19.30698449988492,-99.2732108508238,1249.0
11086.0,Loreto,Alvaro Obregon,True,Loreto — Alvaro Obregon,19.34041999988324,-99.19426689919233,372.0
11082.0,Loreto Y Campamento,Alvaro Obregon,True,Loreto Y Campamento — Alvaro Obregon,19.33705499983853,-99.19418697181027,900.0
11066.0,Los Alpes,Alvaro Obregon,True,Los Alpes — Alvaro Obregon,19.36009000000368,-99.19347197902403,3200.0
11249.0,Los Cedros,Alvaro Obregon,True,Los Cedros — Alvaro Obregon,19.36591999995821,-99.24046393012611,1795.0
11156.0,Los Gamitos,Alvaro Obregon,True,Los Gamitos — Alvaro Obregon,19.379300000045134,-99.23864922557658,852.0
11299.0,Los Juristas,Alvaro Obregon,True,Los Juristas — Alvaro Obregon,19.3557050001358,-99.23434099284418,1510.0
11163.0,Margarita Maza De Juarez,Alvaro Obregon,True,Margarita Maza De Juarez — Alvaro Obregon,19.381519999898245,-99.23952799992108,561.0
11124.0,Maria G De Garcia Ruiz,Alvaro Obregon,True,Maria G De Garcia Ruiz — Alvaro Obregon,19.38785999998916,-99.21215922147243,3075.0
11148.0,Martires De Tacubaya,Alvaro Obregon,True,Martires De Tacubaya — Alvaro Obregon,19.38701999992324,-99.21365913041919,299.0
11291.0,Merced Gomez,Alvaro Obregon,True,Merced Gomez — Alvaro Obregon,19.36483000005464,-99.19916438767638,5595.0
11351.0,Miguel Hidalgo,Alvaro Obregon,True,Miguel Hidalgo — Alvaro Obregon,19.33631499988749,-99.21617250021056,745.0
11298.0,Mina Los Coyotes,Alvaro Obregon,True,Mina Los Coyotes — Alvaro Obregon,19.36067999978232,-99.22407927426732,1707.0
11227.0,Minas De Cristo,Alvaro Obregon,True,Minas De Cristo — Alvaro Obregon,19.37927500024125,-99.20143056969641,4003.0
11286.0,Misiones De Tarango,Alvaro Obregon,True,Misiones De Tarango — Alvaro Obregon,19.352105500068944,-99.24910201473766,1167.0
11232.0,Mixcoac,Alvaro Obregon,True,Mixcoac — Alvaro Obregon,19.36715000002266,-99.21868669423003,1193.0
11238.0,Molino De Rosas,Alvaro Obregon,True,Molino De Rosas — Alvaro Obregon,19.371560000144058,-99.20090615608328,7354.0
11115.0,Molino De Santo Domingo,Alvaro Obregon,True,Molino De Santo Domingo — Alvaro Obregon,19.39407999994222,-99.20746187484167,5130.0
11315.0,Ocotillos,Alvaro Obregon,True,Ocotillos — Alvaro Obregon,19.342600000140067,-99.23825858230511,
11347.0,Olivar De Los Padres,Alvaro Obregon,True,Olivar De Los Padres — Alvaro Obregon,19.337139999711383,-99.22071403279463,8046.0
11220.0,Olivar Del Conde 1Ra Secc,Alvaro Obregon,True,Olivar Del Conde 1Ra Secc — Alvaro Obregon,19.375074999911504,-99.20699507480983,13329.0
11223.0,Olivar Del Conde 2Da Secc,Alvaro Obregon,True,Olivar Del Conde 2Da Secc — Alvaro Obregon,19.372935000150306,-99.21629873805634,11160.0
11224.0,Olivar Del Conde 3Ra Secc,Alvaro Obregon,True,Olivar Del Conde 3Ra Secc — Alvaro Obregon,19.371570000155543,-99.22140353655621,4215.0
11226.0,Palmas,Alvaro Obregon,True,Palmas — Alvaro Obregon,19.37575500024323,-99.21340818414933,2324.0
11308.0,Palmas Axotitla,Alvaro Obregon,True,Palmas Axotitla — Alvaro Obregon,19.355090000103587,-99.23745594820245,1206.0
11138.0,Panteon Santa Fe,Alvaro Obregon,True,Panteon Santa Fe — Alvaro Obregon,19.384860000139042,-99.23367540757657,371.0
11364.0,Paraje Del Caballito,Alvaro Obregon,True,Paraje Del Caballito — Alvaro Obregon,19.314905000015926,-99.2712196183429,4893.0
11340.0,Parque Las Aguilas,Alvaro Obregon,True,Parque Las Aguilas — Alvaro Obregon,19.350805000350647,-99.21285461374462,275.0
11283.0,Parque Tarango,Alvaro Obregon,True,Parque Tarango — Alvaro Obregon,19.347909999946722,-99.24528037058238,765.0
11221.0,Pez,Alvaro Obregon,True,Pez — Alvaro Obregon,19.37124000022601,-99.20943207729555,3065.0
11324.0,Pilares Aguilas,Alvaro Obregon,True,Pilares Aguilas — Alvaro Obregon,19.355775000216255,-99.20311243549298,2103.0
11207.0,Piloto Adolfo Lopez Mateos,Alvaro Obregon,True,Piloto Adolfo Lopez Mateos — Alvaro Obregon,19.371994999969445,-99.23274368430287,4800.0
11256.0,Piru Xocomecatla,Alvaro Obregon,True,Piru Xocomecatla — Alvaro Obregon,19.36337499995645,-99.2463938802413,70.0
11090.0,Polvora,Alvaro Obregon,True,Polvora — Alvaro Obregon,19.39281500006237,-99.20590988347652,2063.0
11306.0,Ponciano Arriaga,Alvaro Obregon,True,Ponciano Arriaga — Alvaro Obregon,19.358624999894005,-99.228378472462,1231.0
11219.0,Preconcreto,Alvaro Obregon,True,Preconcreto — Alvaro Obregon,19.373730000389372,-99.2117074640434,1088.0
11199.0,Presidentes,Alvaro Obregon,True,Presidentes — Alvaro Obregon,19.377659999959207,-99.22181649792446,5264.0
11125.0,Primera Victoria Reacomodo,Alvaro Obregon,True,Primera Victoria Reacomodo — Alvaro Obregon,19.386910000246473,-99.20193118437075,2197.0
11290.0,Priv Del Rincon,Alvaro Obregon,True,Priv Del Rincon — Alvaro Obregon,19.355070000080616,-99.2473621755573,
11279.0,Privada Centenario,Alvaro Obregon,True,Privada Centenario — Alvaro Obregon,19.362614999982412,-99.22779487049925,3025.0
11080.0,Progreso,Alvaro Obregon,True,Progreso — Alvaro Obregon,19.33976000002417,-99.2039823912213,8216.0
11078.0,Progreso Tizapan,Alvaro Obregon,True,Progreso Tizapan — Alvaro Obregon,19.335024999754097,-99.20494003861624,1529.0
11135.0,Prolongacion A Martinez,Alvaro Obregon,True,Prolongacion A Martinez — Alvaro Obregon,19.38680499990099,-99.21999187524347,645.0
11160.0,Pueblo Nuevo,Alvaro Obregon,True,Pueblo Nuevo — Alvaro Obregon,19.38112999989974,-99.23830420886537,295.0
11329.0,Puente Colorado,Alvaro Obregon,True,Puente Colorado — Alvaro Obregon,19.348729999989672,-99.23079871523545,1714.0
11300.0,Puerta Grande,Alvaro Obregon,True,Puerta Grande — Alvaro Obregon,19.356765000004913,-99.23031627489478,2012.0
11301.0,Puerta Grande Ampliacion,Alvaro Obregon,True,Puerta Grande Ampliacion — Alvaro Obregon,19.354575000186287,-99.23462950019463,2158.0
11266.0,Punta De Ceguayo,Alvaro Obregon,True,Punta De Ceguayo — Alvaro Obregon,19.360687500128194,-99.24069124070681,2027.0
11356.0,Rancho San Francisco,Alvaro Obregon,True,Rancho San Francisco — Alvaro Obregon,19.331119999988175,-99.26976089773353,16884.0
11257.0,Reacomodo Corpus Christi,Alvaro Obregon,True,Reacomodo Corpus Christi — Alvaro Obregon,19.35704499987702,-99.24850772714453,708.0
11215.0,Reacomodo Jalalpa El Grande,Alvaro Obregon,True,Reacomodo Jalalpa El Grande — Alvaro Obregon,19.371490000063602,-99.24077970556921,8446.0
11087.0,Reacomodo Lomas De Santo Domingo,Alvaro Obregon,True,Reacomodo Lomas De Santo Domingo — Alvaro Obregon,19.393874999931484,-99.20162487524328,569.0
11302.0,Reacomodo Lomas Puerta Grande,Alvaro Obregon,True,Reacomodo Lomas Puerta Grande — Alvaro Obregon,19.355500000125062,-99.23174967207235,1683.0
11116.0,Reacomodo Pino Suarez,Alvaro Obregon,True,Reacomodo Pino Suarez — Alvaro Obregon,19.395919999808314,-99.20433742306994,833.0
11149.0,Real Del Bosque,Alvaro Obregon,True,Real Del Bosque — Alvaro Obregon,19.38774249996655,-99.22395602408889,533.0
11112.0,Real Del Monte,Alvaro Obregon,True,Real Del Monte — Alvaro Obregon,19.39595500007337,-99.20194522466622,1116.0
11083.0,Res Antigua San Jacinto,Alvaro Obregon,True,Res Antigua San Jacinto — Alvaro Obregon,19.3407499998128,-99.19261582376188,591.0
11141.0,Res Parque Santa Fe,Alvaro Obregon,True,Res Parque Santa Fe — Alvaro Obregon,19.36657500003639,-99.26309182096311,308.0
11287.0,Residencial Tarango,Alvaro Obregon,True,Residencial Tarango — Alvaro Obregon,19.350494999994424,-99.24775056437142,925.0
11107.0,Revolucion,Alvaro Obregon,True,Revolucion — Alvaro Obregon,19.397609999951698,-99.20706650009276,
11362.0,Rincon De La Bolsa,Alvaro Obregon,True,Rincon De La Bolsa — Alvaro Obregon,19.33428500025272,-99.25230863671405,1965.0
11228.0,Sacramento,Alvaro Obregon,True,Sacramento — Alvaro Obregon,19.380805000200752,-99.19729910690461,1294.0
11316.0,San Agustin,Alvaro Obregon,True,San Agustin — Alvaro Obregon,19.345079999842284,-99.22295684202318,
11065.0,San Angel,Alvaro Obregon,True,San Angel — Alvaro Obregon,19.346914999927463,-99.19282946910045,3025.0
11076.0,San Angel Inn,Alvaro Obregon,True,San Angel Inn — Alvaro Obregon,19.35027499974163,-99.19763883954292,884.0
11355.0,San Bartolo Ameyalco,Alvaro Obregon,True,San Bartolo Ameyalco — Alvaro Obregon,19.335689999843794,-99.26779910713478,2529.0
11334.0,San Clemente Norte,Alvaro Obregon,True,San Clemente Norte — Alvaro Obregon,19.350589999878764,-99.2259417123659,3825.0
11332.0,San Clemente Sur,Alvaro Obregon,True,San Clemente Sur — Alvaro Obregon,19.347609999601985,-99.22554749995095,3917.0
11211.0,San Gabriel,Alvaro Obregon,True,San Gabriel — Alvaro Obregon,19.384999999850265,-99.2439816489808,174.0
11346.0,San Jose Del Olivar,Alvaro Obregon,True,San Jose Del Olivar — Alvaro Obregon,19.337524999928974,-99.22759284184585,949.0
11353.0,San Mateo Tlaltenango,Alvaro Obregon,True,San Mateo Tlaltenango — Alvaro Obregon,19.333745000081848,-99.28206220778421,2480.0
11131.0,San Pedro De Los Pinos,Alvaro Obregon,True,San Pedro De Los Pinos — Alvaro Obregon,19.387410000371375,-99.19002626977417,46.0
11139.0,Santa Fe,Alvaro Obregon,True,Santa Fe — Alvaro Obregon,19.38275499974361,-99.24047576659609,5039.0
11136.0,Santa Fe Infonavit,Alvaro Obregon,True,Santa Fe Infonavit — Alvaro Obregon,19.38548499973311,-99.22469794826841,980.0
11242.0,Santa Lucia,Alvaro Obregon,True,Santa Lucia — Alvaro Obregon,19.357970000265453,-99.25219551009974,7224.0
11229.0,Santa Maria Nonoalco,Alvaro Obregon,True,Santa Maria Nonoalco — Alvaro Obregon,19.381240000026168,-99.19293462701472,3981.0
11359.0,Santa Rosa Xochiac,Alvaro Obregon,True,Santa Rosa Xochiac — Alvaro Obregon,19.322039999896248,-99.28723000002682,8223.0
11120.0,Sede Delegacional,Alvaro Obregon,True,Sede Delegacional — Alvaro Obregon,19.390025000003902,-99.19837336858477,1682.0
11317.0,Segunda Del Moral,Alvaro Obregon,True,Segunda Del Moral — Alvaro Obregon,19.340439999906238,-99.22674185205528,1342.0
11292.0,Sociedad Cooperativa Poder Popular,Alvaro Obregon,True,Sociedad Cooperativa Poder Popular — Alvaro Obregon,19.365820000292956,-99.20309291216809,702.0
11318.0,Tecalcapa,Alvaro Obregon,True,Tecalcapa — Alvaro Obregon,19.344925000338662,-99.2264932698358,646.0
11164.0,Tecolalco,Alvaro Obregon,True,Tecolalco — Alvaro Obregon,19.37925500021825,-99.23711718094832,1750.0
11203.0,Tempranillo,Alvaro Obregon,True,Tempranillo — Alvaro Obregon,19.380789999958694,-99.22961404801954,
11275.0,Tepeaca,Alvaro Obregon,True,Tepeaca — Alvaro Obregon,19.35861499988249,-99.23744348488125,3124.0
11261.0,Tepopotla,Alvaro Obregon,True,Tepopotla — Alvaro Obregon,19.3625349998905,-99.2519008000064,677.0
11319.0,Tetelpan,Alvaro Obregon,True,Tetelpan — Alvaro Obregon,19.338754999993427,-99.23553151533727,7664.0
11246.0,Tetlalpan,Alvaro Obregon,True,Tetlalpan — Alvaro Obregon,19.354794999989423,-99.25892166065941,963.0
11348.0,Tizampampano,Alvaro Obregon,True,Tizampampano — Alvaro Obregon,19.33996499958522,-99.22349481105434,2019.0
11084.0,Tizapan,Alvaro Obregon,True,Tizapan — Alvaro Obregon,19.339765000254715,-99.19732173903222,2592.0
11072.0,Tlacopac,Alvaro Obregon,True,Tlacopac — Alvaro Obregon,19.353630000224513,-99.19727724489805,1516.0
11367.0,Tlacoyaque,Alvaro Obregon,True,Tlacoyaque — Alvaro Obregon,19.32519500014928,-99.26678196169313,3430.0
11309.0,Tlacuitlapa,Alvaro Obregon,True,Tlacuitlapa — Alvaro Obregon,19.353015000192272,-99.24312672335247,2364.0
11310.0,Tlacuitlapa 1Er Reacomodo,Alvaro Obregon,True,Tlacuitlapa 1Er Reacomodo — Alvaro Obregon,19.352660000009166,-99.23563347436674,3323.0
11311.0,Tlacuitlapa 2Do Reacomodo,Alvaro Obregon,True,Tlacuitlapa 2Do Reacomodo — Alvaro Obregon,19.35079799957819,-99.24439839841077,444.0
11312.0,Tlacuitlapa Ampliacion 2Do Reacomodo,Alvaro Obregon,True,Tlacuitlapa Ampliacion 2Do Reacomodo — Alvaro Obregon,19.35377500016631,-99.23521321412869,1608.0
11157.0,Tlapechico,Alvaro Obregon,True,Tlapechico — Alvaro Obregon,19.378535000290213,-99.2443982867001,2696.0
11218.0,Tlayacapa,Alvaro Obregon,True,Tlayacapa — Alvaro Obregon,19.359110000226508,-99.25777111736946,723.0
11121.0,Tolteca,Alvaro Obregon,True,Tolteca — Alvaro Obregon,19.391144999941957,-99.19527110727881,773.0
11241.0,Torres De Mixcoac,Alvaro Obregon,True,Torres De Mixcoac — Alvaro Obregon,19.37028499980306,-99.19377611911911,2378.0
11361.0,Torres De Potrero,Alvaro Obregon,True,Torres De Potrero — Alvaro Obregon,19.3312300001146,-99.24852262500147,12470.0
11108.0,U Sears Roebuck,Alvaro Obregon,True,U Sears Roebuck — Alvaro Obregon,19.40212750008422,-99.19354503319641,355.0
11233.0,U. CaãAda Del Olivar,Alvaro Obregon,True,U. CaãAda Del Olivar — Alvaro Obregon,19.369949999642927,-99.20998825198544,876.0
11216.0,Unidad Hab Antonio Carrillo Flores,Alvaro Obregon,True,Unidad Hab Antonio Carrillo Flores — Alvaro Obregon,19.36286000003912,-99.25061080357325,1020.0
11137.0,Unidad Hab Belen,Alvaro Obregon,True,Unidad Hab Belen — Alvaro Obregon,19.384985000057895,-99.22247249980586,4161.0
11195.0,Unidad Hab Lomas De Becerra,Alvaro Obregon,True,Unidad Hab Lomas De Becerra — Alvaro Obregon,19.38467999993219,-99.20087250004246,1926.0
11088.0,Unidad Hab Lomas De Sto Domingo,Alvaro Obregon,True,Unidad Hab Lomas De Sto Domingo — Alvaro Obregon,19.391834999835538,-99.20288486418377,314.0
11113.0,Unidad Hab Molino Santo Domingo,Alvaro Obregon,True,Unidad Hab Molino Santo Domingo — Alvaro Obregon,19.39348000015204,-99.20358096171313,1673.0
11111.0,Unidad Hab Popular Tepeaca,Alvaro Obregon,True,Unidad Hab Popular Tepeaca — Alvaro Obregon,19.359364999845013,-99.23899031274979,2395.0
11130.0,Unidad Hab Santa Fe Imss,Alvaro Obregon,True,Unidad Hab Santa Fe Imss — Alvaro Obregon,19.3890099999617,-99.2065111760171,6352.0
11273.0,Valentin Gomez Farias,Alvaro Obregon,True,Valentin Gomez Farias — Alvaro Obregon,19.359464999959954,-99.23344499993665,1802.0
11126.0,Victoria 1Ra Secc Bosques,Alvaro Obregon,True,Victoria 1Ra Secc Bosques — Alvaro Obregon,19.385960000054126,-99.19860027570368,3481.0
11269.0,Villa Progresista,Alvaro Obregon,True,Villa Progresista — Alvaro Obregon,19.355270000310412,-99.24235919744751,1545.0
11357.0,Villa Verdum,Alvaro Obregon,True,Villa Verdum — Alvaro Obregon,19.339280000371872,-99.25770280229784,3244.0
11142.0,Zedec Santa Fe,Alvaro Obregon,True,Zedec Santa Fe — Alvaro Obregon,19.37734000004113,-99.25632933237011,38.0
11150.0,Zenon Delgado,Alvaro Obregon,True,Zenon Delgado — Alvaro Obregon,19.391120000138045,-99.21587654728928,2905.0
11482.0,Aguilera,Azcapotzalco,False,Aguilera — Azcapotzalco,19.47274499973213,-99.15599292016864,2014.0
11483.0,Aldana,Azcapotzalco,False,Aldana — Azcapotzalco,19.47081500021224,-99.14950404417195,3999.0
11484.0,Ampl Cosmopolita,Azcapotzalco,False,Ampl Cosmopolita — Azcapotzalco,19.471740000151044,-99.16143669366893,1211.0
11489.0,Ampl Del Gas,Azcapotzalco,False,Ampl Del Gas — Azcapotzalco,19.466324999998903,-99.15692062731944,972.0
11440.0,Ampl Petrolera,Azcapotzalco,False,Ampl Petrolera — Azcapotzalco,19.483415000302188,-99.19530834292371,1491.0
11449.0,Ampl Pro Hogar,Azcapotzalco,False,Ampl Pro Hogar — Azcapotzalco,19.47563500035517,-99.15035084079386,6232.0
11461.0,Ampl San Pedro Xalpa,Azcapotzalco,False,Ampl San Pedro Xalpa — Azcapotzalco,19.47892500008885,-99.21717744061291,16782.0
11391.0,Angel Zimbron,Azcapotzalco,False,Angel Zimbron — Azcapotzalco,19.46997499969666,-99.18891707828863,4575.0
11432.0,Azcapotzalco 2000,Azcapotzalco,False,Azcapotzalco 2000 — Azcapotzalco,19.49659500015929,-99.20562810589206,846.0
11445.0,Barrio Jaguey,Azcapotzalco,False,Barrio Jaguey — Azcapotzalco,19.485705000235725,-99.17244815780127,925.0
11374.0,Barrio Los Reyes,Azcapotzalco,False,Barrio Los Reyes — Azcapotzalco,19.48554499960221,-99.18334475025833,3434.0
11385.0,Barrio Nextengo,Azcapotzalco,False,Barrio Nextengo — Azcapotzalco,19.47514000001115,-99.18817453103694,2388.0
11417.0,Barrio San Andres,Azcapotzalco,False,Barrio San Andres — Azcapotzalco,19.49237000002566,-99.18003600288455,7069.0
11378.0,Barrio San Sebastian,Azcapotzalco,False,Barrio San Sebastian — Azcapotzalco,19.482029999834793,-99.17710768241017,2205.0
11413.0,Barrio San Simon,Azcapotzalco,False,Barrio San Simon — Azcapotzalco,19.482970000015627,-99.18714284153228,988.0
11472.0,Barrio Santa Apolonia,Azcapotzalco,False,Barrio Santa Apolonia — Azcapotzalco,19.47446500035963,-99.19196340727656,4375.0
11376.0,Barrio Santo Tomas,Azcapotzalco,False,Barrio Santo Tomas — Azcapotzalco,19.48676500010484,-99.17778850012905,3238.0
11383.0,Benito Juarez,Azcapotzalco,False,Benito Juarez — Azcapotzalco,19.47481000008159,-99.17634673722574,1354.0
11465.0,Campo Encantado,Azcapotzalco,False,Campo Encantado — Azcapotzalco,19.481090000103592,-99.19921811098001,672.0
11388.0,Claveria,Azcapotzalco,False,Claveria — Azcapotzalco,19.465280000371905,-99.1821101852469,8786.0
11451.0,Coltongo,Azcapotzalco,False,Coltongo — Azcapotzalco,19.482915000177258,-99.15312765813133,2905.0
11455.0,Cosmopolita,Azcapotzalco,False,Cosmopolita — Azcapotzalco,19.4748499996779,-99.16316910348397,3050.0
11401.0,Culturas Universales,Azcapotzalco,False,Culturas Universales — Azcapotzalco,19.50507000023049,-99.19185821066307,327.0
11487.0,Del Gas,Azcapotzalco,False,Del Gas — Azcapotzalco,19.47045000001765,-99.1565644999195,4483.0
11379.0,Del Maestro,Azcapotzalco,False,Del Maestro — Azcapotzalco,19.48257499978658,-99.1822295081483,886.0
11490.0,El Arenal,Azcapotzalco,False,El Arenal — Azcapotzalco,19.46591999975834,-99.15139796779559,5629.0
11486.0,El Porvenir,Azcapotzalco,False,El Porvenir — Azcapotzalco,19.471304999876025,-99.14631399500075,2578.0
11386.0,El Recreo,Azcapotzalco,False,El Recreo — Azcapotzalco,19.473094999684662,-99.18468200501093,7270.0
11395.0,El Rosario Crco Viii,Azcapotzalco,False,El Rosario Crco Viii — Azcapotzalco,19.51143999990623,-99.20077102741263,163.0
11392.0,El Rosario Croc Vi Oyameles,Azcapotzalco,False,El Rosario Croc Vi Oyameles — Azcapotzalco,19.507995000219267,-99.19996201846403,303.0
11446.0,Estacion Pantaco,Azcapotzalco,False,Estacion Pantaco — Azcapotzalco,19.48831499963768,-99.16964855027457,2163.0
11454.0,Euzkadi,Azcapotzalco,False,Euzkadi — Azcapotzalco,19.47781999994322,-99.1615404960952,4407.0
11421.0,Ferreria,Azcapotzalco,False,Ferreria — Azcapotzalco,19.505244999757082,-99.1757097032534,1619.0
11433.0,Hacienda Del Rosario,Azcapotzalco,False,Hacienda Del Rosario — Azcapotzalco,19.49835499993347,-99.20992209440001,2275.0
11393.0,Hipodromo Textil,Azcapotzalco,False,Hipodromo Textil — Azcapotzalco,19.510874000335036,-99.19591506319223,957.0
11475.0,Hogar Y Seguridad,Azcapotzalco,False,Hogar Y Seguridad — Azcapotzalco,19.46978000014704,-99.1680948173088,1498.0
11448.0,Hogares Ferrocarrileros,Azcapotzalco,False,Hogares Ferrocarrileros — Azcapotzalco,19.473634999855506,-99.16545994122002,1514.0
11423.0,Huautla De Las Salinas,Azcapotzalco,False,Huautla De Las Salinas — Azcapotzalco,19.488844999797067,-99.15913374995995,166.0
11476.0,Ignacio Allende,Azcapotzalco,False,Ignacio Allende — Azcapotzalco,19.46741000012156,-99.16189746257764,3336.0
11468.0,Industrial San Antonio,Azcapotzalco,False,Industrial San Antonio — Azcapotzalco,19.479415000202266,-99.19667170106867,
11420.0,Industrial Vallejo,Azcapotzalco,False,Industrial Vallejo — Azcapotzalco,19.4970599995695,-99.16294700947671,444.0
11394.0,Infonavit El Rosario,Azcapotzalco,False,Infonavit El Rosario — Azcapotzalco,19.507555000163308,-99.20537456836263,25372.0
11460.0,Isssfam Sedena Las Armas,Azcapotzalco,False,Isssfam Sedena Las Armas — Azcapotzalco,19.485230000364396,-99.21538557993114,2118.0
11447.0,Jardin Azpeitia,Azcapotzalco,False,Jardin Azpeitia — Azcapotzalco,19.47200000000015,-99.17475381938786,1516.0
11425.0,Jardines De Caylan,Azcapotzalco,False,Jardines De Caylan — Azcapotzalco,19.482889999923714,-99.16457980387824,537.0
11439.0,La Preciosa,Azcapotzalco,False,La Preciosa — Azcapotzalco,19.486870000000664,-99.19390800009734,3655.0
11435.0,La Providencia,Azcapotzalco,False,La Providencia — Azcapotzalco,19.492920000207988,-99.2111398270087,7197.0
11492.0,La Raza,Azcapotzalco,False,La Raza — Azcapotzalco,19.465675000151293,-99.14554364609678,1733.0
11426.0,Las Salinas,Azcapotzalco,False,Las Salinas — Azcapotzalco,19.4876449997671,-99.16426643797463,872.0
11436.0,Las Trancas,Azcapotzalco,False,Las Trancas — Azcapotzalco,19.49120000003012,-99.19744540449986,747.0
11485.0,Liberacion,Azcapotzalco,False,Liberacion — Azcapotzalco,19.470900000085095,-99.15245668000533,2450.0
11380.0,Libertad,Azcapotzalco,False,Libertad — Azcapotzalco,19.4786199999632,-99.17728179672918,2608.0
11389.0,Loteria Nacional,Azcapotzalco,False,Loteria Nacional — Azcapotzalco,19.471250000037628,-99.18048021358732,2551.0
11397.0,Manuel Rivera Anaya Croc I,Azcapotzalco,False,Manuel Rivera Anaya Croc I — Azcapotzalco,19.510354999783573,-99.19337761495754,1961.0
11452.0,Monte Alto,Azcapotzalco,False,Monte Alto — Azcapotzalco,19.479984999957964,-99.15634024523428,1119.0
11406.0,Nueva Ampl El Rosario,Azcapotzalco,False,Nueva Ampl El Rosario — Azcapotzalco,19.501542499886625,-99.18694823868829,4374.0
11463.0,Nueva Ampl Petrolera Secc 35,Azcapotzalco,False,Nueva Ampl Petrolera Secc 35 — Azcapotzalco,19.48049000031341,-99.20225394546915,2584.0
11407.0,Nueva El Rosario,Azcapotzalco,False,Nueva El Rosario — Azcapotzalco,19.500504999706123,-99.18915751307243,208.0
11408.0,Nueva EspaãA,Azcapotzalco,False,Nueva EspaãA — Azcapotzalco,19.497799999970198,-99.18703442305224,3307.0
11473.0,Nueva Santa Maria,Azcapotzalco,False,Nueva Santa Maria — Azcapotzalco,19.463285000102815,-99.16845408092044,10732.0
11375.0,Nuevo San Rafael,Azcapotzalco,False,Nuevo San Rafael — Azcapotzalco,19.489000000200008,-99.18758163446259,3227.0
11478.0,Obrero Popular,Azcapotzalco,False,Obrero Popular — Azcapotzalco,19.464489999913752,-99.17500901979002,4840.0
11411.0,Pasteros,Azcapotzalco,False,Pasteros — Azcapotzalco,19.4944949999944,-99.19563305840461,8846.0
11491.0,Patrimonio Familiar,Azcapotzalco,False,Patrimonio Familiar — Azcapotzalco,19.467879999762346,-99.15043874965995,1153.0
11430.0,Pemex Prados Del Rosario,Azcapotzalco,False,Pemex Prados Del Rosario — Azcapotzalco,19.503725000258726,-99.20673601992982,2684.0
11441.0,Petrolera,Azcapotzalco,False,Petrolera — Azcapotzalco,19.485474999971416,-99.19975922184298,3068.0
11471.0,Plenitud,Azcapotzalco,False,Plenitud — Azcapotzalco,19.473429999844797,-99.19733181097249,3476.0
11456.0,Potrero Del Llano,Azcapotzalco,False,Potrero Del Llano — Azcapotzalco,19.474874999931473,-99.16040781342788,1323.0
11429.0,Prados Del Rosario,Azcapotzalco,False,Prados Del Rosario — Azcapotzalco,19.505044999976946,-99.2101406423948,2617.0
11434.0,Presidente Madero,Azcapotzalco,False,Presidente Madero — Azcapotzalco,19.496244999757096,-99.20151851825403,4901.0
11450.0,Pro Hogar,Azcapotzalco,False,Pro Hogar — Azcapotzalco,19.47647499997143,-99.15614733347783,6175.0
11415.0,Reynosa Tamaulipas,Azcapotzalco,False,Reynosa Tamaulipas — Azcapotzalco,19.493435000125316,-99.18771975801464,6119.0
11428.0,Rosendo Salazar,Azcapotzalco,False,Rosendo Salazar — Azcapotzalco,19.4869999997004,-99.20617307137144,345.0
11390.0,San Alvaro,Azcapotzalco,False,San Alvaro — Azcapotzalco,19.461144999891985,-99.18326588941241,5994.0
11418.0,San Andres,Azcapotzalco,False,San Andres — Azcapotzalco,19.493320000218006,-99.18426422684709,6467.0
11422.0,San Andres De Las Salinas,Azcapotzalco,False,San Andres De Las Salinas — Azcapotzalco,19.489954999723636,-99.1539219760665,211.0
11464.0,San Antonio,Azcapotzalco,False,San Antonio — Azcapotzalco,19.48133499971064,-99.20731079626998,2242.0
11462.0,San Bartolo,Azcapotzalco,False,San Bartolo — Azcapotzalco,19.483350000002673,-99.20462666629462,6162.0
11477.0,San Bernabe,Azcapotzalco,False,San Bernabe — Azcapotzalco,19.468399999910247,-99.17359216896003,2264.0
11466.0,San Francisco Tetecala,Azcapotzalco,False,San Francisco Tetecala — Azcapotzalco,19.479850000027653,-99.19210760988469,896.0
11488.0,San Francisco Xocotitla,Azcapotzalco,False,San Francisco Xocotitla — Azcapotzalco,19.46828999978385,-99.14688841478431,1770.0
11427.0,San Juan Tlihuaca,Azcapotzalco,False,San Juan Tlihuaca — Azcapotzalco,19.489239999576483,-99.20457948994252,10912.0
11377.0,San Marcos,Azcapotzalco,False,San Marcos — Azcapotzalco,19.488150000122573,-99.18241789660775,6263.0
11402.0,San Martin Xochinahuac,Azcapotzalco,False,San Martin Xochinahuac — Azcapotzalco,19.499420000033155,-99.19396160725474,2903.0
11442.0,San Mateo,Azcapotzalco,False,San Mateo — Azcapotzalco,19.48286499967017,-99.19135318202837,2657.0
11457.0,San Miguel Amantla,Azcapotzalco,False,San Miguel Amantla — Azcapotzalco,19.475355000033375,-99.20520124989213,10757.0
11399.0,San Pablo Xalpa,Azcapotzalco,False,San Pablo Xalpa — Azcapotzalco,19.505249999987683,-99.18629083347534,5084.0
11459.0,San Pedro Xalpa,Azcapotzalco,False,San Pedro Xalpa — Azcapotzalco,19.486675000001412,-99.2117628830448,2724.0
11373.0,San Rafael,Azcapotzalco,False,San Rafael — Azcapotzalco,19.48638500011782,-99.18782729719533,2399.0
11481.0,San Salvador Xochimanca,Azcapotzalco,False,San Salvador Xochimanca — Azcapotzalco,19.45943500017529,-99.17424616326225,981.0
11416.0,Santa Barbara,Azcapotzalco,False,Santa Barbara — Azcapotzalco,19.49912000013805,-99.17940146560035,9453.0
11419.0,Santa Catarina,Azcapotzalco,False,Santa Catarina — Azcapotzalco,19.491919999958185,-99.17493860515246,2902.0
11470.0,Santa Cruz Acayucan,Azcapotzalco,False,Santa Cruz Acayucan — Azcapotzalco,19.47622500013381,-99.19423517639035,1872.0
11424.0,Santa Cruz De Las Salinas,Azcapotzalco,False,Santa Cruz De Las Salinas — Azcapotzalco,19.48375100005876,-99.16023942967055,355.0
11410.0,Santa Ines,Azcapotzalco,False,Santa Ines — Azcapotzalco,19.495094999784556,-99.19090521440042,3270.0
11469.0,Santa Lucia,Azcapotzalco,False,Santa Lucia — Azcapotzalco,19.475605000320684,-99.19860684206915,693.0
11458.0,Santa Maria Amantla,Azcapotzalco,False,Santa Maria Amantla — Azcapotzalco,19.47754499985203,-99.20284155304739,4023.0
11381.0,Santa Maria Maninalco,Azcapotzalco,False,Santa Maria Maninalco — Azcapotzalco,19.47737499965666,-99.1824362576202,8302.0
11467.0,Santiago Ahuizotla,Azcapotzalco,False,Santiago Ahuizotla — Azcapotzalco,19.477819999943193,-99.2122629752208,8876.0
11412.0,Santo Domingo,Azcapotzalco,False,Santo Domingo — Azcapotzalco,19.488174999926457,-99.1912006408696,4887.0
11387.0,Sector Naval,Azcapotzalco,False,Sector Naval — Azcapotzalco,19.469865000019894,-99.17681483338743,363.0
11384.0,Sindicato Mexicano De Electricistas,Azcapotzalco,False,Sindicato Mexicano De Electricistas — Azcapotzalco,19.47421500007235,-99.17815829802123,1824.0
11404.0,Tepantongo Cruz Roja,Azcapotzalco,False,Tepantongo Cruz Roja — Azcapotzalco,19.501542499886625,-99.18451342606454,
11438.0,Tezozomoc,Azcapotzalco,False,Tezozomoc — Azcapotzalco,19.489244999807056,-99.19819048457725,9438.0
11409.0,Tierra Nueva,Azcapotzalco,False,Tierra Nueva — Azcapotzalco,19.49914499994196,-99.20030245547994,3077.0
11479.0,Tlatilco,Azcapotzalco,False,Tlatilco — Azcapotzalco,19.460855000008394,-99.1623713941751,3386.0
11453.0,Trabajadores Del Hierro,Azcapotzalco,False,Trabajadores Del Hierro — Azcapotzalco,19.478535000090346,-99.15109057147774,4355.0
11382.0,Un Hogar Para Cada Trabajador,Azcapotzalco,False,Un Hogar Para Cada Trabajador — Azcapotzalco,19.47197999997718,-99.17703321108249,1011.0
11400.0,Unidad Ecologica Novedades Impacto,Azcapotzalco,False,Unidad Ecologica Novedades Impacto — Azcapotzalco,19.508215000022403,-99.19050732299854,355.0
11443.0,Unidad Hab Cuitlahuac,Azcapotzalco,False,Unidad Hab Cuitlahuac — Azcapotzalco,19.472537000032673,-99.16887374676483,6285.0
11431.0,Unidad Hab Francisco Villa,Azcapotzalco,False,Unidad Hab Francisco Villa — Azcapotzalco,19.498025000003906,-99.20469922358879,2826.0
11398.0,Unidad Hab Manuel Rivera Anaya,Azcapotzalco,False,Unidad Hab Manuel Rivera Anaya — Azcapotzalco,19.503609999901755,-99.19403386355549,238.0
11437.0,Unidad Hab Miguel Hidalgo,Azcapotzalco,False,Unidad Hab Miguel Hidalgo — Azcapotzalco,19.49374500003188,-99.19916179471323,2826.0
11444.0,Unidad Hab Pantaco,Azcapotzalco,False,Unidad Hab Pantaco — Azcapotzalco,19.485530000259445,-99.17418362802194,812.0
11405.0,Unidad Hab San Pablo Xalpa,Azcapotzalco,False,Unidad Hab San Pablo Xalpa — Azcapotzalco,19.507420000232997,-99.18617355861198,
11480.0,Unidad Hab Tlatilco,Azcapotzalco,False,Unidad Hab Tlatilco — Azcapotzalco,19.461854999808565,-99.16430222205706,4200.0
11474.0,Victoria De Las Democracias,Azcapotzalco,False,Victoria De Las Democracias — Azcapotzalco,19.469694999824554,-99.16400872640929,1987.0
11414.0,Villa Azcapotzalco,Azcapotzalco,False,Villa Azcapotzalco — Azcapotzalco,19.481289999883728,-99.18830374988674,3156.0
11403.0,Xochinahuac,Azcapotzalco,False,Xochinahuac — Azcapotzalco,19.507835000035385,-99.19465373089454,6928.0
11396.0,,Azcapotzalco,False,,19.511185000287696,-99.19372175014203,
11544.0,8 De Agosto,Benito Juarez,False,8 De Agosto — Benito Juarez,19.39409499973462,-99.1864255898273,2020.0
11505.0,Acacias,Benito Juarez,False,Acacias — Benito Juarez,19.363865000069865,-99.1741795158238,5859.0
11504.0,Actipan,Benito Juarez,False,Actipan — Benito Juarez,19.368575000086366,-99.17912177062975,2855.0
11513.0,Alamos,Benito Juarez,False,Alamos — Benito Juarez,19.397585000147814,-99.14151224355822,19173.0
11524.0,Albert,Benito Juarez,False,Albert — Benito Juarez,19.370505000055857,-99.13937629553408,3170.0
11529.0,Americas Unidas,Benito Juarez,False,Americas Unidas — Benito Juarez,19.38252500037862,-99.14214669043457,3400.0
11541.0,Ampl Napoles,Benito Juarez,False,Ampl Napoles — Benito Juarez,19.387654999978423,-99.17780539048485,2993.0
11494.0,Atenor Sala,Benito Juarez,False,Atenor Sala — Benito Juarez,19.402965000034897,-99.1477449251916,1929.0
11503.0,Centro Urbano Presidente Aleman,Benito Juarez,False,Centro Urbano Presidente Aleman — Benito Juarez,19.372089999853756,-99.17138864609748,2761.0
11536.0,Ciudad De Los Deportes,Benito Juarez,False,Ciudad De Los Deportes — Benito Juarez,19.383604999821046,-99.179809886062,4089.0
11549.0,Credito Constructor,Benito Juarez,False,Credito Constructor — Benito Juarez,19.365230000064628,-99.17986031929524,779.0
11532.0,Del Lago,Benito Juarez,False,Del Lago — Benito Juarez,19.378330000279448,-99.14108954014182,437.0
11500.0,Del Valle,Benito Juarez,False,Del Valle — Benito Juarez,19.394255000368133,-99.16676219837157,23126.0
11498.0,Del Valle Centro,Benito Juarez,False,Del Valle Centro — Benito Juarez,19.383265000329686,-99.16638304448881,19444.0
11501.0,Del Valle Sur,Benito Juarez,False,Del Valle Sur — Benito Juarez,19.37108499982304,-99.16750398803647,21184.0
11527.0,Ermita,Benito Juarez,False,Ermita — Benito Juarez,19.35861499988249,-99.14145333993224,1396.0
11539.0,Extremadura Insurgentes,Benito Juarez,False,Extremadura Insurgentes — Benito Juarez,19.376990000088597,-99.18102390623598,2024.0
11510.0,Fracc Res Emperadores,Benito Juarez,False,Fracc Res Emperadores — Benito Juarez,19.369999999700383,-99.15780021266116,1341.0
11512.0,Gral Pedro Maria Anaya,Benito Juarez,False,Gral Pedro Maria Anaya — Benito Juarez,19.36135000010259,-99.1586975514185,6459.0
11531.0,Independencia,Benito Juarez,False,Independencia — Benito Juarez,19.37984499999692,-99.14790161199113,10019.0
11547.0,Insurgentes Mixcoac,Benito Juarez,False,Insurgentes Mixcoac — Benito Juarez,19.37181499976259,-99.1833912498413,3981.0
11499.0,Insurgentes San Borja,Benito Juarez,False,Insurgentes San Borja — Benito Juarez,19.383164999765086,-99.17416365570217,1204.0
11520.0,Iztaccihuatl,Benito Juarez,False,Iztaccihuatl — Benito Juarez,19.390054999588727,-99.13578214897936,2913.0
11516.0,Josefa Ortiz De Dominguez,Benito Juarez,False,Josefa Ortiz De Dominguez — Benito Juarez,19.387790000358393,-99.14080212617026,1375.0
11533.0,Letran Valle,Benito Juarez,False,Letran Valle — Benito Juarez,19.376109999976705,-99.15514855591138,9746.0
11522.0,Maria Del Carmen,Benito Juarez,False,Maria Del Carmen — Benito Juarez,19.375514999967436,-99.1384297378107,2804.0
11548.0,Merced Gomez,Benito Juarez,False,Merced Gomez — Benito Juarez,19.365210000041657,-99.18996600010577,1502.0
11515.0,Miguel Aleman,Benito Juarez,False,Miguel Aleman — Benito Juarez,19.38989000007362,-99.14444729439063,1094.0
11526.0,Miravalle,Benito Juarez,False,Miravalle — Benito Juarez,19.36215000012257,-99.14075287816473,2677.0
11546.0,Mixcoac,Benito Juarez,False,Mixcoac — Benito Juarez,19.371880000062134,-99.18996817302147,3801.0
11519.0,Moderna,Benito Juarez,False,Moderna — Benito Juarez,19.395004999880996,-99.13465575836045,10102.0
11542.0,Napoles,Benito Juarez,False,Napoles — Benito Juarez,19.393729999989688,-99.17689986537238,12075.0
11496.0,Narvarte Oriente,Benito Juarez,False,Narvarte Oriente — Benito Juarez,19.393239999876243,-99.15204538586102,26269.0
11495.0,Narvarte Poniente,Benito Juarez,False,Narvarte Poniente — Benito Juarez,19.39063499980557,-99.15789058373645,24773.0
11518.0,Nativitas,Benito Juarez,False,Nativitas — Benito Juarez,19.381710000116584,-99.13731518662549,10237.0
11517.0,NiãOs Heroes De Chapultepec,Benito Juarez,False,NiãOs Heroes De Chapultepec — Benito Juarez,19.386145000041864,-99.14325880867588,8527.0
11537.0,Noche Buena,Benito Juarez,False,Noche Buena — Benito Juarez,19.38068500006287,-99.17893203123131,2257.0
11535.0,Nonoalco,Benito Juarez,False,Nonoalco — Benito Juarez,19.380544999901986,-99.18933431380955,8875.0
11530.0,Periodista Francisco Zarco,Benito Juarez,False,Periodista Francisco Zarco — Benito Juarez,19.382450000067593,-99.14596609192864,924.0
11493.0,Piedad Narvarte,Benito Juarez,False,Piedad Narvarte — Benito Juarez,19.40243499987551,-99.1560077694821,4517.0
11507.0,Portales Norte,Benito Juarez,False,Portales Norte — Benito Juarez,19.369110000026637,-99.14912421992094,20935.0
11525.0,Portales Oriente,Benito Juarez,False,Portales Oriente — Benito Juarez,19.36697500004638,-99.13988969914188,4669.0
11506.0,Portales Sur,Benito Juarez,False,Portales Sur — Benito Juarez,19.362395000179276,-99.14864927685639,16032.0
11514.0,Postal,Benito Juarez,False,Postal — Benito Juarez,19.390469999840775,-99.14109076915207,4059.0
11545.0,San Jose Insurgentes,Benito Juarez,False,San Jose Insurgentes — Benito Juarez,19.366945000011924,-99.18501577764093,5948.0
11538.0,San Juan,Benito Juarez,False,San Juan — Benito Juarez,19.37796999986577,-99.18479482875011,4285.0
11540.0,San Pedro De Los Pinos,Benito Juarez,False,San Pedro De Los Pinos — Benito Juarez,19.390884999643163,-99.18501222761626,12443.0
11534.0,San Simon Ticumac,Benito Juarez,False,San Simon Ticumac — Benito Juarez,19.375124999968932,-99.14495422752174,11333.0
11508.0,Santa Cruz Atoyac,Benito Juarez,False,Santa Cruz Atoyac — Benito Juarez,19.368249999937717,-99.16417459318268,7502.0
11502.0,Tlacoquemecatl,Benito Juarez,False,Tlacoquemecatl — Benito Juarez,19.37613499978059,-99.17497728735444,7057.0
11543.0,U Hab 8 De Agosto,Benito Juarez,False,U Hab 8 De Agosto — Benito Juarez,19.39421500032219,-99.18740170241843,964.0
11509.0,U Hab Emiliano Zapata,Benito Juarez,False,U Hab Emiliano Zapata — Benito Juarez,19.367809999881757,-99.16108529162008,1078.0
11497.0,U Hab Imss Narvarte,Benito Juarez,False,U Hab Imss Narvarte — Benito Juarez,19.39395999980431,-99.1478599757055,983.0
11528.0,Vertiz Narvarte,Benito Juarez,False,Vertiz Narvarte — Benito Juarez,19.38174000015107,-99.15468135155065,6506.0
11521.0,Villa De Cortes,Benito Juarez,False,Villa De Cortes — Benito Juarez,19.387885000242733,-99.13619622610094,2606.0
11511.0,Xoco,Benito Juarez,False,Xoco — Benito Juarez,19.362299999845277,-99.16675537117858,4000.0
11523.0,Zacahuitzco,Benito Juarez,False,Zacahuitzco — Benito Juarez,19.373384999768064,-99.13881848454031,1825.0
11673.0,Adolfo Ruiz Cortines,Coyoacan,False,Adolfo Ruiz Cortines — Coyoacan,19.320389999798806,-99.1482223578349,13640.0
11579.0,Ajusco,Coyoacan,False,Ajusco — Coyoacan,19.31895999995419,-99.161736470759,32342.0
11640.0,Ajusco Huayamilpas,Coyoacan,False,Ajusco Huayamilpas — Coyoacan,19.327680000082097,-99.1516859459959,3123.0
11620.0,Altillo Universidad,Coyoacan,False,Altillo Universidad — Coyoacan,19.340987500422955,-99.18071113886847,2109.0
11555.0,America 143,Coyoacan,False,America 143 — Coyoacan,19.34467500005138,-99.15275128617628,
11560.0,Ampl Del Carmen,Coyoacan,False,Ampl Del Carmen — Coyoacan,19.35429000008361,-99.17377454534163,17.0
11664.0,Ampl Insurgentes Cuicuilco,Coyoacan,False,Ampl Insurgentes Cuicuilco — Coyoacan,19.305960000303912,-99.1899363888781,1131.0
11582.0,Ampl La Candelaria,Coyoacan,False,Ampl La Candelaria — Coyoacan,19.328710000366385,-99.14915634047253,1232.0
11649.0,Ampl San Francisco Culhuacan,Coyoacan,False,Ampl San Francisco Culhuacan — Coyoacan,19.3334450001868,-99.12643674522327,5741.0
11633.0,Atlantida,Coyoacan,False,Atlantida — Coyoacan,19.33960500007086,-99.14672174905792,803.0
11648.0,Avante,Coyoacan,False,Avante — Coyoacan,19.32697999972737,-99.13386799995115,9441.0
11595.0,Barrio Cuadrante De San Francisco,Coyoacan,False,Barrio Cuadrante De San Francisco — Coyoacan,19.341484999982924,-99.16630374986373,2788.0
11552.0,Barrio De Santa Catarina,Coyoacan,False,Barrio De Santa Catarina — Coyoacan,19.35046999974088,-99.17458405946883,836.0
11612.0,Barrio Del NiãO Jesus,Coyoacan,False,Barrio Del NiãO Jesus — Coyoacan,19.341789999658914,-99.15858680660912,414.0
11553.0,Barrio La Concepcion,Coyoacan,False,Barrio La Concepcion — Coyoacan,19.34838500026771,-99.15885738710485,244.0
11587.0,Barrio Oxtopulco,Coyoacan,False,Barrio Oxtopulco — Coyoacan,19.345330000129564,-99.18205566543396,133.0
11556.0,Barrio San Lucas,Coyoacan,False,Barrio San Lucas — Coyoacan,19.347565000224733,-99.15473769396365,4877.0
11708.0,Barrio San Lucas,Coyoacan,False,Barrio San Lucas — Coyoacan,19.315459999979197,-99.13304875955146,563.0
11694.0,Bosques De Tetlalmeya,Coyoacan,False,Bosques De Tetlalmeya — Coyoacan,19.29903499976558,-99.1535633273561,924.0
11727.0,Cafetales Ii,Coyoacan,False,Cafetales Ii — Coyoacan,19.307404999940957,-99.10522543276338,1618.0
11566.0,Campestre,Coyoacan,False,Campestre — Coyoacan,19.338095000134302,-99.13928051140584,1023.0
11567.0,Campestre Churubusco,Coyoacan,False,Campestre Churubusco — Coyoacan,19.348529999759847,-99.13216557105491,11220.0
11717.0,Canal Nacional,Coyoacan,False,Canal Nacional — Coyoacan,19.308190000168537,-99.10073270000633,1862.0
11658.0,Canal Nacional 260,Coyoacan,False,Canal Nacional 260 — Coyoacan,19.325969999915714,-99.10663656472306,2402.0
11583.0,Candelaria Coyoacan,Coyoacan,False,Candelaria Coyoacan — Coyoacan,19.330084999922974,-99.15189176466822,2203.0
11695.0,Cantil Del Pedregal,Coyoacan,False,Cantil Del Pedregal — Coyoacan,19.300435000025374,-99.15714143791294,492.0
11719.0,Carmen Serdan,Coyoacan,False,Carmen Serdan — Coyoacan,19.319374999756604,-99.10841654608399,8171.0
11700.0,Cedros,Coyoacan,False,Cedros — Coyoacan,19.313209999641913,-99.11318312898388,1321.0
11689.0,Centro Urbano,Coyoacan,False,Centro Urbano — Coyoacan,19.30668500001289,-99.17443494771217,438.0
11564.0,Churubusco,Coyoacan,False,Churubusco — Coyoacan,19.355675000101343,-99.14849474993099,1584.0
11568.0,Churubusco Country Club,Coyoacan,False,Churubusco Country Club — Coyoacan,19.3556499998478,-99.13950380006145,
11634.0,Ciudad Jardin,Coyoacan,False,Ciudad Jardin — Coyoacan,19.33644500003689,-99.14488942090566,2326.0
11626.0,Ciudad Universitaria,Coyoacan,False,Ciudad Universitaria — Coyoacan,19.321620000312947,-99.18452768057855,3191.0
11596.0,Club De Tenis Coyoacan,Coyoacan,False,Club De Tenis Coyoacan — Coyoacan,19.340184999838044,-99.16018692850058,1176.0
11622.0,Conds Para Empleados Federales,Coyoacan,False,Conds Para Empleados Federales — Coyoacan,19.33763500005537,-99.18226868408988,724.0
11701.0,Conj Hab Alianza Pop Revolucionaria04800,Coyoacan,False,Conj Hab Alianza Pop Revolucionaria04800 — Coyoacan,19.31517499987652,-99.11944067501457,13627.0
11613.0,Conjunto Amador Sanchez (Zapata),Coyoacan,False,Conjunto Amador Sanchez (Zapata) — Coyoacan,19.34103499991548,-99.15527519805246,28.0
11667.0,Conjunto Buenavista,Coyoacan,False,Conjunto Buenavista — Coyoacan,19.30584000016603,-99.14814260206947,374.0
11557.0,Conjunto California,Coyoacan,False,Conjunto California — Coyoacan,19.34902999988475,-99.14774967547461,
11627.0,Conjunto Copilco Universidad,Coyoacan,False,Conjunto Copilco Universidad — Coyoacan,19.338194999799583,-99.18103275787016,102.0
11690.0,Conjunto Hab Pedregal De Carrasco,Coyoacan,False,Conjunto Hab Pedregal De Carrasco — Coyoacan,19.30628000022199,-99.17629998507752,6386.0
11679.0,Conjunto Magdalena,Coyoacan,False,Conjunto Magdalena — Coyoacan,19.312919499735273,-99.1418720995078,
11599.0,Conjunto Mariana,Coyoacan,False,Conjunto Mariana — Coyoacan,19.335694999624707,-99.15170104464917,187.0
11621.0,Copilco 300,Coyoacan,False,Copilco 300 — Coyoacan,19.336724999908995,-99.18011969686162,980.0
11623.0,Copilco El Alto,Coyoacan,False,Copilco El Alto — Coyoacan,19.331709999766844,-99.17617560961052,3627.0
11616.0,Copilco El Bajo,Coyoacan,False,Copilco El Bajo — Coyoacan,19.339675000151317,-99.18784999993785,953.0
11600.0,Copilco Iii,Coyoacan,False,Copilco Iii — Coyoacan,19.334355000333176,-99.15621281958093,22.0
11631.0,Copilco Iv,Coyoacan,False,Copilco Iv — Coyoacan,19.333996499988643,-99.15668220044202,
11624.0,Copilco Universidad,Coyoacan,False,Copilco Universidad — Coyoacan,19.33566500003988,-99.18103874969964,764.0
11617.0,Copilco Universidad Issste,Coyoacan,False,Copilco Universidad Issste — Coyoacan,19.33885999988925,-99.17851306964953,2118.0
11561.0,Corina 117,Coyoacan,False,Corina 117 — Coyoacan,19.35606999988073,-99.15470664539208,706.0
11569.0,Country Club,Coyoacan,False,Country Club — Coyoacan,19.350459999729367,-99.14081435071576,2953.0
11550.0,Coyoacan Centro,Coyoacan,False,Coyoacan Centro — Coyoacan,19.347029999834774,-99.1602720361754,692.0
11659.0,Croc Culhuacan Secc 6 (Ctm Vi Culhuacan),Coyoacan,False,Croc Culhuacan Secc 6 (Ctm Vi Culhuacan) — Coyoacan,19.327720000128068,-99.12160347292766,2547.0
11718.0,Ctm Ixa Culhuacan,Coyoacan,False,Ctm Ixa Culhuacan — Coyoacan,19.31069999990524,-99.10623282984147,3308.0
11591.0,Cuadrante San Francisco,Coyoacan,False,Cuadrante San Francisco — Coyoacan,19.342330000279446,-99.16363843133759,2270.0
11559.0,Del Carmen,Coyoacan,False,Del Carmen — Coyoacan,19.353440000006145,-99.16027751249797,8682.0
11683.0,Del Pedregal,Coyoacan,False,Del Pedregal — Coyoacan,19.30380000007011,-99.17392750012888,278.0
11641.0,Diaz Ordaz,Coyoacan,False,Diaz Ordaz — Coyoacan,19.32688000006212,-99.14666172406011,2908.0
11671.0,Division Del Nortel 3533,Coyoacan,False,Division Del Nortel 3533 — Coyoacan,19.324984999907997,-99.14052216670062,
11642.0,Educacion,Coyoacan,False,Educacion — Coyoacan,19.336589999978685,-99.13486452227886,5924.0
11645.0,Ejido Culhuacan,Coyoacan,False,Ejido Culhuacan — Coyoacan,19.33101500009235,-99.12213014899119,1257.0
11680.0,Ejido Santa Ursula Coapa,Coyoacan,False,Ejido Santa Ursula Coapa — Coyoacan,19.311364999994936,-99.13734871150457,1640.0
11698.0,El Caracol,Coyoacan,False,El Caracol — Coyoacan,19.304415000102324,-99.162618160617,2470.0
11647.0,El Centinela,Coyoacan,False,El Centinela — Coyoacan,19.33572000032791,-99.13956767674112,1782.0
11712.0,El Parque De Coyoacan,Coyoacan,False,El Parque De Coyoacan — Coyoacan,19.31103999984626,-99.1309280368058,1827.0
11674.0,El Reloj,Coyoacan,False,El Reloj — Coyoacan,19.31850500010583,-99.142287672919,3333.0
11706.0,El Vergel De Coyoacan (Infonavit El Hueso),Coyoacan,False,El Vergel De Coyoacan (Infonavit El Hueso) — Coyoacan,19.30743499997544,-99.1363851988185,686.0
11703.0,Emiliano Zapata,Coyoacan,False,Emiliano Zapata — Coyoacan,19.32571500029718,-99.13775250009904,1584.0
11709.0,Espartaco,Coyoacan,False,Espartaco — Coyoacan,19.318569999955713,-99.13581842955536,4216.0
11651.0,Ex Ejido San Francisco Culhuacan,Coyoacan,False,Ex Ejido San Francisco Culhuacan — Coyoacan,19.322874999731624,-99.1023042581717,75.0
11699.0,Ex Ejido San Pablo Tepetlapa,Coyoacan,False,Ex Ejido San Pablo Tepetlapa — Coyoacan,19.320889999923736,-99.12627931823923,64.0
11589.0,Fortin Chimalistac,Coyoacan,False,Fortin Chimalistac — Coyoacan,19.342140000061107,-99.18385603538593,1072.0
11588.0,Fovissste Oxtopulco,Coyoacan,False,Fovissste Oxtopulco — Coyoacan,19.344579000120916,-99.18052109646368,436.0
11729.0,Fracc Campestre Coyoacan,Coyoacan,False,Fracc Campestre Coyoacan — Coyoacan,19.309794999989435,-99.11680948157675,1548.0
11625.0,Fracc Copilco Universidad,Coyoacan,False,Fracc Copilco Universidad — Coyoacan,19.334770000135563,-99.17564088551762,535.0
11571.0,Fracc Hermosillo,Coyoacan,False,Fracc Hermosillo — Coyoacan,19.347709999716898,-99.12717044386862,1595.0
11665.0,Fracc Insurgentes Cuicuilco,Coyoacan,False,Fracc Insurgentes Cuicuilco — Coyoacan,19.30429499996444,-99.18365247997224,1654.0
11681.0,Fracc Joyas Del Pedregal,Coyoacan,False,Fracc Joyas Del Pedregal — Coyoacan,19.305760000074088,-99.15774499988015,1589.0
11725.0,Fracc Las Campanas,Coyoacan,False,Fracc Las Campanas — Coyoacan,19.30783499998543,-99.11989284681623,709.0
11704.0,Fracc Los Ciruelos,Coyoacan,False,Fracc Los Ciruelos — Coyoacan,19.31963500005537,-99.13032774713378,344.0
11710.0,Fracc Los Olivos,Coyoacan,False,Fracc Los Olivos — Coyoacan,19.31424000037586,-99.13143002085586,826.0
11731.0,Fracc Los Sauces,Coyoacan,False,Fracc Los Sauces — Coyoacan,19.303924999988908,-99.11654304359037,951.0
11592.0,Fracc Manuel Romero De Terreros,Coyoacan,False,Fracc Manuel Romero De Terreros — Coyoacan,19.342954999873513,-99.16976686704879,1366.0
11593.0,Fracc Pedregal De San Francisco,Coyoacan,False,Fracc Pedregal De San Francisco — Coyoacan,19.338190000018642,-99.16739894717597,5581.0
11720.0,Fracc Res Cafetales,Coyoacan,False,Fracc Res Cafetales — Coyoacan,19.313119999988174,-99.10953779870925,1809.0
11733.0,Fracc Villa Quietud,Coyoacan,False,Fracc Villa Quietud — Coyoacan,19.302415000052378,-99.10411156964173,3338.0
11734.0,Hacienda De Coyoacan,Coyoacan,False,Hacienda De Coyoacan — Coyoacan,19.30266499989,-99.11240634038236,1918.0
11672.0,Hidalgo 191,Coyoacan,False,Hidalgo 191 — Coyoacan,19.324778999851134,-99.14384091493089,
11684.0,Infonavit,Coyoacan,False,Infonavit — Coyoacan,19.307690000043635,-99.16666238392497,821.0
11652.0,Infonavit Culhuacan Zona 1,Coyoacan,False,Infonavit Culhuacan Zona 1 — Coyoacan,19.332079999742376,-99.11936328403038,1009.0
11653.0,Infonavit Culhuacan Zona 2,Coyoacan,False,Infonavit Culhuacan Zona 2 — Coyoacan,19.329915000177294,-99.11925137295975,2036.0
11654.0,Infonavit Culhuacan Zona 3,Coyoacan,False,Infonavit Culhuacan Zona 3 — Coyoacan,19.327734999920466,-99.11860827954465,1879.0
11614.0,Insurgentes San Angel,Coyoacan,False,Insurgentes San Angel — Coyoacan,19.33866500033966,-99.18763020846188,831.0
11663.0,Jardines Del Pedregal De San Angel,Coyoacan,False,Jardines Del Pedregal De San Angel — Coyoacan,19.306740000300948,-99.19923031083462,1354.0
11632.0,La Cantera,Coyoacan,False,La Cantera — Coyoacan,19.334110000276468,-99.17433457082548,1581.0
11554.0,La Concepcion,Coyoacan,False,La Concepcion — Coyoacan,19.34497499994646,-99.15728959130013,336.0
11655.0,La Virgen 1170,Coyoacan,False,La Virgen 1170 — Coyoacan,19.32374999961297,-99.10402074340331,1212.0
11713.0,Las CabaãAs,Coyoacan,False,Las CabaãAs — Coyoacan,19.31083499983555,-99.12717576710727,1205.0
11726.0,Las Campanas,Coyoacan,False,Las Campanas — Coyoacan,19.309499999875243,-99.12119717327755,173.0
11628.0,Las Flores (Ficapro),Coyoacan,False,Las Flores (Ficapro) — Coyoacan,19.33234400022559,-99.15448803072798,
11601.0,Las Torres Uscovi,Coyoacan,False,Las Torres Uscovi — Coyoacan,19.334164999665177,-99.15567912725841,120.0
11705.0,Los Cipreses,Coyoacan,False,Los Cipreses — Coyoacan,19.318855000058363,-99.12793456277257,1412.0
11675.0,Los Fresnos,Coyoacan,False,Los Fresnos — Coyoacan,19.31528449997984,-99.14301346090306,301.0
11723.0,Los Girasoles I,Coyoacan,False,Los Girasoles I — Coyoacan,19.30419999963044,-99.11993803950487,1087.0
11724.0,Los Girasoles Ii,Coyoacan,False,Los Girasoles Ii — Coyoacan,19.305444999936952,-99.12361227080444,1593.0
11722.0,Los Girasoles Iii,Coyoacan,False,Los Girasoles Iii — Coyoacan,19.30754500010184,-99.1287989179891,3491.0
11711.0,Los Jardines De Coyoacan,Coyoacan,False,Los Jardines De Coyoacan — Coyoacan,19.314289999983686,-99.12726575015526,1992.0
11702.0,Los Prados De Coyoacan,Coyoacan,False,Los Prados De Coyoacan — Coyoacan,19.31883000025448,-99.13182487398468,2513.0
11707.0,Los Robles,Coyoacan,False,Los Robles — Coyoacan,19.314109999776832,-99.1337441725536,385.0
11574.0,Magdalena Culhuacan,Coyoacan,False,Magdalena Culhuacan — Coyoacan,19.34444000000616,-99.1184389333466,8587.0
11696.0,Media Luna,Coyoacan,False,Media Luna — Coyoacan,19.30172999993971,-99.15993337918422,637.0
11732.0,Mirador,Coyoacan,False,Mirador — Coyoacan,19.30236000021401,-99.109020999064,2717.0
11697.0,Modulo Social Iman,Coyoacan,False,Modulo Social Iman — Coyoacan,19.306065000199766,-99.16731499993715,6721.0
11580.0,Monserrat 100,Coyoacan,False,Monserrat 100 — Coyoacan,19.331400000309912,-99.15053991593385,
11602.0,Monserrat Universidad,Coyoacan,False,Monserrat Universidad — Coyoacan,19.330527499644546,-99.15794717373734,
11643.0,Multifamiliar Tlalpan,Coyoacan,False,Multifamiliar Tlalpan — Coyoacan,19.338809999831795,-99.14231671057512,1138.0
11639.0,Nueva Diaz Ordaz,Coyoacan,False,Nueva Diaz Ordaz — Coyoacan,19.32575500034318,-99.1490225001631,1602.0
11691.0,Olimpica,Coyoacan,False,Olimpica — Coyoacan,19.304570000055605,-99.17029996879992,847.0
11586.0,Oxtopulco Universidad,Coyoacan,False,Oxtopulco Universidad — Coyoacan,19.344104499822976,-99.17840915885056,480.0
11603.0,Pacifico 350,Coyoacan,False,Pacifico 350 — Coyoacan,19.338574999786573,-99.15013163332696,278.0
11685.0,Panteon Mauseleos Del Angel,Coyoacan,False,Panteon Mauseleos Del Angel — Coyoacan,19.30737800004485,-99.1784904304954,419.0
11558.0,Parque San Andres,Coyoacan,False,Parque San Andres — Coyoacan,19.345429999794817,-99.14788633158018,5195.0
11572.0,Paseos De TaxqueãA,Coyoacan,False,Paseos De TaxqueãA — Coyoacan,19.34486499982006,-99.12344808497619,13453.0
11604.0,Pedregal De Coyoacan,Coyoacan,False,Pedregal De Coyoacan — Coyoacan,19.337050000057644,-99.16076284603918,2513.0
11682.0,Pedregal De La Zorra,Coyoacan,False,Pedregal De La Zorra — Coyoacan,19.306405000140813,-99.16098671886009,1572.0
11629.0,Pedregal De Santo Domingo,Coyoacan,False,Pedregal De Santo Domingo — Coyoacan,19.32589000027346,-99.1674793361824,81245.0
11692.0,Pedregal Del Maurel,Coyoacan,False,Pedregal Del Maurel — Coyoacan,19.30894000013106,-99.17533726418395,1589.0
11581.0,Pedregal Monserrat,Coyoacan,False,Pedregal Monserrat — Coyoacan,19.322775000066343,-99.14959994870372,3889.0
11668.0,Pedregal Santa Ursula,Coyoacan,False,Pedregal Santa Ursula — Coyoacan,19.31127499989151,-99.15434297071829,40554.0
11644.0,Petrolera TaxqueãA,Coyoacan,False,Petrolera TaxqueãA — Coyoacan,19.339384999818066,-99.13332986068197,901.0
11570.0,Prado Churubusco,Coyoacan,False,Prado Churubusco — Coyoacan,19.354704999885996,-99.12732035705079,10414.0
11650.0,Presidentes Ejidales,Coyoacan,False,Presidentes Ejidales — Coyoacan,19.326429999994673,-99.12836136369532,3463.0
11605.0,Pueblo De Los Reyes,Coyoacan,False,Pueblo De Los Reyes — Coyoacan,19.33778499977808,-99.15443113445028,8095.0
11637.0,Pueblo La Candelaria,Coyoacan,False,Pueblo La Candelaria — Coyoacan,19.332100000215007,-99.14835859662199,5144.0
11576.0,Quetzacoatl,Coyoacan,False,Quetzacoatl — Coyoacan,19.33763500005537,-99.12976350625402,1612.0
11606.0,Real De Los Reyes 77,Coyoacan,False,Real De Los Reyes 77 — Coyoacan,19.341484499959876,-99.15721953444407,298.0
11607.0,Real De Los Reyes 87,Coyoacan,False,Real De Los Reyes 87 — Coyoacan,19.34105499993848,-99.15689610943579,211.0
11638.0,Residencial Coyoacan,Coyoacan,False,Residencial Coyoacan — Coyoacan,19.331159500011097,-99.14519752001797,
11676.0,Rincon De Tlalpan,Coyoacan,False,Rincon De Tlalpan — Coyoacan,19.31239600032532,-99.14095860923877,
11608.0,Rinconada Coyoacan,Coyoacan,False,Rinconada Coyoacan — Coyoacan,19.338699999705398,-99.1590018547483,480.0
11598.0,Rinconada De Los Reyes,Coyoacan,False,Rinconada De Los Reyes — Coyoacan,19.33168499996293,-99.15705433604452,1262.0
11693.0,Rinconada Las Playas Infonavit,Coyoacan,False,Rinconada Las Playas Infonavit — Coyoacan,19.310215000022396,-99.17203626213214,3518.0
11584.0,Romero De Terreros,Coyoacan,False,Romero De Terreros — Coyoacan,19.339835000335142,-99.17490685501043,3503.0
11635.0,Rosario,Coyoacan,False,Rosario — Coyoacan,19.32791499967766,-99.14354000007732,516.0
11609.0,Rosedal,Coyoacan,False,Rosedal — Coyoacan,19.340934999800567,-99.15090748673543,1679.0
11565.0,San Diego Churubusco,Coyoacan,False,San Diego Churubusco — Coyoacan,19.352575000136312,-99.1485070091964,1706.0
11575.0,San Francisco Culhuacan,Coyoacan,False,San Francisco Culhuacan — Coyoacan,19.33493999988127,-99.1179349921888,17120.0
11563.0,San Mateo,Coyoacan,False,San Mateo — Coyoacan,19.350459999729367,-99.14840235662658,1526.0
11670.0,San Pablo Tepetlapa,Coyoacan,False,San Pablo Tepetlapa — Coyoacan,19.32340000011007,-99.1424034560815,4597.0
11728.0,Santa Cecilia,Coyoacan,False,Santa Cecilia — Coyoacan,19.306139999611474,-99.11328285708896,2921.0
11686.0,Santa Ursula,Coyoacan,False,Santa Ursula — Coyoacan,19.30349000016355,-99.17224919987711,578.0
11677.0,Santa Ursula Coapa,Coyoacan,False,Santa Ursula Coapa — Coyoacan,19.30771499984752,-99.14545500456828,10605.0
11630.0,Santo Domingo,Coyoacan,False,Santo Domingo — Coyoacan,19.33168499996293,-99.1599536405738,10732.0
11636.0,Suchil 109,Coyoacan,False,Suchil 109 — Coyoacan,19.3259999999502,-99.14464865160619,
11573.0,TaxqueãA,Coyoacan,False,TaxqueãA — Coyoacan,19.33952499997892,-99.12298506308892,673.0
11594.0,Tecualiapan,Coyoacan,False,Tecualiapan — Coyoacan,19.343800000170035,-99.16617735553753,128.0
11678.0,Textitlan 222,Coyoacan,False,Textitlan 222 — Coyoacan,19.314324999799055,-99.14444626256575,291.0
11590.0,Torres De Chimalistac,Coyoacan,False,Torres De Chimalistac — Coyoacan,19.340204999861015,-99.18454511022938,534.0
11666.0,Torres De Maurel,Coyoacan,False,Torres De Maurel — Coyoacan,19.306024999704135,-99.18172761393507,1169.0
11730.0,Unid Obrero Ctm Culhuacan Secc 10,Coyoacan,False,Unid Obrero Ctm Culhuacan Secc 10 — Coyoacan,19.308189999718877,-99.11034710825571,5790.0
11660.0,Unid Obrero Ctm Culhuacan Secc 7,Coyoacan,False,Unid Obrero Ctm Culhuacan Secc 7 — Coyoacan,19.32519500014928,-99.11035657821722,8081.0
11661.0,Unid Obrero Ctm Culhuacan Secc 7A,Coyoacan,False,Unid Obrero Ctm Culhuacan Secc 7A — Coyoacan,19.31879499998942,-99.10466043786079,3205.0
11715.0,Unid Obrero Ctm Culhuacan Secc 8,Coyoacan,False,Unid Obrero Ctm Culhuacan Secc 8 — Coyoacan,19.315570000105595,-99.10327614170697,9438.0
11618.0,Unidad Hab Copilco,Coyoacan,False,Unidad Hab Copilco — Coyoacan,19.33650500010583,-99.17805466911906,83.0
11615.0,Unidad Hab Copilco Universidad,Coyoacan,False,Unidad Hab Copilco Universidad — Coyoacan,19.339114999957445,-99.18436000018872,2923.0
11714.0,Unidad Hab Culhuacan Stunam,Coyoacan,False,Unidad Hab Culhuacan Stunam — Coyoacan,19.321100000165046,-99.10260843749194,3158.0
11610.0,Unidad Hab Del Pacifico,Coyoacan,False,Unidad Hab Del Pacifico — Coyoacan,19.339004999831047,-99.15135545234739,1270.0
11721.0,Unidad Hab Emiliano Zapata,Coyoacan,False,Unidad Hab Emiliano Zapata — Coyoacan,19.31800499998093,-99.11067566340034,6001.0
11619.0,Unidad Hab Int Latinoamericana,Coyoacan,False,Unidad Hab Int Latinoamericana — Coyoacan,19.33784499984702,-99.1797406035521,1727.0
11585.0,Unidad Hab Monte De Piedad,Coyoacan,False,Unidad Hab Monte De Piedad — Coyoacan,19.344930000119575,-99.17405178734262,1011.0
11646.0,Unidad Hab Obrero Ctm Culhuacan 5,Coyoacan,False,Unidad Hab Obrero Ctm Culhuacan 5 — Coyoacan,19.331405000090854,-99.11602872962348,6833.0
11656.0,Unidad Hab Obrero Ctm Culhuacan 6,Coyoacan,False,Unidad Hab Obrero Ctm Culhuacan 6 — Coyoacan,19.32406999998068,-99.1185068136607,16156.0
11716.0,Unidad Hab Obrero Ctm Culhuacan 9,Coyoacan,False,Unidad Hab Obrero Ctm Culhuacan 9 — Coyoacan,19.31134999975285,-99.10207976454551,8279.0
11662.0,Unidad Hab Piloto Culhuacan,Coyoacan,False,Unidad Hab Piloto Culhuacan — Coyoacan,19.32209999996519,-99.11170333349281,3150.0
11611.0,Unidad Hab Rosedal,Coyoacan,False,Unidad Hab Rosedal — Coyoacan,19.33673499992048,-99.14881693803456,1373.0
11657.0,Unidad Hab San Francisco Culhuacan,Coyoacan,False,Unidad Hab San Francisco Culhuacan — Coyoacan,19.32519999993022,-99.12444281626642,2648.0
11577.0,Unidad Hab Santa Martha Del Sur,Coyoacan,False,Unidad Hab Santa Martha Del Sur — Coyoacan,19.34208499977308,-99.13122307309638,2775.0
11578.0,Unidad Hab TaxqueãA,Coyoacan,False,Unidad Hab TaxqueãA — Coyoacan,19.33974000000117,-99.12523172563388,856.0
11687.0,Unidad Hab Villa Panamericana,Coyoacan,False,Unidad Hab Villa Panamericana — Coyoacan,19.30380000007011,-99.1756583000241,557.0
11562.0,Unidad Hab Viveros De Coyoacan,Coyoacan,False,Unidad Hab Viveros De Coyoacan — Coyoacan,19.3582349998955,-99.17126743293571,426.0
11735.0,Viejo Ejido Santa Ursula Coapa,Coyoacan,False,Viejo Ejido Santa Ursula Coapa — Coyoacan,19.30488500019277,-99.14107743675157,7898.0
11551.0,Villa Coyoacan,Coyoacan,False,Villa Coyoacan — Coyoacan,19.348139999761344,-99.17181274699522,5514.0
11597.0,Villa De San Francisco,Coyoacan,False,Villa De San Francisco — Coyoacan,19.339760000024143,-99.1617093001222,43.0
11688.0,Vistas Del Maurel,Coyoacan,False,Vistas Del Maurel — Coyoacan,19.305259999949214,-99.17298907124908,1549.0
11669.0,Xotepingo,Coyoacan,False,Xotepingo — Coyoacan,19.3269599997044,-99.1402950109727,1934.0
11789.0,Abdias Garcia Soto,Cuajimalpa De Morelos,True,Abdias Garcia Soto — Cuajimalpa De Morelos,19.351715000047392,-99.29266068208928,1770.0
11770.0,Adolfo Lopez Mateos,Cuajimalpa De Morelos,True,Adolfo Lopez Mateos — Cuajimalpa De Morelos,19.363369999725876,-99.2962020164131,1463.0
11799.0,Agua Bendita,Cuajimalpa De Morelos,True,Agua Bendita — Cuajimalpa De Morelos,19.3635699999557,-99.31051632711532,
11742.0,Ahuatenco,Cuajimalpa De Morelos,True,Ahuatenco — Cuajimalpa De Morelos,19.368840000166017,-99.30633365571498,895.0
11768.0,Amado Nervo,Cuajimalpa De Morelos,True,Amado Nervo — Cuajimalpa De Morelos,19.367990000088582,-99.29852366094897,989.0
11765.0,Barrio El Molino,Cuajimalpa De Morelos,True,Barrio El Molino — Cuajimalpa De Morelos,19.365800000269957,-99.28397420219864,2877.0
11753.0,Bosques De Las Lomas,Cuajimalpa De Morelos,True,Bosques De Las Lomas — Cuajimalpa De Morelos,19.390495000094347,-99.25467460540749,1957.0
11757.0,Bosques De Reforma,Cuajimalpa De Morelos,True,Bosques De Reforma — Cuajimalpa De Morelos,19.389034999765585,-99.26393064615534,365.0
11779.0,Centro Comercial Santa Fe,Cuajimalpa De Morelos,True,Centro Comercial Santa Fe — Cuajimalpa De Morelos,19.357969999815793,-99.27074626983776,3343.0
11796.0,Cola De Pato,Cuajimalpa De Morelos,True,Cola De Pato — Cuajimalpa De Morelos,19.30687500023123,-99.33905779318331,1183.0
11761.0,Colorines,Cuajimalpa De Morelos,True,Colorines — Cuajimalpa De Morelos,19.36831000000666,-99.28470651510186,446.0
11752.0,Cooperativa Palo Alto,Cuajimalpa De Morelos,True,Cooperativa Palo Alto — Cuajimalpa De Morelos,19.38688000021199,-99.25076863643723,2880.0
11791.0,Cruz Blanca,Cuajimalpa De Morelos,True,Cruz Blanca — Cuajimalpa De Morelos,19.323905000015884,-99.32226135172905,2885.0
11737.0,Cuajimalpa,Cuajimalpa De Morelos,True,Cuajimalpa — Cuajimalpa De Morelos,19.35853499979055,-99.30236080720071,15974.0
11754.0,Cumbres Reforma,Cuajimalpa De Morelos,True,Cumbres Reforma — Cuajimalpa De Morelos,19.383800000269957,-99.26227136917541,7787.0
11794.0,Desierto De Los Leones,Cuajimalpa De Morelos,True,Desierto De Los Leones — Cuajimalpa De Morelos,19.290784999728118,-99.33613623117262,9325.0
11787.0,El Contadero,Cuajimalpa De Morelos,True,El Contadero — Cuajimalpa De Morelos,19.348804999851012,-99.2960367309478,3393.0
11764.0,El Ebano,Cuajimalpa De Morelos,True,El Ebano — Cuajimalpa De Morelos,19.37322999981481,-99.2890974996997,2607.0
11775.0,El Molinito,Cuajimalpa De Morelos,True,El Molinito — Cuajimalpa De Morelos,19.36140999972187,-99.28703433315383,454.0
11776.0,El Yaqui,Cuajimalpa De Morelos,True,El Yaqui — Cuajimalpa De Morelos,19.359810000131546,-99.28399000001335,84.0
11750.0,Fracc Club De Golf Bosques,Cuajimalpa De Morelos,True,Fracc Club De Golf Bosques — Cuajimalpa De Morelos,19.37770000000515,-99.28080885977792,1861.0
11759.0,Giralta,Cuajimalpa De Morelos,True,Giralta — Cuajimalpa De Morelos,19.368305000225746,-99.2686536056415,1094.0
11766.0,Jardines De La Palma(Huizachito),Cuajimalpa De Morelos,True,Jardines De La Palma(Huizachito) — Cuajimalpa De Morelos,19.370539999871255,-99.28172426459247,2510.0
11767.0,Jesus Del Monte,Cuajimalpa De Morelos,True,Jesus Del Monte — Cuajimalpa De Morelos,19.364655000078358,-99.29132747601014,8686.0
11744.0,Jose Maria Castorena,Cuajimalpa De Morelos,True,Jose Maria Castorena — Cuajimalpa De Morelos,19.367694999974418,-99.28715156262405,1716.0
11771.0,La CampiãA,Cuajimalpa De Morelos,True,La CampiãA — Cuajimalpa De Morelos,19.36201999997317,-99.28345881374253,871.0
11738.0,La Candelaria,Cuajimalpa De Morelos,True,La Candelaria — Cuajimalpa De Morelos,19.356825000073854,-99.29289517602635,1280.0
11736.0,La Manzanita,Cuajimalpa De Morelos,True,La Manzanita — Cuajimalpa De Morelos,19.358799999870257,-99.29619490234164,3707.0
11751.0,La Navidad,Cuajimalpa De Morelos,True,La Navidad — Cuajimalpa De Morelos,19.37448999991372,-99.28579986500041,10053.0
11797.0,La Pila,Cuajimalpa De Morelos,True,La Pila — Cuajimalpa De Morelos,19.313270000160543,-99.33722154878024,4391.0
11745.0,La Puntada,Cuajimalpa De Morelos,True,La Puntada — Cuajimalpa De Morelos,19.38598499985804,-99.26961919689906,34.0
11773.0,La Rosita,Cuajimalpa De Morelos,True,La Rosita — Cuajimalpa De Morelos,19.363060000268945,-99.27680414999737,877.0
11798.0,Las Lajas,Cuajimalpa De Morelos,True,Las Lajas — Cuajimalpa De Morelos,19.315175000326178,-99.33385638620584,2358.0
11792.0,Las Maromas,Cuajimalpa De Morelos,True,Las Maromas — Cuajimalpa De Morelos,19.32885500030818,-99.3326223132707,1113.0
11782.0,Las Tinajas,Cuajimalpa De Morelos,True,Las Tinajas — Cuajimalpa De Morelos,19.3567549999934,-99.28250564278684,3010.0
11781.0,Locaxco,Cuajimalpa De Morelos,True,Locaxco — Cuajimalpa De Morelos,19.35568149995143,-99.29070634343776,1029.0
11777.0,Lomas De Memetla,Cuajimalpa De Morelos,True,Lomas De Memetla — Cuajimalpa De Morelos,19.35752499997892,-99.28777861290544,1929.0
11784.0,Lomas De San Pedro,Cuajimalpa De Morelos,True,Lomas De San Pedro — Cuajimalpa De Morelos,19.353960000154046,-99.28840382353633,350.0
11746.0,Lomas De Vista Hermosa,Cuajimalpa De Morelos,True,Lomas De Vista Hermosa — Cuajimalpa De Morelos,19.37587000015057,-99.26837654501726,8554.0
11758.0,Lomas Del Chamizal 1Ra Secc,Cuajimalpa De Morelos,True,Lomas Del Chamizal 1Ra Secc — Cuajimalpa De Morelos,19.396940000081088,-99.25914918282542,2451.0
11755.0,Lomas Del Chamizal 2Da Secc,Cuajimalpa De Morelos,True,Lomas Del Chamizal 2Da Secc — Cuajimalpa De Morelos,19.39443999990624,-99.26339172259986,1570.0
11756.0,Lomas Del Chamizal 4Ta Secc,Cuajimalpa De Morelos,True,Lomas Del Chamizal 4Ta Secc — Cuajimalpa De Morelos,19.38852999985977,-99.26832504518211,1065.0
11740.0,Lomas Del Padre,Cuajimalpa De Morelos,True,Lomas Del Padre — Cuajimalpa De Morelos,19.346494999894503,-99.31081188697735,7940.0
11783.0,Lomas El Ocote,Cuajimalpa De Morelos,True,Lomas El Ocote — Cuajimalpa De Morelos,19.351624999943965,-99.28558828567917,799.0
11769.0,Manzanastitla,Cuajimalpa De Morelos,True,Manzanastitla — Cuajimalpa De Morelos,19.36620500006086,-99.29903077893705,3420.0
11778.0,Memetla,Cuajimalpa De Morelos,True,Memetla — Cuajimalpa De Morelos,19.360524999829067,-99.28682308871629,1237.0
11788.0,Pueblo La Venta,Cuajimalpa De Morelos,True,Pueblo La Venta — Cuajimalpa De Morelos,19.34512999989974,-99.30465419356872,422.0
11747.0,Res Parque Escondido,Cuajimalpa De Morelos,True,Res Parque Escondido — Cuajimalpa De Morelos,19.375000000050136,-99.27643849996764,
11748.0,Res Vistahermosa,Cuajimalpa De Morelos,True,Res Vistahermosa — Cuajimalpa De Morelos,19.386855000408104,-99.27182268800686,250.0
11774.0,Roble Viejo,Cuajimalpa De Morelos,True,Roble Viejo — Cuajimalpa De Morelos,19.3635899999787,-99.28035365366284,334.0
11762.0,San Jose De Los Cedros,Cuajimalpa De Morelos,True,San Jose De Los Cedros — Cuajimalpa De Morelos,19.367345000021913,-99.28906971167751,3303.0
11760.0,San Jose De Los Cedros 2Da Secc,Cuajimalpa De Morelos,True,San Jose De Los Cedros 2Da Secc — Cuajimalpa De Morelos,19.37072000007811,-99.2873840231791,2526.0
11785.0,San Lorenzo Acopilco,Cuajimalpa De Morelos,True,San Lorenzo Acopilco — Cuajimalpa De Morelos,19.330104999945974,-99.32545776219956,7194.0
11790.0,San Mateo Tlaltenango,Cuajimalpa De Morelos,True,San Mateo Tlaltenango — Cuajimalpa De Morelos,19.345805000000894,-99.27430288081365,15593.0
11743.0,San Pablo Chimalpa,Cuajimalpa De Morelos,True,San Pablo Chimalpa — Cuajimalpa De Morelos,19.355280000321926,-99.31952902426761,8869.0
11741.0,San Pedro,Cuajimalpa De Morelos,True,San Pedro — Cuajimalpa De Morelos,19.362329999879734,-99.2989820496833,623.0
11247.0,Santa Lucia Reacomodo,Cuajimalpa De Morelos,True,Santa Lucia Reacomodo — Cuajimalpa De Morelos,19.354994999769588,-99.26312129743808,1299.0
11763.0,Tepetongo,Cuajimalpa De Morelos,True,Tepetongo — Cuajimalpa De Morelos,19.371554999913485,-99.29185889314317,3190.0
11780.0,Tlaxala,Cuajimalpa De Morelos,True,Tlaxala — Cuajimalpa De Morelos,19.363919999908234,-99.26862935467844,
11795.0,Valle De Las Monjas,Cuajimalpa De Morelos,True,Valle De Las Monjas — Cuajimalpa De Morelos,19.342439999956184,-99.29861743039385,1070.0
11749.0,Vista Hermosa,Cuajimalpa De Morelos,True,Vista Hermosa — Cuajimalpa De Morelos,19.366904999965925,-99.27894052215154,406.0
11793.0,Xalpa,Cuajimalpa De Morelos,True,Xalpa — Cuajimalpa De Morelos,19.31109999991523,-99.32986782430544,2718.0
11739.0,Zentlapatl,Cuajimalpa De Morelos,True,Zentlapatl — Cuajimalpa De Morelos,19.351504999806053,-99.31364397279742,3918.0
11786.0,Zona Rustica,Cuajimalpa De Morelos,True,Zona Rustica — Cuajimalpa De Morelos,19.340879999962198,-99.32115093466521,1847.0
11772.0,,Cuajimalpa De Morelos,True,,19.36144499998693,-99.28061038959581,
11830.0,Algarin,Cuauhtemoc,False,Algarin — Cuauhtemoc,19.405835000185277,-99.14037761007592,5271.0
11831.0,Ampl Asturias,Cuauhtemoc,False,Ampl Asturias — Cuauhtemoc,19.406999999950187,-99.13102140058777,5485.0
11827.0,Asturias,Cuauhtemoc,False,Asturias — Cuauhtemoc,19.404910000246474,-99.13094017776496,4351.0
11815.0,Atlampa,Cuauhtemoc,False,Atlampa — Cuauhtemoc,19.456894999954443,-99.1561867715539,8046.0
11812.0,Buenavista,Cuauhtemoc,False,Buenavista — Cuauhtemoc,19.445845000296686,-99.15030700899496,15532.0
11823.0,Buenos Aires,Cuauhtemoc,False,Buenos Aires — Cuauhtemoc,19.405424999714143,-99.1500812501129,5118.0
11800.0,Centro,Cuauhtemoc,False,Centro — Cuauhtemoc,19.433080000241972,-99.1376091482783,60883.0
11821.0,Centro Urbano Benito Juarez,Cuauhtemoc,False,Centro Urbano Benito Juarez — Cuauhtemoc,19.409275000091355,-99.15748429245289,629.0
11803.0,Condesa,Cuauhtemoc,False,Condesa — Cuauhtemoc,19.415754999893494,-99.17588604165095,8444.0
11817.0,Cuauhtemoc,Cuauhtemoc,False,Cuauhtemoc — Cuauhtemoc,19.42975000001266,-99.16714425933621,11576.0
11820.0,Doctores,Cuauhtemoc,False,Doctores — Cuauhtemoc,19.417114999657684,-99.14901813131765,41836.0
11826.0,Esperanza,Cuauhtemoc,False,Esperanza — Cuauhtemoc,19.41932499994894,-99.12856006414137,2235.0
11808.0,Ex Hipodromo De Peralvillo,Cuauhtemoc,False,Ex Hipodromo De Peralvillo — Cuauhtemoc,19.456840000116074,-99.13466529611063,11368.0
11810.0,Felipe Pescador,Cuauhtemoc,False,Felipe Pescador — Cuauhtemoc,19.454164999964945,-99.1255531945219,501.0
11811.0,Guerrero,Cuauhtemoc,False,Guerrero — Cuauhtemoc,19.44431999966841,-99.14312632920324,41657.0
11802.0,Hipodromo,Cuauhtemoc,False,Hipodromo — Cuauhtemoc,19.408620000013144,-99.17209508755634,13585.0
11804.0,Hipodromo De La Condesa,Cuauhtemoc,False,Hipodromo De La Condesa — Cuauhtemoc,19.409020000023133,-99.17990029535575,3153.0
11818.0,Juarez,Cuauhtemoc,False,Juarez — Cuauhtemoc,19.42701000001165,-99.16000086217709,10153.0
11809.0,Maza,Cuauhtemoc,False,Maza — Cuauhtemoc,19.455060000318923,-99.12818283671172,3065.0
11805.0,Morelos,Cuauhtemoc,False,Morelos — Cuauhtemoc,19.447245000106847,-99.13061254989668,34768.0
11824.0,Obrera,Cuauhtemoc,False,Obrera — Cuauhtemoc,19.414955000323175,-99.13920291651873,33340.0
11829.0,Paulino Navarro,Cuauhtemoc,False,Paulino Navarro — Cuauhtemoc,19.411185000037875,-99.12953236125543,5204.0
11806.0,Peralvillo,Cuauhtemoc,False,Peralvillo — Cuauhtemoc,19.461300000294926,-99.13354870704943,18924.0
11819.0,Roma Norte,Cuauhtemoc,False,Roma Norte — Cuauhtemoc,19.41832999992971,-99.164741169215,27637.0
11822.0,Roma Sur,Cuauhtemoc,False,Roma Sur — Cuauhtemoc,19.40585999998919,-99.16190725059197,16998.0
11816.0,San Rafael,Cuauhtemoc,False,San Rafael — Cuauhtemoc,19.43785999988927,-99.1625518465133,19239.0
11833.0,San Simon Tolnahuac,Cuauhtemoc,False,San Simon Tolnahuac — Cuauhtemoc,19.460604999721113,-99.14302845264075,9867.0
11814.0,Santa Maria Insurgentes,Cuauhtemoc,False,Santa Maria Insurgentes — Cuauhtemoc,19.460855000008394,-99.15323726188423,7843.0
11813.0,Santa Maria La Ribera,Cuauhtemoc,False,Santa Maria La Ribera — Cuauhtemoc,19.4474200000831,-99.15780838308147,40954.0
11801.0,Tabacalera,Cuauhtemoc,False,Tabacalera — Cuauhtemoc,19.435270000060626,-99.15375754863317,3280.0
11825.0,Transito,Cuauhtemoc,False,Transito — Cuauhtemoc,19.41826999986077,-99.13196588475458,8784.0
11832.0,Unidad Hab Nonoalco Tlatelolco,Cuauhtemoc,False,Unidad Hab Nonoalco Tlatelolco — Cuauhtemoc,19.452419999983192,-99.13856805568032,27544.0
11807.0,Valle Gomez,Cuauhtemoc,False,Valle Gomez — Cuauhtemoc,19.458835000385108,-99.12514426604778,4370.0
11828.0,Vista Alegre,Cuauhtemoc,False,Vista Alegre — Cuauhtemoc,19.410594999809547,-99.13296883481311,3393.0
11842.0,15 De Agosto,Gustavo A. Madero,False,15 De Agosto — Gustavo A. Madero,19.484690000193524,-99.10844763154982,3651.0
11984.0,25 De Julio,Gustavo A. Madero,False,25 De Julio — Gustavo A. Madero,19.49749500029418,-99.08038177169571,3381.0
11890.0,5 De Mayo,Gustavo A. Madero,False,5 De Mayo — Gustavo A. Madero,19.54773899975521,-99.14026477699223,
11882.0,6 De Junio,Gustavo A. Madero,False,6 De Junio — Gustavo A. Madero,19.550314999837525,-99.12521219099429,1926.0
12043.0,7 De Julio,Gustavo A. Madero,False,7 De Julio — Gustavo A. Madero,19.459600000140057,-99.12012937509546,511.0
12044.0,7 De Noviembre,Gustavo A. Madero,False,7 De Noviembre — Gustavo A. Madero,19.46192499988902,-99.1243166293163,1438.0
11946.0,Acueducto,Gustavo A. Madero,False,Acueducto — Gustavo A. Madero,19.515984999957965,-99.12354183827887,548.0
11916.0,Acueducto De Guadalupe,Gustavo A. Madero,False,Acueducto De Guadalupe — Gustavo A. Madero,19.52600000000018,-99.14929807690999,10985.0
11885.0,Ahuehuetes,Gustavo A. Madero,False,Ahuehuetes — Gustavo A. Madero,19.545914999727614,-99.13149277794619,4006.0
11914.0,Aidee Solis Cardenas,Gustavo A. Madero,False,Aidee Solis Cardenas — Gustavo A. Madero,19.533499999625434,-99.1456020479664,840.0
11868.0,Ampl Arboledas De Cuautepec El Alto,Gustavo A. Madero,False,Ampl Arboledas De Cuautepec El Alto — Gustavo A. Madero,19.572574999786553,-99.12525287602631,1608.0
11908.0,Ampl Benito Juarez,Gustavo A. Madero,False,Ampl Benito Juarez — Gustavo A. Madero,19.53339999996018,-99.13344178837697,888.0
12047.0,Ampl Emiliano Zapata,Gustavo A. Madero,False,Ampl Emiliano Zapata — Gustavo A. Madero,19.463904999915968,-99.10577198794434,1558.0
11850.0,Ampl Gabriel Hernandez,Gustavo A. Madero,False,Ampl Gabriel Hernandez — Gustavo A. Madero,19.504469999990675,-99.0997739511038,13113.0
12005.0,Ampl Guadalupe Proletaria,Gustavo A. Madero,False,Ampl Guadalupe Proletaria — Gustavo A. Madero,19.51951000018653,-99.14770127108025,2062.0
12052.0,Ampl La Joyita,Gustavo A. Madero,False,Ampl La Joyita — Gustavo A. Madero,19.46624500035665,-99.1165345943217,989.0
12026.0,Ampl Magdalena De Las Salinas,Gustavo A. Madero,False,Ampl Magdalena De Las Salinas — Gustavo A. Madero,19.483309999956703,-99.13637275870919,103.0
11859.0,Ampl Malacates,Gustavo A. Madero,False,Ampl Malacates — Gustavo A. Madero,19.575695000224243,-99.12986706748339,8733.0
12048.0,Ampl Martires De Rio Blanco,Gustavo A. Madero,False,Ampl Martires De Rio Blanco — Gustavo A. Madero,19.461785000177798,-99.10634244872205,1373.0
12028.0,Ampl Panamericana,Gustavo A. Madero,False,Ampl Panamericana — Gustavo A. Madero,19.47754499985203,-99.1406723575441,1343.0
12002.0,Ampl Progreso Nacional,Gustavo A. Madero,False,Ampl Progreso Nacional — Gustavo A. Madero,19.516695000324148,-99.1597313435433,5973.0
11995.0,Ampl Providencia,Gustavo A. Madero,False,Ampl Providencia — Gustavo A. Madero,19.478114999607726,-99.07073165180694,7319.0
11976.0,Ampl San Juan De Aragon,Gustavo A. Madero,False,Ampl San Juan De Aragon — Gustavo A. Madero,19.47796500033465,-99.10654721491665,219.0
12093.0,Ampl San Juan De Aragon Ctm,Gustavo A. Madero,False,Ampl San Juan De Aragon Ctm — Gustavo A. Madero,19.453744999931956,-99.05399636183023,2864.0
11851.0,Ampl Santa Cruz,Gustavo A. Madero,False,Ampl Santa Cruz — Gustavo A. Madero,19.506290000283457,-99.10667692629768,2610.0
11834.0,Aragon,Gustavo A. Madero,False,Aragon — Gustavo A. Madero,19.479905000315682,-99.11497554271043,4992.0
12084.0,Aragon Fovissste,Gustavo A. Madero,False,Aragon Fovissste — Gustavo A. Madero,19.454354999733596,-99.06078493575995,1626.0
12036.0,Aragon Inguaran,Gustavo A. Madero,False,Aragon Inguaran — Gustavo A. Madero,19.470329999879738,-99.10763986829427,4840.0
11869.0,Arboledas De Cuautepec El Alto,Gustavo A. Madero,False,Arboledas De Cuautepec El Alto — Gustavo A. Madero,19.56168499986302,-99.12528044122803,6533.0
11991.0,Arcos La Esmeralda,Gustavo A. Madero,False,Arcos La Esmeralda — Gustavo A. Madero,19.48649499979456,-99.08707518528476,1170.0
11937.0,Arroyo De Guadalupe,Gustavo A. Madero,False,Arroyo De Guadalupe — Gustavo A. Madero,19.51059999984028,-99.13661273141956,1114.0
11840.0,Atzacoalco,Gustavo A. Madero,False,Atzacoalco — Gustavo A. Madero,19.496834999985424,-99.09669149119006,4729.0
11852.0,Atzacoalco Ctm,Gustavo A. Madero,False,Atzacoalco Ctm — Gustavo A. Madero,19.510149999772835,-99.10228254514345,6275.0
12053.0,Belisario Dominguez,Gustavo A. Madero,False,Belisario Dominguez — Gustavo A. Madero,19.462680000082088,-99.11090305994412,1173.0
11907.0,Benito Juarez,Gustavo A. Madero,False,Benito Juarez — Gustavo A. Madero,19.53297499969665,-99.13917131060572,7458.0
12081.0,Blanca Avila,Gustavo A. Madero,False,Blanca Avila — Gustavo A. Madero,19.469624999744127,-99.08201750014078,
11855.0,Bo Cuautepec El Alto,Gustavo A. Madero,False,Bo Cuautepec El Alto — Gustavo A. Madero,19.557225000133798,-99.13313218154164,6720.0
12045.0,Bondojito,Gustavo A. Madero,False,Bondojito — Gustavo A. Madero,19.46519500004939,-99.10750082401256,1917.0
12063.0,Bosque De San Juan De Aragon,Gustavo A. Madero,False,Bosque De San Juan De Aragon — Gustavo A. Madero,19.45781000033142,-99.07562188444444,74.0
11921.0,Bugambilias De Ticoman,Gustavo A. Madero,False,Bugambilias De Ticoman — Gustavo A. Madero,19.5242349999954,-99.14390446701532,157.0
12082.0,Camino San Juan De Aragon,Gustavo A. Madero,False,Camino San Juan De Aragon — Gustavo A. Madero,19.473865000119815,-99.08407190243776,462.0
11992.0,Campamento La Esmeralda,Gustavo A. Madero,False,Campamento La Esmeralda — Gustavo A. Madero,19.48724500020677,-99.0874258766722,244.0
11985.0,Campestre Aragon,Gustavo A. Madero,False,Campestre Aragon — Gustavo A. Madero,19.48485500015829,-99.07920982052596,27098.0
11955.0,Capultitlan,Gustavo A. Madero,False,Capultitlan — Gustavo A. Madero,19.478740000101112,-99.1334226004353,3831.0
11997.0,Casas Aleman,Gustavo A. Madero,False,Casas Aleman — Gustavo A. Madero,19.479374999706636,-99.08480151515847,22455.0
11896.0,Castillo El Chico,Gustavo A. Madero,False,Castillo El Chico — Gustavo A. Madero,19.543964999735095,-99.1350625174145,1831.0
11898.0,Castillo El Grande,Gustavo A. Madero,False,Castillo El Grande — Gustavo A. Madero,19.538779999847293,-99.13803063625667,2710.0
11897.0,Castillo Grande,Gustavo A. Madero,False,Castillo Grande — Gustavo A. Madero,19.537864999919975,-99.13364401845037,3405.0
12086.0,Cerro Prieto,Gustavo A. Madero,False,Cerro Prieto — Gustavo A. Madero,19.452924999889007,-99.09800537958174,4529.0
11895.0,Chalma De Guadalupe,Gustavo A. Madero,False,Chalma De Guadalupe — Gustavo A. Madero,19.551994999969452,-99.15108669991966,21823.0
12020.0,Churubusco Tepeyac,Gustavo A. Madero,False,Churubusco Tepeyac — Gustavo A. Madero,19.486605000370616,-99.13569000577935,2791.0
11880.0,Cocoyotes,Gustavo A. Madero,False,Cocoyotes — Gustavo A. Madero,19.548725000258713,-99.13046866614616,6380.0
11862.0,Compositores Mexicanos,Gustavo A. Madero,False,Compositores Mexicanos — Gustavo A. Madero,19.56681499991248,-99.14168039631538,11332.0
12017.0,Condumodulos,Gustavo A. Madero,False,Condumodulos — Gustavo A. Madero,19.50291299968535,-99.15485157289834,442.0
11975.0,Constitucion De La Republica,Gustavo A. Madero,False,Constitucion De La Republica — Gustavo A. Madero,19.483410000071615,-99.10122877370492,10684.0
12014.0,Costas Del Mediterraneo,Gustavo A. Madero,False,Costas Del Mediterraneo — Gustavo A. Madero,19.511625000343656,-99.14387041272346,166.0
12094.0,Ctm Aragon,Gustavo A. Madero,False,Ctm Aragon — Gustavo A. Madero,19.452505000305678,-99.05755446646921,4102.0
11856.0,Cuatepec El Bajo,Gustavo A. Madero,False,Cuatepec El Bajo — Gustavo A. Madero,19.553089999653906,-99.1356661230165,3943.0
11891.0,Cuautepec De Madero,Gustavo A. Madero,False,Cuautepec De Madero — Gustavo A. Madero,19.544560000194025,-99.13761956033721,9496.0
11889.0,Cuautepec De Madero Barrio Bajo,Gustavo A. Madero,False,Cuautepec De Madero Barrio Bajo — Gustavo A. Madero,19.543225000233747,-99.14104416669312,3271.0
11887.0,Cuautepec Del Carmen,Gustavo A. Madero,False,Cuautepec Del Carmen — Gustavo A. Madero,19.542155000353148,-99.13343548063969,5962.0
12062.0,Cuchilla Del Tesoro,Gustavo A. Madero,False,Cuchilla Del Tesoro — Gustavo A. Madero,19.449140000260968,-99.0567626704677,12291.0
12059.0,Cuchilla La Joya,Gustavo A. Madero,False,Cuchilla La Joya — Gustavo A. Madero,19.457779999847276,-99.11059464518,4799.0
12031.0,Defensores De La Republica,Gustavo A. Madero,False,Defensores De La Republica — Gustavo A. Madero,19.47490499996593,-99.1425927975483,5169.0
11892.0,Del Bosque,Gustavo A. Madero,False,Del Bosque — Gustavo A. Madero,19.545175000226237,-99.14347218445474,3286.0
11964.0,Del Obrero,Gustavo A. Madero,False,Del Obrero — Gustavo A. Madero,19.499949999742853,-99.09109018289797,4360.0
11966.0,Dm Nacional,Gustavo A. Madero,False,Dm Nacional — Gustavo A. Madero,19.477964999885018,-99.09593269321965,11235.0
11971.0,Eduardo Molina I,Gustavo A. Madero,False,Eduardo Molina I — Gustavo A. Madero,19.483689999943692,-99.09053981773837,1493.0
11972.0,Eduardo Molina Ii,Gustavo A. Madero,False,Eduardo Molina Ii — Gustavo A. Madero,19.483104999945965,-99.09214024176401,480.0
12070.0,Ejidos San Juan De Aragon 1Ra Secc,Gustavo A. Madero,False,Ejidos San Juan De Aragon 1Ra Secc — Gustavo A. Madero,19.469165000114828,-99.09292013706352,2857.0
11903.0,El Arbolillo,Gustavo A. Madero,False,El Arbolillo — Gustavo A. Madero,19.535725000158777,-99.13975499992128,4190.0
11904.0,El Arbolillo 2,Gustavo A. Madero,False,El Arbolillo 2 — Gustavo A. Madero,19.53332500009884,-99.14325838746497,4924.0
11901.0,El Arbolillo 3,Gustavo A. Madero,False,El Arbolillo 3 — Gustavo A. Madero,19.537710000416354,-99.14384486487391,2435.0
11915.0,El Arbolillo Ctm,Gustavo A. Madero,False,El Arbolillo Ctm — Gustavo A. Madero,19.53056500007486,-99.14791862880278,8082.0
11905.0,El Arbolillo Ii Croc,Gustavo A. Madero,False,El Arbolillo Ii Croc — Gustavo A. Madero,19.53148499978309,-99.1429930007115,303.0
11888.0,El Carmen,Gustavo A. Madero,False,El Carmen — Gustavo A. Madero,19.542604999970933,-99.13012125808268,848.0
11993.0,El Milagro,Gustavo A. Madero,False,El Milagro — Gustavo A. Madero,19.485050000157543,-99.08445858358398,2951.0
12067.0,El Olivo,Gustavo A. Madero,False,El Olivo — Gustavo A. Madero,19.473690000143563,-99.08676718845054,1362.0
11853.0,El Risco Ctm,Gustavo A. Madero,False,El Risco Ctm — Gustavo A. Madero,19.508754999743587,-99.09571650869852,12337.0
11863.0,El Tepetatal,Gustavo A. Madero,False,El Tepetatal — Gustavo A. Madero,19.563240000076092,-99.13693045434337,1089.0
12057.0,Emiliano Zapata,Gustavo A. Madero,False,Emiliano Zapata — Gustavo A. Madero,19.461379999937208,-99.11835907861214,4653.0
11843.0,Estanzuela,Gustavo A. Madero,False,Estanzuela — Gustavo A. Madero,19.49252499997891,-99.10876307279287,2835.0
12035.0,Estrella,Gustavo A. Madero,False,Estrella — Gustavo A. Madero,19.475089999953695,-99.11650100398637,9131.0
12087.0,Ex Escuela De Tiro,Gustavo A. Madero,False,Ex Escuela De Tiro — Gustavo A. Madero,19.454584999997905,-99.09985647793812,2197.0
12046.0,Faja De Oro,Gustavo A. Madero,False,Faja De Oro — Gustavo A. Madero,19.46621999965342,-99.10482752665385,1296.0
12085.0,Fernando Casas Aleman,Gustavo A. Madero,False,Fernando Casas Aleman — Gustavo A. Madero,19.454894999904468,-99.09670249995776,1677.0
11968.0,Ferrocarrilera Insurgentes,Gustavo A. Madero,False,Ferrocarrilera Insurgentes — Gustavo A. Madero,19.482970000015655,-99.09372266700997,
12071.0,Fovissste Cuchilla,Gustavo A. Madero,False,Fovissste Cuchilla — Gustavo A. Madero,19.471509999886734,-99.08716881589282,470.0
11944.0,Fovissste Ticoman,Gustavo A. Madero,False,Fovissste Ticoman — Gustavo A. Madero,19.513071000026798,-99.12637178439226,368.0
12072.0,Fovisste Rio De Guadalipe,Gustavo A. Madero,False,Fovisste Rio De Guadalipe — Gustavo A. Madero,19.473639999636447,-99.08870871426384,871.0
11938.0,Futurama,Gustavo A. Madero,False,Futurama — Gustavo A. Madero,19.508445000286684,-99.13564472143582,127.0
11849.0,Gabriel Hernandez,Gustavo A. Madero,False,Gabriel Hernandez — Gustavo A. Madero,19.499070000080593,-99.10153099451867,10493.0
12038.0,Gertrudis Sanchez 1Ra Secc,Gustavo A. Madero,False,Gertrudis Sanchez 1Ra Secc — Gustavo A. Madero,19.470329999879738,-99.10382010867039,2972.0
12039.0,Gertrudis Sanchez 2Da Secc,Gustavo A. Madero,False,Gertrudis Sanchez 2Da Secc — Gustavo A. Madero,19.466694999974436,-99.09963843763724,7717.0
12040.0,Gertrudis Sanchez 3A Seccion,Gustavo A. Madero,False,Gertrudis Sanchez 3A Seccion — Gustavo A. Madero,19.461345000121838,-99.10179171063395,8300.0
11876.0,Graciano Sanchez,Gustavo A. Madero,False,Graciano Sanchez — Gustavo A. Madero,19.55759500010933,-99.14662889941383,518.0
11881.0,Gral Felipe Berriozabal,Gustavo A. Madero,False,Gral Felipe Berriozabal — Gustavo A. Madero,19.554640000086096,-99.12819672420804,6457.0
11974.0,Granjas Modernas,Gustavo A. Madero,False,Granjas Modernas — Gustavo A. Madero,19.47879000015854,-99.10233382748464,1608.0
12054.0,Guadalupe Insurgentes,Gustavo A. Madero,False,Guadalupe Insurgentes — Gustavo A. Madero,19.47596000005413,-99.13159375758121,3999.0
12003.0,Guadalupe Proletaria,Gustavo A. Madero,False,Guadalupe Proletaria — Gustavo A. Madero,19.52196000030392,-99.15418033043159,6977.0
12041.0,Guadalupe Tepeyac,Gustavo A. Madero,False,Guadalupe Tepeyac — Gustavo A. Madero,19.467034999915455,-99.12078690050387,7600.0
11947.0,Guadalupe Ticoman,Gustavo A. Madero,False,Guadalupe Ticoman — Gustavo A. Madero,19.519114999957452,-99.12682879995086,1378.0
12032.0,Guadalupe Victoria,Gustavo A. Madero,False,Guadalupe Victoria — Gustavo A. Madero,19.470405000190794,-99.13981393917398,2068.0
11894.0,Guadalupe Victoria Cuautepec,Gustavo A. Madero,False,Guadalupe Victoria Cuautepec — Gustavo A. Madero,19.539685000212756,-99.14082876382164,2059.0
11841.0,Gustavo A Madero,Gustavo A. Madero,False,Gustavo A Madero — Gustavo A. Madero,19.484119999988167,-99.1158993332225,2312.0
12018.0,Hectometro Vallejo,Gustavo A. Madero,False,Hectometro Vallejo — Gustavo A. Madero,19.507514000071183,-99.15290510641623,175.0
12030.0,Heroe De Nacozari,Gustavo A. Madero,False,Heroe De Nacozari — Gustavo A. Madero,19.471640000036132,-99.14350421861889,2148.0
12069.0,Heroes De Chapultepec,Gustavo A. Madero,False,Heroes De Chapultepec — Gustavo A. Madero,19.474099999715378,-99.0914964586261,1260.0
12073.0,Hornos De Aragon,Gustavo A. Madero,False,Hornos De Aragon — Gustavo A. Madero,19.470289999833795,-99.08044394267137,
12068.0,Indeco,Gustavo A. Madero,False,Indeco — Gustavo A. Madero,19.47341500005237,-99.08995001433681,1597.0
12034.0,Industrial,Gustavo A. Madero,False,Industrial — Gustavo A. Madero,19.4749500002425,-99.12572313589797,19013.0
11927.0,Infonavit,Gustavo A. Madero,False,Infonavit — Gustavo A. Madero,19.51615400010718,-99.14197095181305,1160.0
12074.0,Infonavit Camino San Juan De Aragon,Gustavo A. Madero,False,Infonavit Camino San Juan De Aragon — Gustavo A. Madero,19.47270999991673,-99.08280096445876,1261.0
12075.0,Infonavit Loreto Fabela,Gustavo A. Madero,False,Infonavit Loreto Fabela — Gustavo A. Madero,19.471764999954956,-99.08020578003492,3172.0
11878.0,Jaime S Emiliano G,Gustavo A. Madero,False,Jaime S Emiliano G — Gustavo A. Madero,19.547220000103096,-99.13522749975034,1030.0
11928.0,Jardines Del Mediterraneo Ii,Gustavo A. Madero,False,Jardines Del Mediterraneo Ii — Gustavo A. Madero,19.515695000074373,-99.14290423197716,
11922.0,Jorge Negrete,Gustavo A. Madero,False,Jorge Negrete — Gustavo A. Madero,19.528534999990427,-99.14386124979671,5832.0
11973.0,Jose Maria Morelos Y Pavon 1Ra Secc,Gustavo A. Madero,False,Jose Maria Morelos Y Pavon 1Ra Secc — Gustavo A. Madero,19.483870000150546,-99.09459007352567,527.0
11970.0,Jose Maria Morelos Y Pavon 2Da Secc,Gustavo A. Madero,False,Jose Maria Morelos Y Pavon 2Da Secc — Gustavo A. Madero,19.47944499978709,-99.09101532375016,1682.0
12049.0,Joyita,Gustavo A. Madero,False,Joyita — Gustavo A. Madero,19.464019999823307,-99.11783476439325,
11952.0,Juan De Dios Batiz,Gustavo A. Madero,False,Juan De Dios Batiz — Gustavo A. Madero,19.5041350002802,-99.12974190316612,1624.0
11959.0,Juan Gonzalez Romero,Gustavo A. Madero,False,Juan Gonzalez Romero — Gustavo A. Madero,19.505499999825304,-99.08952340656487,9524.0
11871.0,Juventino Rosas,Gustavo A. Madero,False,Juventino Rosas — Gustavo A. Madero,19.563240000076092,-99.13449695630018,1489.0
11926.0,La Candelaria Ticoman,Gustavo A. Madero,False,La Candelaria Ticoman — Gustavo A. Madero,19.521895000004406,-99.13560994573598,10519.0
11872.0,La Casilda,Gustavo A. Madero,False,La Casilda — Gustavo A. Madero,19.557730000039612,-99.12575131149788,7656.0
11847.0,La Cruz,Gustavo A. Madero,False,La Cruz — Gustavo A. Madero,19.49238500026769,-99.10121091908509,2828.0
12083.0,La Cuchilla,Gustavo A. Madero,False,La Cuchilla — Gustavo A. Madero,19.470549999682902,-99.08833705135928,1957.0
11848.0,La Dinamita,Gustavo A. Madero,False,La Dinamita — Gustavo A. Madero,19.491465000109827,-99.10438004924453,4282.0
11929.0,La Escalera,Gustavo A. Madero,False,La Escalera — Gustavo A. Madero,19.511489999963686,-99.1349550755227,4631.0
11986.0,La Esmeralda,Gustavo A. Madero,False,La Esmeralda — Gustavo A. Madero,19.487899999835292,-99.08533070189644,2215.0
11987.0,La Esmeralda Iii,Gustavo A. Madero,False,La Esmeralda Iii — Gustavo A. Madero,19.484704999985922,-99.08781532605403,478.0
11864.0,La Forestal,Gustavo A. Madero,False,La Forestal — Gustavo A. Madero,19.563935000200274,-99.13066309718891,9359.0
11865.0,La Forestal 2,Gustavo A. Madero,False,La Forestal 2 — Gustavo A. Madero,19.569295000064358,-99.12682650004476,1823.0
11866.0,La Forestal I,Gustavo A. Madero,False,La Forestal I — Gustavo A. Madero,19.56925999979933,-99.12921913811762,1678.0
11988.0,La Huitznahua,Gustavo A. Madero,False,La Huitznahua — Gustavo A. Madero,19.485305000225736,-99.0876759091522,573.0
12060.0,La Joya,Gustavo A. Madero,False,La Joya — Gustavo A. Madero,19.457020000322927,-99.10832600790224,5552.0
12050.0,La Joyita,Gustavo A. Madero,False,La Joyita — Gustavo A. Madero,19.464799999820286,-99.1174221147565,747.0
11945.0,La Laguna Ticoman,Gustavo A. Madero,False,La Laguna Ticoman — Gustavo A. Madero,19.511530000009657,-99.12883652174416,1517.0
11923.0,La Pastora,Gustavo A. Madero,False,La Pastora — Gustavo A. Madero,19.525894999654696,-99.13679672466439,12549.0
11979.0,La Pradera,Gustavo A. Madero,False,La Pradera — Gustavo A. Madero,19.475550000032655,-99.06736418425356,9664.0
11981.0,La Pradera 1Ra Secc,Gustavo A. Madero,False,La Pradera 1Ra Secc — Gustavo A. Madero,19.47422000030292,-99.06284608897408,3319.0
11982.0,La Pradera 2Da Secc,Gustavo A. Madero,False,La Pradera 2Da Secc — Gustavo A. Madero,19.47121500022226,-99.06440007174444,1938.0
11930.0,La Purisima Ticoman,Gustavo A. Madero,False,La Purisima Ticoman — Gustavo A. Madero,19.51553499989049,-99.13999602597568,2855.0
12010.0,La Salle,Gustavo A. Madero,False,La Salle — Gustavo A. Madero,19.513359999864264,-99.14226969963005,371.0
11969.0,Legislatura 51,Gustavo A. Madero,False,Legislatura 51 — Gustavo A. Madero,19.483565000024896,-99.09305904794871,665.0
11924.0,Lindavista,Gustavo A. Madero,False,Lindavista — Gustavo A. Madero,19.492195000049378,-99.13037807667143,18185.0
11873.0,Loma De La Palma,Gustavo A. Madero,False,Loma De La Palma — Gustavo A. Madero,19.553469999640953,-99.14170704338326,9051.0
11858.0,Lomas De Cuautepec,Gustavo A. Madero,False,Lomas De Cuautepec — Gustavo A. Madero,19.570089999853764,-99.13769263492662,10102.0
11953.0,Lomas De San Juan Ixhuatepec (2A Seccion),Gustavo A. Madero,False,Lomas De San Juan Ixhuatepec (2A Seccion) — Gustavo A. Madero,19.509169999995663,-99.10794388761406,1298.0
12076.0,Loreto Fabela,Gustavo A. Madero,False,Loreto Fabela — Gustavo A. Madero,19.468910000046634,-99.08081643938765,
12077.0,Los Olivos,Gustavo A. Madero,False,Los Olivos — Gustavo A. Madero,19.47290000013507,-99.0816975768067,379.0
12004.0,Los Remedios,Gustavo A. Madero,False,Los Remedios — Gustavo A. Madero,19.523820000193012,-99.15631696535335,1101.0
11877.0,Luis Donaldo Colosio Murrieta,Gustavo A. Madero,False,Luis Donaldo Colosio Murrieta — Gustavo A. Madero,19.562389999998658,-99.14458227630597,5309.0
11906.0,Luis E Rodriguez Orozco,Gustavo A. Madero,False,Luis E Rodriguez Orozco — Gustavo A. Madero,19.53086600001606,-99.14237878390409,
12027.0,Magdalena De Las Salinas,Gustavo A. Madero,False,Magdalena De Las Salinas — Gustavo A. Madero,19.481779999997173,-99.14695604890616,3153.0
11860.0,Malacates,Gustavo A. Madero,False,Malacates — Gustavo A. Madero,19.573959999804316,-99.13427424727394,5537.0
12061.0,Malinche,Gustavo A. Madero,False,Malinche — Gustavo A. Madero,19.45262499999393,-99.10431308492946,5286.0
11980.0,Malvinas Mexicanas,Gustavo A. Madero,False,Malvinas Mexicanas — Gustavo A. Madero,19.469004999930945,-99.06326203878724,1012.0
11845.0,Martin Carrera,Gustavo A. Madero,False,Martin Carrera — Gustavo A. Madero,19.488110000076603,-99.1070537497281,16759.0
12056.0,Martires De Rio Blanco,Gustavo A. Madero,False,Martires De Rio Blanco — Gustavo A. Madero,19.45870499978608,-99.11399847891605,7823.0
11910.0,Matias Romero Zona Norte,Gustavo A. Madero,False,Matias Romero Zona Norte — Gustavo A. Madero,19.534068000188228,-99.14711326138864,277.0
11911.0,Matias Romero Zona Sur,Gustavo A. Madero,False,Matias Romero Zona Sur — Gustavo A. Madero,19.53343749989085,-99.14759120574683,212.0
11956.0,Maximino Avila Camacho,Gustavo A. Madero,False,Maximino Avila Camacho — Gustavo A. Madero,19.478720000078113,-99.13802558024481,2194.0
12015.0,Mediterrane I,Gustavo A. Madero,False,Mediterrane I — Gustavo A. Madero,19.511275000391123,-99.14211638625835,210.0
12012.0,Mediterrane Ii,Gustavo A. Madero,False,Mediterrane Ii — Gustavo A. Madero,19.51101500009233,-99.14099541656134,415.0
11912.0,Mexicuizapan,Gustavo A. Madero,False,Mexicuizapan — Gustavo A. Madero,19.533149000076435,-99.14652072605313,568.0
11917.0,Modular De Acueducto,Gustavo A. Madero,False,Modular De Acueducto — Gustavo A. Madero,19.523850000227498,-99.1509855201308,840.0
11919.0,Mosaiquera,Gustavo A. Madero,False,Mosaiquera — Gustavo A. Madero,19.524994999969437,-99.1437681620204,1228.0
12092.0,Narciso Bassols,Gustavo A. Madero,False,Narciso Bassols — Gustavo A. Madero,19.456070000130552,-99.05655487172696,5178.0
11962.0,Nueva Atzacoalco,Gustavo A. Madero,False,Nueva Atzacoalco — Gustavo A. Madero,19.49761499998243,-99.08596755491092,30398.0
11989.0,Nueva Esmeralda,Gustavo A. Madero,False,Nueva Esmeralda — Gustavo A. Madero,19.486390000348422,-99.0879372450243,
12007.0,Nueva Industrial Vallejo Norte,Gustavo A. Madero,False,Nueva Industrial Vallejo Norte — Gustavo A. Madero,19.51210999977681,-99.15398726656537,474.0
12058.0,Nueva Tenochtitlan,Gustavo A. Madero,False,Nueva Tenochtitlan — Gustavo A. Madero,19.45691000019653,-99.10354783343989,8777.0
12025.0,Nueva Vallejo,Gustavo A. Madero,False,Nueva Vallejo — Gustavo A. Madero,19.487585000147817,-99.1473714060715,3392.0
12008.0,Nva Industrial Vallejo,Gustavo A. Madero,False,Nva Industrial Vallejo — Gustavo A. Madero,19.496809999731852,-99.15402473048927,208.0
11879.0,Palmatitla,Gustavo A. Madero,False,Palmatitla — Gustavo A. Madero,19.551629999774832,-99.131336830112,5115.0
12029.0,Panamericana,Gustavo A. Madero,False,Panamericana — Gustavo A. Madero,19.479950000142537,-99.14294765767272,5852.0
11870.0,Parque Del Metropolitano,Gustavo A. Madero,False,Parque Del Metropolitano — Gustavo A. Madero,19.56801499994245,-99.13098099976318,2975.0
11837.0,Parque Del Tepeyac,Gustavo A. Madero,False,Parque Del Tepeyac — Gustavo A. Madero,19.495905000265708,-99.11033502569555,1615.0
12023.0,Planetario Lindavista,Gustavo A. Madero,False,Planetario Lindavista — Gustavo A. Madero,19.495264999979923,-99.14178438277472,1238.0
11963.0,Plaza Oriente,Gustavo A. Madero,False,Plaza Oriente — Gustavo A. Madero,19.4859649996352,-99.09338909048881,835.0
11861.0,Prados De Cuautepec,Gustavo A. Madero,False,Prados De Cuautepec — Gustavo A. Madero,19.561409999771826,-99.14137931833399,322.0
11998.0,Progreso Nacional,Gustavo A. Madero,False,Progreso Nacional — Gustavo A. Madero,19.51951000018653,-99.15788044705155,15265.0
11994.0,Providencia,Gustavo A. Madero,False,Providencia — Gustavo A. Madero,19.48393500000043,-99.07052937523105,24332.0
11954.0,Res Zacatenco,Gustavo A. Madero,False,Res Zacatenco — Gustavo A. Madero,19.502609999651924,-99.1244392308472,6698.0
12011.0,Residencial Elite,Gustavo A. Madero,False,Residencial Elite — Gustavo A. Madero,19.513285000002924,-99.14346897518368,
11931.0,Residencial Florencia,Gustavo A. Madero,False,Residencial Florencia — Gustavo A. Madero,19.510110000176525,-99.135406825876,267.0
11932.0,Residencial Niza,Gustavo A. Madero,False,Residencial Niza — Gustavo A. Madero,19.50811499990749,-99.13508922451882,
11925.0,Revolucion Imss,Gustavo A. Madero,False,Revolucion Imss — Gustavo A. Madero,19.485649999947697,-99.13133452463296,13.0
11838.0,Rosas Del Tepeyac,Gustavo A. Madero,False,Rosas Del Tepeyac — Gustavo A. Madero,19.491105000145808,-99.11447171031834,1365.0
11958.0,Salvador Diaz Miron,Gustavo A. Madero,False,Salvador Diaz Miron — Gustavo A. Madero,19.488540000121077,-99.09747011503856,16114.0
11857.0,San Antonio,Gustavo A. Madero,False,San Antonio — Gustavo A. Madero,19.557834999935466,-99.13802881260915,4289.0
12021.0,San Bartolo Atepehuacan,Gustavo A. Madero,False,San Bartolo Atepehuacan — Gustavo A. Madero,19.49434499982206,-99.14430572378924,6652.0
11933.0,San Bernandino Ticoman I,Gustavo A. Madero,False,San Bernandino Ticoman I — Gustavo A. Madero,19.515480000052122,-99.1381811795222,258.0
11983.0,San Felipe De Jesus,Gustavo A. Madero,False,San Felipe De Jesus — Gustavo A. Madero,19.496134999630698,-99.07139904498283,49779.0
12000.0,San Jose De La Escalera,Gustavo A. Madero,False,San Jose De La Escalera — Gustavo A. Madero,19.526060000069123,-99.16505949985924,3739.0
11846.0,San Jose De La Pradera,Gustavo A. Madero,False,San Jose De La Pradera — Gustavo A. Madero,19.494556499682886,-99.10275497831672,1834.0
11941.0,San Jose Ticoman,Gustavo A. Madero,False,San Jose Ticoman — Gustavo A. Madero,19.50715500015332,-99.13343577242387,3756.0
12078.0,San Juan De Aragon,Gustavo A. Madero,False,San Juan De Aragon — Gustavo A. Madero,19.469095000034372,-99.08830960022297,13297.0
12088.0,San Juan De Aragon 1Ra Secc,Gustavo A. Madero,False,San Juan De Aragon 1Ra Secc — Gustavo A. Madero,19.458714999797564,-99.0928267912739,17892.0
12089.0,San Juan De Aragon 2Da Secc,Gustavo A. Madero,False,San Juan De Aragon 2Da Secc — Gustavo A. Madero,19.45356500017479,-99.08567113836095,13573.0
12090.0,San Juan De Aragon 3Ra Secc,Gustavo A. Madero,False,San Juan De Aragon 3Ra Secc — Gustavo A. Madero,19.45233500011031,-99.0722053749191,10966.0
12091.0,San Juan De Aragon 4Ta Y 5Ta Secc,Gustavo A. Madero,False,San Juan De Aragon 4Ta Y 5Ta Secc — Gustavo A. Madero,19.454530000159536,-99.06527097762762,13294.0
12065.0,San Juan De Aragon 6Ta Secc,Gustavo A. Madero,False,San Juan De Aragon 6Ta Secc — Gustavo A. Madero,19.46903499996543,-99.0677113534102,10708.0
12064.0,San Juan De Aragon 7Ma Secc,Gustavo A. Madero,False,San Juan De Aragon 7Ma Secc — Gustavo A. Madero,19.473574999786564,-99.07474459457322,13239.0
12066.0,San Juan De Aragon Ejidos 2Da Secc,Gustavo A. Madero,False,San Juan De Aragon Ejidos 2Da Secc — Gustavo A. Madero,19.46490500016577,-99.07783735450798,1044.0
11948.0,San Juan Ticoman,Gustavo A. Madero,False,San Juan Ticoman — Gustavo A. Madero,19.522645000416617,-99.12931441364027,5790.0
12079.0,San Miguel 1Ra Secc,Gustavo A. Madero,False,San Miguel 1Ra Secc — Gustavo A. Madero,19.472265000079858,-99.08904765808421,1056.0
12080.0,San Miguel 2Da Secc,Gustavo A. Madero,False,San Miguel 2Da Secc — Gustavo A. Madero,19.47178699962049,-99.08788291252603,519.0
11854.0,San Miguel Cuautepec El Alto,Gustavo A. Madero,False,San Miguel Cuautepec El Alto — Gustavo A. Madero,19.561655000278193,-99.13832741072261,2319.0
11978.0,San Pedro El Chico,Gustavo A. Madero,False,San Pedro El Chico — Gustavo A. Madero,19.471489999863763,-99.09725329587619,4695.0
11950.0,San Pedro Zacatenco,Gustavo A. Madero,False,San Pedro Zacatenco — Gustavo A. Madero,19.507515000117337,-99.11520377143171,6572.0
11949.0,San Rafael Ticoman,Gustavo A. Madero,False,San Rafael Ticoman — Gustavo A. Madero,19.513919999608447,-99.12152297648439,929.0
11977.0,Santa Coleta,Gustavo A. Madero,False,Santa Coleta — Gustavo A. Madero,19.4748499996779,-99.10671287536357,
11835.0,Santa Isabel Tola,Gustavo A. Madero,False,Santa Isabel Tola — Gustavo A. Madero,19.497330000329413,-99.11614404223627,10943.0
11939.0,Santa Maria Ticoman,Gustavo A. Madero,False,Santa Maria Ticoman — Gustavo A. Madero,19.514834999985425,-99.1325457140531,5276.0
11999.0,Santa Rosa,Gustavo A. Madero,False,Santa Rosa — Gustavo A. Madero,19.525320000118057,-99.17056053574404,14651.0
12001.0,Santiago Atepetlac,Gustavo A. Madero,False,Santiago Atepetlac — Gustavo A. Madero,19.524649999797816,-99.16001678542519,4536.0
12006.0,Secretaria De Comunicaciones Y Transportes,Gustavo A. Madero,False,Secretaria De Comunicaciones Y Transportes — Gustavo A. Madero,19.508654999628703,-99.1559704819365,3575.0
11920.0,Sedena,Gustavo A. Madero,False,Sedena — Gustavo A. Madero,19.523824999973925,-99.14277398530331,837.0
11934.0,Sierravista,Gustavo A. Madero,False,Sierravista — Gustavo A. Madero,19.50750000032491,-99.13645436112037,230.0
12009.0,Siete Maravillas,Gustavo A. Madero,False,Siete Maravillas — Gustavo A. Madero,19.514720000078086,-99.14383031369991,1502.0
11909.0,Solidaridad Nacional,Gustavo A. Madero,False,Solidaridad Nacional — Gustavo A. Madero,19.533660000258976,-99.1535521206892,2837.0
12051.0,Tablas De San Agustin,Gustavo A. Madero,False,Tablas De San Agustin — Gustavo A. Madero,19.465545000001896,-99.11167403357041,5400.0
11902.0,Tablas De Santa Teresa,Gustavo A. Madero,False,Tablas De Santa Teresa — Gustavo A. Madero,19.534425000013925,-99.14818770852119,306.0
11836.0,Tepetates,Gustavo A. Madero,False,Tepetates — Gustavo A. Madero,19.493684999962937,-99.11334300015346,607.0
11839.0,Tepeyac Insurgentes,Gustavo A. Madero,False,Tepeyac Insurgentes — Gustavo A. Madero,19.486140000061113,-99.12163791460094,6523.0
11940.0,Ticoman,Gustavo A. Madero,False,Ticoman — Gustavo A. Madero,19.51626000004913,-99.13620949949045,1163.0
11935.0,Ticoman I,Gustavo A. Madero,False,Ticoman I — Gustavo A. Madero,19.514489999813804,-99.13611688540784,
11936.0,Ticoman Ii,Gustavo A. Madero,False,Ticoman Ii — Gustavo A. Madero,19.513526999921282,-99.13651880258502,
11874.0,Tlacaelel,Gustavo A. Madero,False,Tlacaelel — Gustavo A. Madero,19.55954500010185,-99.14440307717445,3866.0
11875.0,Tlacaelel 1,Gustavo A. Madero,False,Tlacaelel 1 — Gustavo A. Madero,19.557559999844273,-99.14333250006031,575.0
11957.0,Tlacamaca,Gustavo A. Madero,False,Tlacamaca — Gustavo A. Madero,19.47407999969238,-99.13661454978924,1552.0
11884.0,Tlalpexco,Gustavo A. Madero,False,Tlalpexco — Gustavo A. Madero,19.54555999999417,-99.12634791712986,13086.0
11913.0,Tonaca Cuautitlan,Gustavo A. Madero,False,Tonaca Cuautitlan — Gustavo A. Madero,19.53546499986001,-99.1476373706708,545.0
11967.0,Torres De San Juan,Gustavo A. Madero,False,Torres De San Juan — Gustavo A. Madero,19.477964999885018,-99.09318934859587,553.0
12013.0,Torres Lindavista,Gustavo A. Madero,False,Torres Lindavista — Gustavo A. Madero,19.509845000096846,-99.14535503355671,2723.0
12037.0,Tres Estrellas,Gustavo A. Madero,False,Tres Estrellas — Gustavo A. Madero,19.471744999931957,-99.11154767730264,4505.0
11844.0,Triunfo De La Republica,Gustavo A. Madero,False,Triunfo De La Republica — Gustavo A. Madero,19.489889999873753,-99.11160968204751,2225.0
12022.0,U. Prof. Adolfo Lopez Mateos,Gustavo A. Madero,False,U. Prof. Adolfo Lopez Mateos — Gustavo A. Madero,19.500765000004918,-99.1374083904094,
11951.0,Unid Profes Zacatenco Lindavista,Gustavo A. Madero,False,Unid Profes Zacatenco Lindavista — Gustavo A. Madero,19.504084999773085,-99.14616638691831,17.0
11961.0,Unidad Hab El Coyol,Gustavo A. Madero,False,Unidad Hab El Coyol — Gustavo A. Madero,19.488554999913504,-99.089997550994,2514.0
12019.0,Unidad Lindavista Vallejo,Gustavo A. Madero,False,Unidad Lindavista Vallejo — Gustavo A. Madero,19.497619999763344,-99.15044643729027,11006.0
11886.0,Valle De Madero,Gustavo A. Madero,False,Valle De Madero — Gustavo A. Madero,19.5502099999417,-99.13900127850253,3728.0
12024.0,Valle Del Tepeyac,Gustavo A. Madero,False,Valle Del Tepeyac — Gustavo A. Madero,19.488275000041398,-99.14147499992116,2328.0
12042.0,Valle Gomez,Gustavo A. Madero,False,Valle Gomez — Gustavo A. Madero,19.460684999813054,-99.12181515338679,
12055.0,Vallejo,Gustavo A. Madero,False,Vallejo — Gustavo A. Madero,19.466479999952185,-99.13310953697246,17861.0
12016.0,Vallejo La Patera,Gustavo A. Madero,False,Vallejo La Patera — Gustavo A. Madero,19.50382999970489,-99.15550040326798,4993.0
12033.0,Vallejo Poniente,Gustavo A. Madero,False,Vallejo Poniente — Gustavo A. Madero,19.467424999913987,-99.14225655488883,1771.0
11965.0,Vasco De Quiroga,Gustavo A. Madero,False,Vasco De Quiroga — Gustavo A. Madero,19.49518000010707,-99.09315078260755,9760.0
11867.0,Veronica Castro,Gustavo A. Madero,False,Veronica Castro — Gustavo A. Madero,19.57268499991298,-99.12964754782294,1345.0
11996.0,Villa De Aragon,Gustavo A. Madero,False,Villa De Aragon — Gustavo A. Madero,19.46773000003961,-99.06039014800427,4687.0
11990.0,Villa Esmeralda,Gustavo A. Madero,False,Villa Esmeralda — Gustavo A. Madero,19.48785500000841,-99.08654384672349,245.0
11960.0,Villahermosa,Gustavo A. Madero,False,Villahermosa — Gustavo A. Madero,19.50271999977832,-99.09275615345618,1397.0
11893.0,Villas De Cuautepec,Gustavo A. Madero,False,Villas De Cuautepec — Gustavo A. Madero,19.54294500036164,-99.14348396227439,
11883.0,Vista Hermosa,Gustavo A. Madero,False,Vista Hermosa — Gustavo A. Madero,19.548310000006666,-99.12276097814843,3500.0
11942.0,Zacatenco,Gustavo A. Madero,False,Zacatenco — Gustavo A. Madero,19.504839999966208,-99.13151155987003,1745.0
11943.0,Zacatenco Lindavista,Gustavo A. Madero,False,Zacatenco Lindavista — Gustavo A. Madero,19.513445000186778,-99.12490517115785,344.0
11899.0,Zona Escolar,Gustavo A. Madero,False,Zona Escolar — Gustavo A. Madero,19.539705000235728,-99.14779650009065,16931.0
11900.0,Zona Escolar Oriente,Gustavo A. Madero,False,Zona Escolar Oriente — Gustavo A. Madero,19.536109999926737,-99.14472605269135,
11918.0,Zona Res Acueducto De Guadalupe,Gustavo A. Madero,False,Zona Res Acueducto De Guadalupe — Gustavo A. Madero,19.52298000012709,-99.1482438512964,4825.0
12122.0,5 De Diciembre Fovissste,Iztacalco,False,5 De Diciembre Fovissste — Iztacalco,19.396804999701146,-99.12169680049436,1501.0
12116.0,Agricola Oriental,Iztacalco,False,Agricola Oriental — Iztacalco,19.395575000086325,-99.07100705139408,74192.0
12102.0,Agua Caliente,Iztacalco,False,Agua Caliente — Iztacalco,19.4076550000284,-99.07283575910142,4150.0
12128.0,Amado Nervo,Iztacalco,False,Amado Nervo — Iztacalco,19.391470000090607,-99.11548398155035,586.0
12097.0,Ampl Gabriel Ramos Millan,Iztacalco,False,Ampl Gabriel Ramos Millan — Iztacalco,19.387410000371375,-99.09569888462029,7563.0
12139.0,Barrio De Santiago,Iztacalco,False,Barrio De Santiago — Iztacalco,19.386585000097853,-99.1235581984214,964.0
12150.0,Benito Juarez,Iztacalco,False,Benito Juarez — Iztacalco,19.38493500000044,-99.1159650107681,16994.0
12151.0,Campamento 2 De Octubre,Iztacalco,False,Campamento 2 De Octubre — Iztacalco,19.385530000009652,-99.12124466737708,
12111.0,Coyuya,Iztacalco,False,Coyuya — Iztacalco,19.40041000002165,-99.11498021281842,2050.0
12114.0,Cuchilla Agricola Oriental,Iztacalco,False,Cuchilla Agricola Oriental — Iztacalco,19.40279499983953,-99.08151215714503,2520.0
12098.0,Cuchilla Gabriel Ramos Millan,Iztacalco,False,Cuchilla Gabriel Ramos Millan — Iztacalco,19.38739999991023,-99.09149598823532,5068.0
12135.0,El Mosco,Iztacalco,False,El Mosco — Iztacalco,19.388465000009916,-99.10101442169682,920.0
12108.0,El Ranchito,Iztacalco,False,El Ranchito — Iztacalco,19.401105000145805,-99.1201882266745,888.0
12117.0,El Rodeo,Iztacalco,False,El Rodeo — Iztacalco,19.394644999916977,-99.08490191729473,6036.0
12096.0,Ex Ejido Magdalena Mixhuca,Iztacalco,False,Ex Ejido Magdalena Mixhuca — Iztacalco,19.39289500015431,-99.088674838071,1987.0
12126.0,Ex Empleados De La Ford,Iztacalco,False,Ex Empleados De La Ford — Iztacalco,19.394954999823568,-99.1183737505425,1049.0
12132.0,Gabriel Ramos Millan,Iztacalco,False,Gabriel Ramos Millan — Iztacalco,19.39320000027996,-99.10143361250198,8049.0
12095.0,Gabriel Ramos Millan Secc Bramadero,Iztacalco,False,Gabriel Ramos Millan Secc Bramadero — Iztacalco,19.39289500015431,-99.09478488187617,18028.0
12133.0,Gabriel Ramos Millan Secc Tlacotal,Iztacalco,False,Gabriel Ramos Millan Secc Tlacotal — Iztacalco,19.395850000177546,-99.10658454909886,7973.0
12112.0,Granjas Mexico,Iztacalco,False,Granjas Mexico — Iztacalco,19.40269999995519,-99.10577821770919,9361.0
12118.0,Hermanos Blancas,Iztacalco,False,Hermanos Blancas — Iztacalco,19.390189999968698,-99.07108991500245,3253.0
12119.0,Infonavit Sur 20,Iztacalco,False,Infonavit Sur 20 — Iztacalco,19.388315000287207,-99.06952869864608,5285.0
12136.0,Inpi Iztacalco,Iztacalco,False,Inpi Iztacalco — Iztacalco,19.3869250000389,-99.10143389083797,705.0
12134.0,Inpi Los Picos,Iztacalco,False,Inpi Los Picos — Iztacalco,19.387769999885762,-99.10386081518082,1879.0
12146.0,Iztacalco Infonavit,Iztacalco,False,Iztacalco Infonavit — Iztacalco,19.38404999965792,-99.10580014692528,17613.0
12148.0,Jardines De Tecma,Iztacalco,False,Jardines De Tecma — Iztacalco,19.387200000130065,-99.11700076935155,2064.0
12130.0,Juventino Rosas,Iztacalco,False,Juventino Rosas — Iztacalco,19.391924999938936,-99.10859683347377,15670.0
12120.0,La Asuncion,Iztacalco,False,La Asuncion — Iztacalco,19.390610000001658,-99.11981307709024,3785.0
12110.0,La Cruz,Iztacalco,False,La Cruz — Iztacalco,19.403725000008905,-99.11641652972887,4015.0
12100.0,Lic Carlos Zapata 1Ra Y 2Da Secc,Iztacalco,False,Lic Carlos Zapata 1Ra Y 2Da Secc — Iztacalco,19.382615000032388,-99.09698942894109,8989.0
12137.0,Los Picos De Iztacalco 1Ra Secc,Iztacalco,False,Los Picos De Iztacalco 1Ra Secc — Iztacalco,19.389419999983176,-99.11294435950347,4807.0
12138.0,Los Picos De Iztacalco 2Da Secc,Iztacalco,False,Los Picos De Iztacalco 2Da Secc — Iztacalco,19.388495000044372,-99.10725011424122,2879.0
12127.0,Los Reyes,Iztacalco,False,Los Reyes — Iztacalco,19.396560000094098,-99.11550739372771,2890.0
12142.0,Maestros De Iztacalco,Iztacalco,False,Maestros De Iztacalco — Iztacalco,19.388860000238964,-99.12375750014976,1037.0
12113.0,Mario Moreno,Iztacalco,False,Mario Moreno — Iztacalco,19.398084999823055,-99.09347433023154,6268.0
12149.0,Martires De Tlatelolco,Iztacalco,False,Martires De Tlatelolco — Iztacalco,19.384565000024878,-99.12131261576891,2105.0
12123.0,Mercados 1,Iztacalco,False,Mercados 1 — Iztacalco,19.39666000020901,-99.11824015607704,397.0
12124.0,Mercados 2,Iztacalco,False,Mercados 2 — Iztacalco,19.39723500019528,-99.11813638882457,999.0
12144.0,Militar Marte,Iztacalco,False,Militar Marte — Iztacalco,19.3810350000154,-99.12859391224771,7103.0
12099.0,Mujeres Ilustres,Iztacalco,False,Mujeres Ilustres — Iztacalco,19.38715000007261,-99.09956362987552,2041.0
12104.0,Nueva Santa Anita,Iztacalco,False,Nueva Santa Anita — Iztacalco,19.399494999644673,-99.1266462434119,3575.0
12101.0,Pantitlan,Iztacalco,False,Pantitlan — Iztacalco,19.409784999778083,-99.06362377729842,55040.0
12140.0,Reforma Iztaccihuatl Norte,Iztacalco,False,Reforma Iztaccihuatl Norte — Iztacalco,19.38715500030318,-99.13134977677183,5704.0
12145.0,Reforma Iztaccihuatl Sur,Iztacalco,False,Reforma Iztaccihuatl Sur — Iztacalco,19.377575000086352,-99.12899382496931,3611.0
12125.0,Ricardo Flores Magon,Iztacalco,False,Ricardo Flores Magon — Iztacalco,19.394759999824316,-99.11522255428821,1043.0
12106.0,San Francisco Xicaltongo,Iztacalco,False,San Francisco Xicaltongo — Iztacalco,19.395310000006646,-99.12503874567793,3740.0
12129.0,San Miguel,Iztacalco,False,San Miguel — Iztacalco,19.392825000073856,-99.11715152180042,4400.0
12105.0,San Pedro,Iztacalco,False,San Pedro — Iztacalco,19.394484999733095,-99.12925692864141,3800.0
12109.0,Santa Anita,Iztacalco,False,Santa Anita — Iztacalco,19.401475000121337,-99.12330823328948,8894.0
12147.0,Santa Cruz,Iztacalco,False,Santa Cruz — Iztacalco,19.387614999932453,-99.1203478576733,2407.0
12143.0,Santiago,Iztacalco,False,Santiago — Iztacalco,19.384695000174275,-99.12315976974295,2599.0
12107.0,Santiago Norte,Iztacalco,False,Santiago Norte — Iztacalco,19.392380000236983,-99.12582797612535,4262.0
12141.0,Santiago Sur,Iztacalco,False,Santiago Sur — Iztacalco,19.388124999619208,-99.12743267803666,3400.0
12131.0,Tlazintla,Iztacalco,False,Tlazintla — Iztacalco,19.396155000303196,-99.11184190262438,2350.0
12115.0,Unidad Deportiva Magdalena Mixhuca,Iztacalco,False,Unidad Deportiva Magdalena Mixhuca — Iztacalco,19.40147500012131,-99.08681898928052,
12103.0,Viaducto Piedad,Iztacalco,False,Viaducto Piedad — Iztacalco,19.401465000109823,-99.13166632199476,9504.0
12121.0,Zapotla,Iztacalco,False,Zapotla — Iztacalco,19.393860000139057,-99.1216284998712,1064.0
12378.0,12 De Diciembre,Iztapalapa,False,12 De Diciembre — Iztapalapa,19.3290449996272,-99.10084435024987,1759.0
12263.0,1Ra Ampl Santiago Acahualtepec,Iztapalapa,False,1Ra Ampl Santiago Acahualtepec — Iztapalapa,19.352330000079604,-99.00930647057584,4971.0
12264.0,2Da Ampl Santiago Acahualtepec,Iztapalapa,False,2Da Ampl Santiago Acahualtepec — Iztapalapa,19.34725499986851,-99.01110669652087,22039.0
12218.0,2Da AmpliaciãN Barrio San Miguel (San Felipe Terremotes),Iztapalapa,False,2Da AmpliaciãN Barrio San Miguel (San Felipe Terremotes) — Iztapalapa,19.351124999819035,-99.07121011232454,2111.0
12350.0,8Va Ampliacion San Miguel,Iztapalapa,False,8Va Ampliacion San Miguel — Iztapalapa,19.352254999768576,-99.07952371163046,384.0
12231.0,Aculco,Iztapalapa,False,Aculco — Iztapalapa,19.374210000041643,-99.1037506080706,5577.0
12196.0,Albarrada,Iztapalapa,False,Albarrada — Iztapalapa,19.35425500026821,-99.06904169866152,645.0
12374.0,Ampl Bellavista,Iztapalapa,False,Ampl Bellavista — Iztapalapa,19.330034999865518,-99.06846471148259,1837.0
12342.0,Ampl El Santuario,Iztapalapa,False,Ampl El Santuario — Iztapalapa,19.351260000199034,-99.09456315960261,3620.0
12239.0,Ampl El Triunfo,Iztapalapa,False,Ampl El Triunfo — Iztapalapa,19.37701500034217,-99.11718645904892,4562.0
12279.0,Ampl Emiliano Zapata,Iztapalapa,False,Ampl Emiliano Zapata — Iztapalapa,19.336050000257472,-98.97865631937265,11147.0
12310.0,Ampl Las Penas,Iztapalapa,False,Ampl Las Penas — Iztapalapa,19.334644999767107,-99.04528518868221,4823.0
12341.0,Ampl Ricardo Flores Magon,Iztapalapa,False,Ampl Ricardo Flores Magon — Iztapalapa,19.349889999973698,-99.10226635738314,5249.0
12219.0,Ampl San Miguel,Iztapalapa,False,Ampl San Miguel — Iztapalapa,19.349735000020416,-99.06694425144023,4552.0
12226.0,Ampl Sifon,Iztapalapa,False,Ampl Sifon — Iztapalapa,19.372364999944978,-99.11333867042134,1386.0
12248.0,Ampl Sinatel,Iztapalapa,False,Ampl Sinatel — Iztapalapa,19.365339999741366,-99.12846462585821,1448.0
12362.0,Ampl Veracruzana,Iztapalapa,False,Ampl Veracruzana — Iztapalapa,19.3498699999507,-99.08962246271805,188.0
12252.0,Ampl Z Urb Ej Sta Maria Aztahuacan,Iztapalapa,False,Ampl Z Urb Ej Sta Maria Aztahuacan — Iztapalapa,19.347105000145802,-99.0299035241194,7397.0
12315.0,Ano De Juarez,Iztapalapa,False,Ano De Juarez — Iztapalapa,19.320065000099845,-99.0732099378463,3223.0
12237.0,Apatlaco,Iztapalapa,False,Apatlaco — Iztapalapa,19.37973000008958,-99.11383895960782,9419.0
12232.0,Apatlaco Magdalena,Iztapalapa,False,Apatlaco Magdalena — Iztapalapa,19.37649999997518,-99.11406331914753,1895.0
12245.0,Banjidal,Iztapalapa,False,Banjidal — Iztapalapa,19.363260000049138,-99.13615584435571,4036.0
12393.0,Barrio Guadalupe,Iztapalapa,False,Barrio Guadalupe — Iztapalapa,19.312755000243243,-99.07126403891618,2461.0
12157.0,Barrio La Asuncion,Iztapalapa,False,Barrio La Asuncion — Iztapalapa,19.363764999954952,-99.09215505675982,3559.0
12394.0,Barrio San Antonio,Iztapalapa,False,Barrio San Antonio — Iztapalapa,19.305189999868787,-99.07429956305981,15786.0
12329.0,Barrio San Antonio Culhuacan,Iztapalapa,False,Barrio San Antonio Culhuacan — Iztapalapa,19.34246999999067,-99.11290689779713,5134.0
12158.0,Barrio San Ignacio,Iztapalapa,False,Barrio San Ignacio — Iztapalapa,19.364349999952708,-99.09574954531811,6977.0
12152.0,Barrio San Jose,Iztapalapa,False,Barrio San Jose — Iztapalapa,19.36415999973437,-99.08991844219054,2752.0
12392.0,Barrio San Lorenzo Tezonco,Iztapalapa,False,Barrio San Lorenzo Tezonco — Iztapalapa,19.30376000002414,-99.06890499972943,3754.0
12153.0,Barrio San Lucas,Iztapalapa,False,Barrio San Lucas — Iztapalapa,19.3588450001468,-99.09573043372134,7159.0
12217.0,Barrio San Miguel,Iztapalapa,False,Barrio San Miguel — Iztapalapa,19.357100000165048,-99.07955552238717,19219.0
12154.0,Barrio San Pablo,Iztapalapa,False,Barrio San Pablo — Iztapalapa,19.35912999979982,-99.08972812144955,2502.0
12155.0,Barrio San Pedro,Iztapalapa,False,Barrio San Pedro — Iztapalapa,19.363714999897496,-99.08717475548886,3947.0
12156.0,Barrio Santa Barbara,Iztapalapa,False,Barrio Santa Barbara — Iztapalapa,19.36213500033017,-99.10236883784296,18293.0
12330.0,Barrio Tula Culhuacan,Iztapalapa,False,Barrio Tula Culhuacan — Iztapalapa,19.337104999895985,-99.11313621043011,577.0
12367.0,Benito Juarez,Iztapalapa,False,Benito Juarez — Iztapalapa,19.329839999866266,-99.08086337014512,1357.0
12294.0,Buenavista,Iztapalapa,False,Buenavista — Iztapalapa,19.326660000258954,-99.02943829937048,35318.0
12186.0,Cabeza De Juarez Vi,Iztapalapa,False,Cabeza De Juarez Vi — Iztapalapa,19.37516000023399,-99.05703531681891,2286.0
12166.0,Cacama,Iztapalapa,False,Cacama — Iztapalapa,19.36029999979533,-99.12638324992375,2144.0
12383.0,Campestre Estrellas,Iztapalapa,False,Campestre Estrellas — Iztapalapa,19.327259500026088,-99.09367508703913,2007.0
12295.0,Carlos Hank Gonzalez,Iztapalapa,False,Carlos Hank Gonzalez — Iztapalapa,19.330715000197273,-99.04929830080707,8264.0
12375.0,Casa Blanca,Iztapalapa,False,Casa Blanca — Iztapalapa,19.332555000063365,-99.06730779664844,4403.0
12161.0,Central De Abastos,Iztapalapa,False,Central De Abastos — Iztapalapa,19.376620000113064,-99.08751309078426,1488.0
12368.0,Cerro De La Estrella,Iztapalapa,False,Cerro De La Estrella — Iztapalapa,19.327220000003166,-99.07654879820574,11047.0
12243.0,Chilero I,Iztapalapa,False,Chilero I — Iztapalapa,19.37253499969063,-99.12606637396314,3113.0
12244.0,Chilero Ii,Iztapalapa,False,Chilero Ii — Iztapalapa,19.375225000083844,-99.12571787207447,1425.0
12181.0,Chinampac De Juarez,Iztapalapa,False,Chinampac De Juarez — Iztapalapa,19.36899999990024,-99.05877361016928,10824.0
12286.0,Citlalli,Iztapalapa,False,Citlalli — Iztapalapa,19.342755000093348,-99.02311476006709,6087.0
12201.0,Colonial Iztapalapa,Iztapalapa,False,Colonial Iztapalapa — Iztapalapa,19.346220000253,-99.05546149289094,5433.0
12312.0,Congreso Agrarista Mexicano,Iztapalapa,False,Congreso Agrarista Mexicano — Iztapalapa,19.322595000309178,-99.05706849004284,26266.0
12179.0,Conj Urbano Pop Ermita Zaragoza,Iztapalapa,False,Conj Urbano Pop Ermita Zaragoza — Iztapalapa,19.3651399999612,-98.99901091255506,23970.0
12402.0,Conjunto Hab Celoalliotli,Iztapalapa,False,Conjunto Hab Celoalliotli — Iztapalapa,19.290594999959467,-99.0711495854454,15679.0
12200.0,Constitucion De 1917,Iztapalapa,False,Constitucion De 1917 — Iztapalapa,19.348829999654924,-99.06074645852745,10453.0
12403.0,Cooperativa Allapetlalli,Iztapalapa,False,Cooperativa Allapetlalli — Iztapalapa,19.288719999828288,-99.06677468249262,5764.0
12260.0,Cooperativa Biatlon,Iztapalapa,False,Cooperativa Biatlon — Iztapalapa,19.3677599998243,-99.03410424167637,2782.0
12212.0,Cuchillas Del Moral I,Iztapalapa,False,Cuchillas Del Moral I — Iztapalapa,19.384790000058643,-99.07019668699141,2314.0
12213.0,Cuchillas Del Moral Ii Y Iii,Iztapalapa,False,Cuchillas Del Moral Ii Y Iii — Iztapalapa,19.384504999955965,-99.07344910880934,710.0
12347.0,Cuitlahuac El Rosal,Iztapalapa,False,Cuitlahuac El Rosal — Iztapalapa,19.34359999994021,-99.06324974916123,2059.0
12297.0,Degollado,Iztapalapa,False,Degollado — Iztapalapa,19.319054999838556,-99.04248195308867,3073.0
12292.0,Desarrollo Urbano Quetzalcoatl,Iztapalapa,False,Desarrollo Urbano Quetzalcoatl — Iztapalapa,19.326065000249713,-99.04142366697948,60483.0
12160.0,Doctor Alfonso Ortiz Tirado,Iztapalapa,False,Doctor Alfonso Ortiz Tirado — Iztapalapa,19.38736500009483,-99.07780513905642,3370.0
12261.0,EjãRcito De Agua Prieta,Iztapalapa,False,EjãRcito De Agua Prieta — Iztapalapa,19.367340000241,-99.03801825409924,17237.0
12256.0,El Eden,Iztapalapa,False,El Eden — Iztapalapa,19.363934999700632,-99.01362832612952,2357.0
12348.0,El Manto,Iztapalapa,False,El Manto — Iztapalapa,19.35065999995922,-99.08153857151547,4307.0
12318.0,El Mirador,Iztapalapa,False,El Mirador — Iztapalapa,19.337874999881507,-99.10342600015021,1480.0
12343.0,El Molino,Iztapalapa,False,El Molino — Iztapalapa,19.355584999997916,-99.08789658091806,3017.0
12399.0,El Molino Tezonco,Iztapalapa,False,El Molino Tezonco — Iztapalapa,19.298064999999923,-99.06856238764684,6982.0
12192.0,El Paraiso,Iztapalapa,False,El Paraiso — Iztapalapa,19.3758300001046,-99.03046176467382,15043.0
12249.0,El Prado,Iztapalapa,False,El Prado — Iztapalapa,19.358230000114588,-99.13569048805854,2166.0
12240.0,El RetoãO,Iztapalapa,False,El RetoãO — Iztapalapa,19.371074999811555,-99.12367306810725,3547.0
12369.0,El Rodeo,Iztapalapa,False,El Rodeo — Iztapalapa,19.334390000148545,-99.07217784096136,1758.0
12397.0,El Rosario,Iztapalapa,False,El Rosario — Iztapalapa,19.301355000183293,-99.06593595746128,5747.0
12339.0,El Santuario,Iztapalapa,False,El Santuario — Iztapalapa,19.355474999871518,-99.09334900037472,4030.0
12313.0,El Triangulo,Iztapalapa,False,El Triangulo — Iztapalapa,19.322284999952956,-99.05137842088274,2636.0
12238.0,El Triunfo,Iztapalapa,False,El Triunfo — Iztapalapa,19.377694999774576,-99.12055979465205,3326.0
12163.0,Escuadron 201,Iztapalapa,False,Escuadron 201 — Iztapalapa,19.363494999644672,-99.11197272464815,12649.0
12363.0,Estado De Veracruz,Iztapalapa,False,Estado De Veracruz — Iztapalapa,19.350334999810542,-99.08845734765859,199.0
12319.0,Estrella De Culhuacan,Iztapalapa,False,Estrella De Culhuacan — Iztapalapa,19.329324999948966,-99.10546424534147,2804.0
12340.0,Estrella Del Sur,Iztapalapa,False,Estrella Del Sur — Iztapalapa,19.34900999986175,-99.09756621096733,3386.0
12216.0,Eva Samano De Lopez Mateos,Iztapalapa,False,Eva Samano De Lopez Mateos — Iztapalapa,19.358419999883267,-99.06794380759015,2520.0
12400.0,Ex Hacienda San Nicolas Tolentino,Iztapalapa,False,Ex Hacienda San Nicolas Tolentino — Iztapalapa,19.29508999995369,-99.0637955555379,3524.0
12193.0,Fracc Popular Alvaro Obregon,Iztapalapa,False,Fracc Popular Alvaro Obregon — Iztapalapa,19.37319499999944,-99.03626714985363,7152.0
12303.0,Francisco Villa,Iztapalapa,False,Francisco Villa — Iztapalapa,19.336660000059112,-99.05892750005394,10373.0
12320.0,Fuego Nuevo,Iztapalapa,False,Fuego Nuevo — Iztapalapa,19.331624999894018,-99.0992607190978,2948.0
12176.0,Fuentes De Zaragoza,Iztapalapa,False,Fuentes De Zaragoza — Iztapalapa,19.37142999999466,-99.01239278536681,8633.0
12222.0,Gavilan,Iztapalapa,False,Gavilan — Iztapalapa,19.359750000062633,-99.07666469442003,2179.0
12334.0,Granjas Esmeralda,Iztapalapa,False,Granjas Esmeralda — Iztapalapa,19.35364500001691,-99.11742236964201,1556.0
12384.0,Granjas Estrella,Iztapalapa,False,Granjas Estrella — Iztapalapa,19.323484999982924,-99.08750808830922,4625.0
12165.0,Granjas San Antonio,Iztapalapa,False,Granjas San Antonio — Iztapalapa,19.36395499972363,-99.10706124910854,3202.0
12204.0,Guadalupe Del Moral,Iztapalapa,False,Guadalupe Del Moral — Iztapalapa,19.369894999804586,-99.07551007915026,10710.0
12189.0,Guelatao Benito Juarez,Iztapalapa,False,Guelatao Benito Juarez — Iztapalapa,19.386640000385853,-99.04156542564294,5632.0
12169.0,Heroes De Churubusco,Iztapalapa,False,Heroes De Churubusco — Iztapalapa,19.36038000033693,-99.11858414837336,6879.0
12280.0,Huitzico,Iztapalapa,False,Huitzico — Iztapalapa,19.32837499975659,-98.9779460325901,11598.0
12233.0,Infonavit Los Picos,Iztapalapa,False,Infonavit Los Picos — Iztapalapa,19.37953500009033,-99.10395323762431,3398.0
12364.0,Infonavit San Francisco,Iztapalapa,False,Infonavit San Francisco — Iztapalapa,19.34009999996519,-99.0826639457049,5322.0
12311.0,Insurgentes,Iztapalapa,False,Insurgentes — Iztapalapa,19.330179999807314,-99.05371770840537,9750.0
12289.0,Ixtlahuacan,Iztapalapa,False,Ixtlahuacan — Iztapalapa,19.343975000146315,-98.99865849557857,17186.0
12202.0,Jacarandas,Iztapalapa,False,Jacarandas — Iztapalapa,19.34666500008987,-99.051249666313,6299.0
12228.0,Jardines De Churubusco,Iztapalapa,False,Jardines De Churubusco — Iztapalapa,19.375069999680903,-99.1066111983809,1565.0
12398.0,Jardines De San Lorenzo Tezonco,Iztapalapa,False,Jardines De San Lorenzo Tezonco — Iztapalapa,19.296149999822802,-99.07349409810517,6861.0
12396.0,Jose Lopez Portillo,Iztapalapa,False,Jose Lopez Portillo — Iztapalapa,19.305410000121555,-99.08237455911387,20252.0
12190.0,Jose Maria Morelos Y Pavon,Iztapalapa,False,Jose Maria Morelos Y Pavon — Iztapalapa,19.37269500032417,-99.02784777355797,2244.0
12171.0,Juan Escutia,Iztapalapa,False,Juan Escutia — Iztapalapa,19.392099999915217,-99.04396271245713,19210.0
12395.0,La Esperanza,Iztapalapa,False,La Esperanza — Iztapalapa,19.313489999963707,-99.07619861795544,12174.0
12304.0,La Hera,Iztapalapa,False,La Hera — Iztapalapa,19.339979999827307,-99.05422674715399,7308.0
12298.0,La Magueyera I Y Ii,Iztapalapa,False,La Magueyera I Y Ii — Iztapalapa,19.321319999968182,-99.04505296376635,1395.0
12220.0,La Norma,Iztapalapa,False,La Norma — Iztapalapa,19.363630000024642,-99.07693227561862,1797.0
12401.0,La Planta,Iztapalapa,False,La Planta — Iztapalapa,19.293395000029392,-99.06489819038188,2365.0
12308.0,La Polvorilla,Iztapalapa,False,La Polvorilla — Iztapalapa,19.322000000299937,-99.0486775000025,4185.0
12209.0,La Purisima,Iztapalapa,False,La Purisima — Iztapalapa,19.35796500003491,-99.07116260316344,3901.0
12198.0,La Regadera,Iztapalapa,False,La Regadera — Iztapalapa,19.35306499980007,-99.06402301806432,739.0
12172.0,La Valenciana,Iztapalapa,False,La Valenciana — Iztapalapa,19.39035000015255,-99.03863366213733,1843.0
12227.0,La Viga,Iztapalapa,False,La Viga — Iztapalapa,19.372274999841522,-99.12088764742867,3273.0
12199.0,Las AmãRicas,Iztapalapa,False,Las AmãRicas — Iztapalapa,19.358409999871782,-99.06348692012348,4108.0
12276.0,Las Cruces,Iztapalapa,False,Las Cruces — Iztapalapa,19.32712999989974,-98.97287850287384,1983.0
12309.0,Las PeãAs,Iztapalapa,False,Las PeãAs — Iztapalapa,19.337369999975664,-99.05031095235537,13009.0
12210.0,Leyes De Reforma,Iztapalapa,False,Leyes De Reforma — Iztapalapa,19.37813999961145,-99.0730886167396,16754.0
12205.0,Leyes De Reforma 1Ra Seccion,Iztapalapa,False,Leyes De Reforma 1Ra Seccion — Iztapalapa,19.362855000258207,-99.07080271177517,2953.0
12206.0,Leyes De Reforma 2Da Seccion,Iztapalapa,False,Leyes De Reforma 2Da Seccion — Iztapalapa,19.3668000000701,-99.06878632418875,1626.0
12207.0,Leyes De Reforma 3Ra Seccion,Iztapalapa,False,Leyes De Reforma 3Ra Seccion — Iztapalapa,19.3784099999217,-99.06505356355956,11310.0
12281.0,Lomas De La Estancia,Iztapalapa,False,Lomas De La Estancia — Iztapalapa,19.3365599999442,-99.00642249997324,17271.0
12316.0,Lomas De San Lorenzo,Iztapalapa,False,Lomas De San Lorenzo — Iztapalapa,19.31909500033416,-99.06446910579206,43162.0
12301.0,Lomas De Santa Cruz,Iztapalapa,False,Lomas De Santa Cruz — Iztapalapa,19.330820000093098,-99.03632902043547,8638.0
12265.0,Lomas De Zaragoza,Iztapalapa,False,Lomas De Zaragoza — Iztapalapa,19.35462000001317,-98.99775309395228,14249.0
12344.0,Lomas El Manto,Iztapalapa,False,Lomas El Manto — Iztapalapa,19.350605000120822,-99.08674471626972,469.0
12388.0,Lomas Estrella,Iztapalapa,False,Lomas Estrella — Iztapalapa,19.31653500009034,-99.09192208347056,1248.0
12381.0,Lomas Estrella 1Ra Seccion,Iztapalapa,False,Lomas Estrella 1Ra Seccion — Iztapalapa,19.324295000014388,-99.09443905520078,1555.0
12389.0,Lomas Estrella 2Da Seccion,Iztapalapa,False,Lomas Estrella 2Da Seccion — Iztapalapa,19.317830000004648,-99.09312769220725,8970.0
12345.0,Los Angeles,Iztapalapa,False,Los Angeles — Iztapalapa,19.34509500008437,-99.0665304586261,11848.0
12302.0,Los Angeles Apanoaya,Iztapalapa,False,Los Angeles Apanoaya — Iztapalapa,19.34185999973937,-99.0604634058198,3940.0
12335.0,Los Cipreses,Iztapalapa,False,Los Cipreses — Iztapalapa,19.352755000343137,-99.10839313468006,3616.0
12162.0,Los Paseos De Churubusco,Iztapalapa,False,Los Paseos De Churubusco — Iztapalapa,19.38617500007635,-99.08769251227993,7296.0
12356.0,Los Reyes Culhuacan,Iztapalapa,False,Los Reyes Culhuacan — Iztapalapa,19.347710000166558,-99.10932553863603,2968.0
12321.0,Luis Echeverria Alvarez,Iztapalapa,False,Luis Echeverria Alvarez — Iztapalapa,19.332285000202774,-99.1056397307328,11389.0
12246.0,Maestro Justo Sierra,Iztapalapa,False,Maestro Justo Sierra — Iztapalapa,19.36433500016028,-99.13173760717638,1721.0
12229.0,Magdalena Atlazolpa,Iztapalapa,False,Magdalena Atlazolpa — Iztapalapa,19.37489500015431,-99.11203424303812,5430.0
12370.0,Maria Esther Zuno De Echeverria,Iztapalapa,False,Maria Esther Zuno De Echeverria — Iztapalapa,19.322860000388886,-99.07795235522804,9915.0
12170.0,Mexicaltzingo,Iztapalapa,False,Mexicaltzingo — Iztapalapa,19.357000000050107,-99.12021491310882,1220.0
12277.0,Miguel De La Madrid,Iztapalapa,False,Miguel De La Madrid — Iztapalapa,19.32865999985927,-98.97103784724415,2238.0
12291.0,Miguel De La Madrid Hurtado,Iztapalapa,False,Miguel De La Madrid Hurtado — Iztapalapa,19.34377500036615,-99.00385364485481,11874.0
12332.0,Minerva,Iztapalapa,False,Minerva — Iztapalapa,19.3434850000329,-99.1099645834496,3745.0
12290.0,Miravalle,Iztapalapa,False,Miravalle — Iztapalapa,19.33575500014331,-98.99691948907399,14682.0
12300.0,Mixcoatl,Iztapalapa,False,Mixcoatl — Iztapalapa,19.32459000012858,-99.0476211146541,6866.0
12259.0,Monte Alban,Iztapalapa,False,Monte Alban — Iztapalapa,19.353345000121806,-99.02167295455698,5219.0
12236.0,Nezahualcoyotl,Iztapalapa,False,Nezahualcoyotl — Iztapalapa,19.377539999821323,-99.11290412752643,925.0
12234.0,Nueva Rosita,Iztapalapa,False,Nueva Rosita — Iztapalapa,19.377430000144557,-99.10529036753161,3616.0
12253.0,Ojito De Agua,Iztapalapa,False,Ojito De Agua — Iztapalapa,19.346894999904492,-99.02525482262388,383.0
12274.0,Palmillas,Iztapalapa,False,Palmillas — Iztapalapa,19.337069999630955,-98.98279238352478,326.0
12287.0,Palmitas,Iztapalapa,False,Palmitas — Iztapalapa,19.33627500029118,-99.0265560713487,13035.0
12360.0,Panteon Civil De Iztapalapa,Iztapalapa,False,Panteon Civil De Iztapalapa — Iztapalapa,19.33625000003761,-99.09137361253374,1984.0
12346.0,Paraje San Juan,Iztapalapa,False,Paraje San Juan — Iztapalapa,19.343294999814532,-99.0729954279511,12230.0
12354.0,Paraje San Juan 2Da Ampl,Iztapalapa,False,Paraje San Juan 2Da Ampl — Iztapalapa,19.337374999756605,-99.06955036438112,4063.0
12365.0,Paraje San Juan Cerro,Iztapalapa,False,Paraje San Juan Cerro — Iztapalapa,19.345769999735865,-99.08058137621582,5814.0
12257.0,Paraje Zacatepec,Iztapalapa,False,Paraje Zacatepec — Iztapalapa,19.3551900002185,-99.01759827399763,9075.0
12371.0,Parque Nacional Cerro De La Estrella,Iztapalapa,False,Parque Nacional Cerro De La Estrella — Iztapalapa,19.342725000058863,-99.09197174984547,7225.0
12351.0,Plan De Iguala,Iztapalapa,False,Plan De Iguala — Iztapalapa,19.351130000049636,-99.08499040624076,4802.0
12284.0,Potrero De La Luna,Iztapalapa,False,Potrero De La Luna — Iztapalapa,19.33066999992073,-99.00494249024658,666.0
12307.0,Presidentes De Mexico,Iztapalapa,False,Presidentes De Mexico — Iztapalapa,19.332555000063365,-99.06051750008241,17905.0
12221.0,Pri,Iztapalapa,False,Pri — Iztapalapa,19.353339999891233,-99.0707328568347,1373.0
12195.0,Progresista,Iztapalapa,False,Progresista — Iztapalapa,19.357324999749096,-99.06636907297681,3643.0
12333.0,Progreso Del Sur,Iztapalapa,False,Progreso Del Sur — Iztapalapa,19.353404999741116,-99.11203488805958,2035.0
12322.0,Pueblo Culhuacan,Iztapalapa,False,Pueblo Culhuacan — Iztapalapa,19.337034999815558,-99.10697422637757,3458.0
12317.0,Pueblo San Lorenzo Tezonco,Iztapalapa,False,Pueblo San Lorenzo Tezonco — Iztapalapa,19.310345000171793,-99.06238383853477,8616.0
12255.0,Pueblo San Sebastian Tecoloxtitlan,Iztapalapa,False,Pueblo San Sebastian Tecoloxtitlan — Iztapalapa,19.36286000003915,-99.01779888877817,6872.0
12293.0,Pueblo Santa Cruz Meyehualco,Iztapalapa,False,Pueblo Santa Cruz Meyehualco — Iztapalapa,19.339644999667172,-99.04151453857642,12335.0
12254.0,Pueblo Santa Martha Acatitla,Iztapalapa,False,Pueblo Santa Martha Acatitla — Iztapalapa,19.360285000002904,-99.00782887045375,12744.0
12314.0,Puente Blanco,Iztapalapa,False,Puente Blanco — Iztapalapa,19.327449999817816,-99.06552284649302,7252.0
12235.0,Purisima Atlazolpa,Iztapalapa,False,Purisima Atlazolpa — Iztapalapa,19.37891000004663,-99.10885600158517,3569.0
12159.0,Real Del Moral,Iztapalapa,False,Real Del Moral — Iztapalapa,19.388724999859022,-99.08228797631307,4850.0
12184.0,Reforma Educativa,Iztapalapa,False,Reforma Educativa — Iztapalapa,19.38616000028395,-99.0526410731064,322.0
12305.0,Reforma Politica,Iztapalapa,False,Reforma Politica — Iztapalapa,19.339689999943715,-99.03105039465602,17485.0
12182.0,Renovacion,Iztapalapa,False,Renovacion — Iztapalapa,19.368079999742378,-99.04963266254599,16222.0
12337.0,Ricardo Flores Magon,Iztapalapa,False,Ricardo Flores Magon — Iztapalapa,19.353749999912708,-99.09806499994963,1670.0
12372.0,Sabadell Bellavista,Iztapalapa,False,Sabadell Bellavista — Iztapalapa,19.332119999788347,-99.07244953380993,1941.0
12241.0,San Andres Tetepilco,Iztapalapa,False,San Andres Tetepilco — Iztapalapa,19.371900000085105,-99.13017996341289,14269.0
12379.0,San Andres Tomatlan,Iztapalapa,False,San Andres Tomatlan — Iztapalapa,19.323909999796825,-99.10073189992345,4675.0
12278.0,San Francisco Apolocalco,Iztapalapa,False,San Francisco Apolocalco — Iztapalapa,19.328169999745853,-98.9664371704772,2501.0
12230.0,San Jose Aculco,Iztapalapa,False,San Jose Aculco — Iztapalapa,19.37596000025397,-99.0995764761339,7619.0
12404.0,San Jose Buenavista,Iztapalapa,False,San Jose Buenavista — Iztapalapa,19.324384999668155,-99.0337955602799,3756.0
12366.0,San Juan Centro,Iztapalapa,False,San Juan Centro — Iztapalapa,19.349759999824272,-99.07716461667195,842.0
12376.0,San Juan Estrella,Iztapalapa,False,San Juan Estrella — Iztapalapa,19.328424999814047,-99.07152629862776,4024.0
12355.0,San Juan Joya,Iztapalapa,False,San Juan Joya — Iztapalapa,19.33673499992048,-99.06584874982246,3132.0
12361.0,San Juan Xalpa,Iztapalapa,False,San Juan Xalpa — Iztapalapa,19.334310000056604,-99.08294155550934,23661.0
12224.0,San Juanico Nextipac,Iztapalapa,False,San Juanico Nextipac — Iztapalapa,19.37420499981104,-99.11876078852367,2867.0
12352.0,San Lorenzo Tezonco,Iztapalapa,False,San Lorenzo Tezonco — Iztapalapa,19.33621500022224,-99.07193887667202,3190.0
12174.0,San Lorenzo Xicotencatl,Iztapalapa,False,San Lorenzo Xicotencatl — Iztapalapa,19.382779999997155,-99.02787891295688,7189.0
12323.0,San Marcos,Iztapalapa,False,San Marcos — Iztapalapa,19.33667499985154,-99.1024343757955,2260.0
12275.0,San Miguel Teotongo (Secc Las Torr),Iztapalapa,False,San Miguel Teotongo (Secc Las Torr) — Iztapalapa,19.351789999908732,-98.99152672471698,15115.0
12266.0,San Miguel Teotongo (Secc Mercedes),Iztapalapa,False,San Miguel Teotongo (Secc Mercedes) — Iztapalapa,19.34867000037039,-98.98627530939535,3682.0
12267.0,San Miguel Teotongo(Secc Avis),Iztapalapa,False,San Miguel Teotongo(Secc Avis) — Iztapalapa,19.33221700021457,-98.9908596391443,2143.0
12268.0,San Miguel Teotongo(Secc Camp),Iztapalapa,False,San Miguel Teotongo(Secc Camp) — Iztapalapa,19.338620000063116,-98.99296499984543,847.0
12269.0,San Miguel Teotongo(Secc Corr),Iztapalapa,False,San Miguel Teotongo(Secc Corr) — Iztapalapa,19.33847500012132,-98.99132352268936,4111.0
12270.0,San Miguel Teotongo(Secc Guadalupe),Iztapalapa,False,San Miguel Teotongo(Secc Guadalupe) — Iztapalapa,19.341069999730877,-98.98488622004758,18843.0
12271.0,San Miguel Teotongo(Secc La Cruz),Iztapalapa,False,San Miguel Teotongo(Secc La Cruz) — Iztapalapa,19.344219999753335,-98.99168717225378,7741.0
12272.0,San Miguel Teotongo(Secc Palmas),Iztapalapa,False,San Miguel Teotongo(Secc Palmas) — Iztapalapa,19.342859999989145,-98.99382800007092,4607.0
12273.0,San Miguel Teotongo(Secc Rancho Ba),Iztapalapa,False,San Miguel Teotongo(Secc Rancho Ba) — Iztapalapa,19.33524500000692,-98.98609096954766,961.0
12358.0,San Nicolas Tolentino,Iztapalapa,False,San Nicolas Tolentino — Iztapalapa,19.32890999969689,-99.08659855515303,9355.0
12285.0,San Pablo I,Iztapalapa,False,San Pablo I — Iztapalapa,19.334605000170797,-99.00000063572301,3011.0
12283.0,San Pablo Ii,Iztapalapa,False,San Pablo Ii — Iztapalapa,19.332664999740103,-99.00370330753837,870.0
12324.0,San Simon Culhuacan,Iztapalapa,False,San Simon Culhuacan — Iztapalapa,19.335135000330155,-99.10417688085936,2936.0
12338.0,Santa Isabel Industrial,Iztapalapa,False,Santa Isabel Industrial — Iztapalapa,19.352785000377622,-99.10296640664751,2503.0
12250.0,Santa Maria Aztahuacan,Iztapalapa,False,Santa Maria Aztahuacan — Iztapalapa,19.35117000009558,-99.02525148053627,10841.0
12359.0,Santa Maria Del Monte,Iztapalapa,False,Santa Maria Del Monte — Iztapalapa,19.352219999953178,-99.08964008427976,3250.0
12380.0,Santa Maria Tomatlan,Iztapalapa,False,Santa Maria Tomatlan — Iztapalapa,19.326609999751838,-99.09880405297693,4377.0
12262.0,Santiago Acahualtepec,Iztapalapa,False,Santiago Acahualtepec — Iztapalapa,19.354014999992415,-99.00335610237559,9937.0
12164.0,Sector Popular,Iztapalapa,False,Sector Popular — Iztapalapa,19.366489999713878,-99.11788449661836,9330.0
12214.0,Sideral,Iztapalapa,False,Sideral — Iztapalapa,19.373104999895986,-99.06591645214317,2829.0
12306.0,Sierra Del Valle,Iztapalapa,False,Sierra Del Valle — Iztapalapa,19.343079999792337,-99.03080283572862,1418.0
12225.0,Sifon,Iztapalapa,False,Sifon — Iztapalapa,19.371465000259718,-99.11596859814654,5977.0
12247.0,Sinatel,Iztapalapa,False,Sinatel — Iztapalapa,19.36087500023126,-99.13204433852576,2066.0
12177.0,Solidaridad,Iztapalapa,False,Solidaridad — Iztapalapa,19.372399999760347,-99.00668975029694,12093.0
12288.0,Tenorios,Iztapalapa,False,Tenorios — Iztapalapa,19.327979999977174,-99.01939343049813,18145.0
12183.0,Tepalcates,Iztapalapa,False,Tepalcates — Iztapalapa,19.391759999974198,-99.05376895827206,16386.0
12385.0,Triangulo De Las Agujas,Iztapalapa,False,Triangulo De Las Agujas — Iztapalapa,19.30723999997619,-99.08709178743206,2845.0
12185.0,Unid Hab Ejerc Constitucionalista,Iztapalapa,False,Unid Hab Ejerc Constitucionalista — Iztapalapa,19.38613500003038,-99.05699973298648,18372.0
12194.0,Unid Hab Ejerc De Ote Zona PeãOn,Iztapalapa,False,Unid Hab Ejerc De Ote Zona PeãOn — Iztapalapa,19.368325000248745,-99.02769285717253,17483.0
12373.0,Unidad Hab Bellavista,Iztapalapa,False,Unidad Hab Bellavista — Iztapalapa,19.330444999886993,-99.07260702571995,2728.0
12391.0,Unidad Hab Benito Juarez,Iztapalapa,False,Unidad Hab Benito Juarez — Iztapalapa,19.31677999969739,-99.08670474079852,6582.0
12187.0,Unidad Hab Cabeza De Juarez,Iztapalapa,False,Unidad Hab Cabeza De Juarez — Iztapalapa,19.379440000206017,-99.04934017669166,19906.0
12390.0,Unidad Hab Carlos Jongitud Barrios,Iztapalapa,False,Unidad Hab Carlos Jongitud Barrios — Iztapalapa,19.3116600001091,-99.0916001967997,3463.0
12211.0,Unidad Hab Cuchilla Del Moral Ii,Iztapalapa,False,Unidad Hab Cuchilla Del Moral Ii — Iztapalapa,19.38577550008941,-99.07346044586508,
12349.0,Unidad Hab Cuitlahuac,Iztapalapa,False,Unidad Hab Cuitlahuac — Iztapalapa,19.356800000269942,-99.09453556700633,460.0
12191.0,Unidad Hab Ejercito De Oriente,Iztapalapa,False,Unidad Hab Ejercito De Oriente — Iztapalapa,19.381270000060624,-99.03497482548997,8561.0
12353.0,Unidad Hab Fovissste San Juan,Iztapalapa,False,Unidad Hab Fovissste San Juan — Iztapalapa,19.337979999777332,-99.07745254587327,298.0
12223.0,Unidad Hab Gamma Gavilan,Iztapalapa,False,Unidad Hab Gamma Gavilan — Iztapalapa,19.364290000333398,-99.0822787494445,1936.0
12188.0,Unidad Hab Ignacio Zaragoza,Iztapalapa,False,Unidad Hab Ignacio Zaragoza — Iztapalapa,19.38453000020951,-99.04393938817648,8302.0
12178.0,Unidad Hab La Colmena,Iztapalapa,False,Unidad Hab La Colmena — Iztapalapa,19.369490000013656,-99.00214871949998,3813.0
12215.0,Unidad Hab Margarita Maza De Juarez,Iztapalapa,False,Unidad Hab Margarita Maza De Juarez — Iztapalapa,19.36974499963219,-99.06972280843257,1878.0
12386.0,Unidad Hab Militar Sedena,Iztapalapa,False,Unidad Hab Militar Sedena — Iztapalapa,19.31226999991074,-99.08551756131986,4822.0
12197.0,Unidad Hab Plutarco Elias Calles,Iztapalapa,False,Unidad Hab Plutarco Elias Calles — Iztapalapa,19.35641500005235,-99.06453489095858,8842.0
12325.0,Unidad Hab San Antonio Culhuacan,Iztapalapa,False,Unidad Hab San Antonio Culhuacan — Iztapalapa,19.336469999840773,-99.11089287033903,1879.0
12203.0,Unidad Hab Santa Cruz Meyehualco,Iztapalapa,False,Unidad Hab Santa Cruz Meyehualco — Iztapalapa,19.359899999785313,-99.04471987457615,27242.0
12387.0,Unidad Hab Tulyehualco,Iztapalapa,False,Unidad Hab Tulyehualco — Iztapalapa,19.320065000099845,-99.09039377139356,1784.0
12180.0,Unidad Hab Vicente Guerrero,Iztapalapa,False,Unidad Hab Vicente Guerrero — Iztapalapa,19.35731499973761,-99.05507173022346,38682.0
12167.0,Unidad Hab Xopa,Iztapalapa,False,Unidad Hab Xopa — Iztapalapa,19.35956999985578,-99.12394454544085,2764.0
12168.0,Unidad Modelo,Iztapalapa,False,Unidad Modelo — Iztapalapa,19.364874999881522,-99.12479964581803,5058.0
12331.0,Valle De Luces,Iztapalapa,False,Valle De Luces — Iztapalapa,19.341140000260964,-99.10566494134403,6786.0
12326.0,Valle De Luces 1Ra Seccion,Iztapalapa,False,Valle De Luces 1Ra Seccion — Iztapalapa,19.339729999989657,-99.09898878159852,2089.0
12327.0,Valle De Luces 2Da. Seccion,Iztapalapa,False,Valle De Luces 2Da. Seccion — Iztapalapa,19.34004500012682,-99.1017768417358,2220.0
12328.0,Valle De Luces 3Ra Seccion,Iztapalapa,False,Valle De Luces 3Ra Seccion — Iztapalapa,19.33914000021099,-99.09597828474885,1971.0
12299.0,Valle De San Lorenzo,Iztapalapa,False,Valle De San Lorenzo — Iztapalapa,19.298929999869756,-99.0785521966942,16335.0
12336.0,Valle Del Sur,Iztapalapa,False,Valle Del Sur — Iztapalapa,19.34727500034117,-99.11471460808305,6418.0
12382.0,Vergel,Iztapalapa,False,Vergel — Iztapalapa,19.317424999764114,-99.08062239043286,3987.0
12208.0,Vicentina,Iztapalapa,False,Vicentina — Iztapalapa,19.37016499966515,-99.06723999034736,1817.0
12173.0,Voceadores,Iztapalapa,False,Voceadores — Iztapalapa,19.38778500012782,-99.03204086929658,2985.0
12282.0,Xalpa,Iztapalapa,False,Xalpa — Iztapalapa,19.33872000017803,-99.01725153036926,49202.0
12357.0,Z Urb Ej Los Reyes Culhuacan,Iztapalapa,False,Z Urb Ej Los Reyes Culhuacan — Iztapalapa,19.34536549996801,-99.10213700896345,7473.0
12251.0,Z Urb Ej Sta Maria Aztahuacan,Iztapalapa,False,Z Urb Ej Sta Maria Aztahuacan — Iztapalapa,19.357649999897745,-99.03294092784444,24122.0
12242.0,Zacahuitzco,Iztapalapa,False,Zacahuitzco — Iztapalapa,19.374399999810294,-99.1342004750891,4949.0
12296.0,Zona Rustica,Iztapalapa,False,Zona Rustica — Iztapalapa,19.31563499995545,-99.0438744997748,10304.0
12175.0,Zona Urb Sta Martha Acatitla Norte,Iztapalapa,False,Zona Urb Sta Martha Acatitla Norte — Iztapalapa,19.370100000264955,-99.01894206906076,19853.0
12258.0,Zona Urb Sta Martha Acatitla Sur,Iztapalapa,False,Zona Urb Sta Martha Acatitla Sur — Iztapalapa,19.378495000244214,-99.01742809290572,14698.0
12377.0,Zona Urbana Ejidal San AndrãS Tomatlan,Iztapalapa,False,Zona Urbana Ejidal San AndrãS Tomatlan — Iztapalapa,19.32667000027044,-99.10485079455913,2470.0
12427.0,Atacaxco,La Magdalena Contreras,True,Atacaxco — La Magdalena Contreras,19.315339999841285,-99.2515287353429,1765.0
12432.0,Barrio Barranca Seca,La Magdalena Contreras,True,Barrio Barranca Seca — La Magdalena Contreras,19.30666499998992,-99.23829473596932,3840.0
12447.0,Barrio Plazuela Del Pedregal,La Magdalena Contreras,True,Barrio Plazuela Del Pedregal — La Magdalena Contreras,19.303669999920714,-99.2322738244365,772.0
12429.0,Barros Sierra,La Magdalena Contreras,True,Barros Sierra — La Magdalena Contreras,19.317154999903494,-99.24605249999507,4087.0
12417.0,Cerro Del Judio,La Magdalena Contreras,True,Cerro Del Judio — La Magdalena Contreras,19.324439999956184,-99.25290638852337,478.0
12408.0,Cuauhtemoc,La Magdalena Contreras,True,Cuauhtemoc — La Magdalena Contreras,19.320439999856262,-99.24322345585517,5962.0
12439.0,El ErmitaãO,La Magdalena Contreras,True,El ErmitaãO — La Magdalena Contreras,19.303655000128316,-99.26636830358214,1746.0
12433.0,El Rosal,La Magdalena Contreras,True,El Rosal — La Magdalena Contreras,19.310349999952678,-99.24951619782962,7985.0
12418.0,El Tanque,La Magdalena Contreras,True,El Tanque — La Magdalena Contreras,19.324765000104833,-99.24902770847494,7882.0
12434.0,El Toro,La Magdalena Contreras,True,El Toro — La Magdalena Contreras,19.311575000236218,-99.24550333340318,2648.0
12445.0,Guadalupe,La Magdalena Contreras,True,Guadalupe — La Magdalena Contreras,19.306734999620687,-99.23211647152777,1431.0
12441.0,Heroes De Padierna,La Magdalena Contreras,True,Heroes De Padierna — La Magdalena Contreras,19.31325000013757,-99.22690186636024,3506.0
12423.0,Huayatla,La Magdalena Contreras,True,Huayatla — La Magdalena Contreras,19.308374999706615,-99.26233230811802,4288.0
12424.0,Hueyotla,La Magdalena Contreras,True,Hueyotla — La Magdalena Contreras,19.30448500018278,-99.26035636294208,356.0
12411.0,Independencia Batan Norte,La Magdalena Contreras,True,Independencia Batan Norte — La Magdalena Contreras,19.334480000251972,-99.21382453702878,2479.0
12412.0,Independencia Batan Sur,La Magdalena Contreras,True,Independencia Batan Sur — La Magdalena Contreras,19.33317499987652,-99.21180023418114,1526.0
12409.0,Independencia San Ramon,La Magdalena Contreras,True,Independencia San Ramon — La Magdalena Contreras,19.331640000136076,-99.21831105978761,2900.0
11372.0,Infonavit,La Magdalena Contreras,True,Infonavit — La Magdalena Contreras,19.33707999964244,-99.20846823770358,238.0
12437.0,La Carbonera,La Magdalena Contreras,True,La Carbonera — La Magdalena Contreras,19.29924000022598,-99.25758622897757,6117.0
12446.0,La Concepcion,La Magdalena Contreras,True,La Concepcion — La Magdalena Contreras,19.301450000067604,-99.23426706912903,2793.0
12444.0,La Cruz,La Magdalena Contreras,True,La Cruz — La Magdalena Contreras,19.308624999993924,-99.23442742093016,5536.0
12406.0,La Malinche,La Magdalena Contreras,True,La Malinche — La Magdalena Contreras,19.322704999985916,-99.240638636484,10352.0
12448.0,Las Calles,La Magdalena Contreras,True,Las Calles — La Magdalena Contreras,19.30337500025624,-99.2338756193101,404.0
12419.0,Las Cruces,La Magdalena Contreras,True,Las Cruces — La Magdalena Contreras,19.321843000254404,-99.25545472404013,10372.0
12451.0,Las Huertas,La Magdalena Contreras,True,Las Huertas — La Magdalena Contreras,19.29529000018354,-99.23769640217927,1002.0
12426.0,Las Palmas,La Magdalena Contreras,True,Las Palmas — La Magdalena Contreras,19.313540000021135,-99.25062249955359,4004.0
12421.0,Lomas De San Bernabe,La Magdalena Contreras,True,Lomas De San Bernabe — La Magdalena Contreras,19.310200000229997,-99.26676916665548,13629.0
12405.0,Lomas Quebradas,La Magdalena Contreras,True,Lomas Quebradas — La Magdalena Contreras,19.316050000207497,-99.2401664708309,5593.0
12420.0,Los Padres,La Magdalena Contreras,True,Los Padres — La Magdalena Contreras,19.319779999997166,-99.24890183340709,8947.0
12422.0,Ocotal,La Magdalena Contreras,True,Ocotal — La Magdalena Contreras,19.300284999853034,-99.26155084590822,6551.0
12684.0,Pedregal 2,La Magdalena Contreras,True,Pedregal 2 — La Magdalena Contreras,19.30759999994021,-99.2293641292298,554.0
12414.0,Pedregal De San Jeronimo,La Magdalena Contreras,True,Pedregal De San Jeronimo — La Magdalena Contreras,19.32732499989899,-99.21636245282019,1992.0
12435.0,Potrerillo,La Magdalena Contreras,True,Potrerillo — La Magdalena Contreras,19.307054999988424,-99.25613007989315,4547.0
12450.0,Pueblo La Magdalena Contreras,La Magdalena Contreras,True,Pueblo La Magdalena Contreras — La Magdalena Contreras,19.300115000107326,-99.24775532780984,8337.0
12438.0,Pueblo Nuevo Alto,La Magdalena Contreras,True,Pueblo Nuevo Alto — La Magdalena Contreras,19.3036949997246,-99.25703393753398,6759.0
12436.0,Pueblo Nuevo Bajo,La Magdalena Contreras,True,Pueblo Nuevo Bajo — La Magdalena Contreras,19.307290000033646,-99.24517386302281,4568.0
12416.0,Pueblo San Bernabe Ocotepec,La Magdalena Contreras,True,Pueblo San Bernabe Ocotepec — La Magdalena Contreras,19.314730000039646,-99.25996572202853,12201.0
12449.0,Pueblo San Nicolas Totolapan,La Magdalena Contreras,True,Pueblo San Nicolas Totolapan — La Magdalena Contreras,19.28583499988551,-99.25008210505362,21945.0
12413.0,Puente Sierra,La Magdalena Contreras,True,Puente Sierra — La Magdalena Contreras,19.33145500014831,-99.21339092512054,211.0
12443.0,Residencial Santa Teresa,La Magdalena Contreras,True,Residencial Santa Teresa — La Magdalena Contreras,19.31248000015205,-99.2243556759541,1239.0
12440.0,Rincon De Tlacuilotitla,La Magdalena Contreras,True,Rincon De Tlacuilotitla — La Magdalena Contreras,19.30174999996268,-99.26548209911599,2922.0
12407.0,San Bartolo Ameyalco,La Magdalena Contreras,True,San Bartolo Ameyalco — La Magdalena Contreras,19.32674999991275,-99.24518558828467,5109.0
12431.0,San Francisco,La Magdalena Contreras,True,San Francisco — La Magdalena Contreras,19.310899999685375,-99.2393299671057,7004.0
12430.0,San Jeronimo Aculco,La Magdalena Contreras,True,San Jeronimo Aculco — La Magdalena Contreras,19.318000000200016,-99.2261091477493,8536.0
12415.0,San Jeronimo Lidice,La Magdalena Contreras,True,San Jeronimo Lidice — La Magdalena Contreras,19.324741999943512,-99.22963865311375,12750.0
12442.0,Santa Teresa,La Magdalena Contreras,True,Santa Teresa — La Magdalena Contreras,19.309865000069863,-99.22855749932411,2292.0
12425.0,Tierra Unida,La Magdalena Contreras,True,Tierra Unida — La Magdalena Contreras,19.302489999913718,-99.27024081869455,3423.0
12410.0,Unidad Independencia Imss,La Magdalena Contreras,True,Unidad Independencia Imss — La Magdalena Contreras,19.33044499988702,-99.21556034387298,577.0
12428.0,Vista Hermosa,La Magdalena Contreras,True,Vista Hermosa — La Magdalena Contreras,19.313974999846522,-99.25476814634257,5196.0
12470.0,10 De Abril,Miguel Hidalgo,True,10 De Abril — Miguel Hidalgo,19.44843500012533,-99.20822206536246,333.0
12532.0,16 De Septiembre,Miguel Hidalgo,True,16 De Septiembre — Miguel Hidalgo,19.4028149998625,-99.20508994500474,4716.0
12458.0,1Ra Secc Del Bosque De Chapultepec,Miguel Hidalgo,True,1Ra Secc Del Bosque De Chapultepec — Miguel Hidalgo,19.42087000015053,-99.18651048408017,92.0
12459.0,2Da Secc Del Bosque De Chapultepec,Miguel Hidalgo,True,2Da Secc Del Bosque De Chapultepec — Miguel Hidalgo,19.41329999999519,-99.20193154774697,340.0
12457.0,3Ra Secc Del Bosque De Chapultepec,Miguel Hidalgo,True,3Ra Secc Del Bosque De Chapultepec — Miguel Hidalgo,19.405510000036628,-99.21858562466737,294.0
12506.0,5 De Mayo,Miguel Hidalgo,True,5 De Mayo — Miguel Hidalgo,19.448580000067125,-99.20012060700245,4442.0
12487.0,Agricultura,Miguel Hidalgo,True,Agricultura — Miguel Hidalgo,19.450170000095596,-99.1654079829427,4695.0
12499.0,Ahuehuetes Anahuac,Miguel Hidalgo,True,Ahuehuetes Anahuac — Miguel Hidalgo,19.449579999867268,-99.18931455876694,2168.0
12533.0,America,Miguel Hidalgo,True,America — Miguel Hidalgo,19.40422999991472,-99.20153114299418,2648.0
12535.0,Ampl Daniel Garza,Miguel Hidalgo,True,Ampl Daniel Garza — Miguel Hidalgo,19.410825000073856,-99.19245001044925,3192.0
12517.0,Ampl Granada,Miguel Hidalgo,True,Ampl Granada — Miguel Hidalgo,19.44271999962845,-99.19872484618548,3878.0
12510.0,Ampl Popo,Miguel Hidalgo,True,Ampl Popo — Miguel Hidalgo,19.444875000081367,-99.19688332792462,591.0
12476.0,Ampl Torreblanca,Miguel Hidalgo,True,Ampl Torreblanca — Miguel Hidalgo,19.454830000054642,-99.19982859973243,2977.0
12481.0,Anahuac,Miguel Hidalgo,True,Anahuac — Miguel Hidalgo,19.4436550000284,-99.17395005606465,31092.0
12503.0,Anahuac Dos Lagos,Miguel Hidalgo,True,Anahuac Dos Lagos — Miguel Hidalgo,19.442439999756346,-99.1890085848003,893.0
12480.0,Anahuac Mariano Escobedo,Miguel Hidalgo,True,Anahuac Mariano Escobedo — Miguel Hidalgo,19.44635000020253,-99.18238035718505,2918.0
12500.0,Anahuac Peralitos,Miguel Hidalgo,True,Anahuac Peralitos — Miguel Hidalgo,19.449350000052647,-99.18608566169561,2914.0
12491.0,Angel Zimbron,Miguel Hidalgo,True,Angel Zimbron — Miguel Hidalgo,19.462364999944953,-99.18856836955078,2864.0
12526.0,Anzures,Miguel Hidalgo,True,Anzures — Miguel Hidalgo,19.43242500016379,-99.1766982728316,3506.0
12474.0,Argentina Antigua,Miguel Hidalgo,True,Argentina Antigua — Miguel Hidalgo,19.455960000004154,-99.20500972767363,6423.0
12524.0,Bosques De Chapultepec,Miguel Hidalgo,True,Bosques De Chapultepec — Miguel Hidalgo,19.428839999866256,-99.1882012702765,3402.0
12530.0,Bosques De Las Lomas,Miguel Hidalgo,True,Bosques De Las Lomas — Miguel Hidalgo,19.404860000189018,-99.24538949997287,11061.0
12482.0,Casa Blanca,Miguel Hidalgo,True,Casa Blanca — Miguel Hidalgo,19.434845000246725,-99.18131309844514,1356.0
12525.0,Chapultepec Morales,Miguel Hidalgo,True,Chapultepec Morales — Miguel Hidalgo,19.43460499997093,-99.18664658451439,7367.0
12511.0,Cuauhtemoc Pensil,Miguel Hidalgo,True,Cuauhtemoc Pensil — Miguel Hidalgo,19.445044999827047,-99.1939026212313,3612.0
12534.0,Daniel Garza,Miguel Hidalgo,True,Daniel Garza — Miguel Hidalgo,19.40566999977085,-99.19886328903445,6711.0
12514.0,Del Bosque,Miguel Hidalgo,True,Del Bosque — Miguel Hidalgo,19.433970000365377,-99.20928112048884,812.0
12507.0,Deportiva Pensil,Miguel Hidalgo,True,Deportiva Pensil — Miguel Hidalgo,19.45055999964444,-99.20109154776665,1663.0
12531.0,Escandon,Miguel Hidalgo,True,Escandon — Miguel Hidalgo,19.401834999635696,-99.17772749989159,26597.0
12508.0,Francisco I Madero,Miguel Hidalgo,True,Francisco I Madero — Miguel Hidalgo,19.44774499978209,-99.20377384571015,2950.0
12516.0,Granada,Miguel Hidalgo,True,Granada — Miguel Hidalgo,19.44128000022198,-99.1970021937662,5809.0
12477.0,Huichapan,Miguel Hidalgo,True,Huichapan — Miguel Hidalgo,19.460440000206006,-99.19656012704269,1656.0
12469.0,Ignacio Manuel Altamirano,Miguel Hidalgo,True,Ignacio Manuel Altamirano — Miguel Hidalgo,19.463339999941212,-99.19654994983031,1247.0
12513.0,Irrigacion,Miguel Hidalgo,True,Irrigacion — Miguel Hidalgo,19.443200000180013,-99.21106063835845,3872.0
12504.0,Lago Norte,Miguel Hidalgo,True,Lago Norte — Miguel Hidalgo,19.447084999922964,-99.1875169443019,1850.0
12501.0,Lago Sur,Miguel Hidalgo,True,Lago Sur — Miguel Hidalgo,19.445275000091357,-99.18833519373814,2298.0
12492.0,Legaria,Miguel Hidalgo,True,Legaria — Miguel Hidalgo,19.455654999878504,-99.19402092349799,2623.0
12463.0,Loma Hermosa,Miguel Hidalgo,True,Loma Hermosa — Miguel Hidalgo,19.445919999708394,-99.21374038441536,4267.0
12454.0,Lomas Altas,Miguel Hidalgo,True,Lomas Altas — Miguel Hidalgo,19.399075000061373,-99.23104050455933,1932.0
12539.0,Lomas De Bezares,Miguel Hidalgo,True,Lomas De Bezares — Miguel Hidalgo,19.39156999975583,-99.24337922748518,3940.0
12455.0,Lomas De Chapultepec,Miguel Hidalgo,True,Lomas De Chapultepec — Miguel Hidalgo,19.422334999810545,-99.21386617012055,7672.0
12540.0,Lomas De Reforma,Miguel Hidalgo,True,Lomas De Reforma — Miguel Hidalgo,19.40725500001841,-99.22807660113048,4429.0
12464.0,Lomas De Sotelo,Miguel Hidalgo,True,Lomas De Sotelo — Miguel Hidalgo,19.437290000133544,-99.223434490398,496.0
26655.0,Lomas De Sotelo,Miguel Hidalgo,True,Lomas De Sotelo — Miguel Hidalgo,19.455364999994913,-99.21786981073232,520.0
12452.0,Lomas De Virreyes,Miguel Hidalgo,True,Lomas De Virreyes — Miguel Hidalgo,19.41398500010783,-99.215449204034,2150.0
12515.0,Los Morales,Miguel Hidalgo,True,Los Morales — Miguel Hidalgo,19.437694999924446,-99.20995218720687,4301.0
12518.0,Los Morales Secc Alameda,Miguel Hidalgo,True,Los Morales Secc Alameda — Miguel Hidalgo,19.433965000134805,-99.20472697774042,856.0
12519.0,Los Morales Secc Palmas,Miguel Hidalgo,True,Los Morales Secc Palmas — Miguel Hidalgo,19.4368400000661,-99.2040088020177,2270.0
12502.0,Manzanos,Miguel Hidalgo,True,Manzanos — Miguel Hidalgo,19.44675499999343,-99.18480781750054,4378.0
12483.0,Marina Nacional,Miguel Hidalgo,True,Marina Nacional — Miguel Hidalgo,19.44635000020253,-99.1799268385411,1766.0
12472.0,Mexico Nuevo,Miguel Hidalgo,True,Mexico Nuevo — Miguel Hidalgo,19.452344999672164,-99.20395955504398,4277.0
12460.0,Militar 1 K Lomas De Sotelo,Miguel Hidalgo,True,Militar 1 K Lomas De Sotelo — Miguel Hidalgo,19.433565000124815,-99.22014552095358,3729.0
12498.0,Modelo,Miguel Hidalgo,True,Modelo — Miguel Hidalgo,19.44554999973286,-99.19106692824363,1673.0
12456.0,Molino Del Rey,Miguel Hidalgo,True,Molino Del Rey — Miguel Hidalgo,19.424249999987666,-99.20326008188187,574.0
12493.0,Nextitla,Miguel Hidalgo,True,Nextitla — Miguel Hidalgo,19.454359999964197,-99.17424494209581,2270.0
12527.0,Nueva Anzures,Miguel Hidalgo,True,Nueva Anzures — Miguel Hidalgo,19.426929999919736,-99.17734930233686,1653.0
12468.0,Nueva Argentina,Miguel Hidalgo,True,Nueva Argentina — Miguel Hidalgo,19.459079999992184,-99.20924393322238,12743.0
12537.0,Observatorio,Miguel Hidalgo,True,Observatorio — Miguel Hidalgo,19.406865000019906,-99.1932181617913,5956.0
12521.0,Palmitas,Miguel Hidalgo,True,Palmitas — Miguel Hidalgo,19.431249999937705,-99.20430855555784,1512.0
12505.0,Panteon Frances,Miguel Hidalgo,True,Panteon Frances — Miguel Hidalgo,19.45078999990875,-99.20785260721993,13.0
12494.0,Pensil Norte,Miguel Hidalgo,True,Pensil Norte — Miguel Hidalgo,19.450264999979936,-99.19694383498879,10366.0
12512.0,Pensil Sur,Miguel Hidalgo,True,Pensil Sur — Miguel Hidalgo,19.44642999984478,-99.1972695067681,2731.0
12467.0,Periodista,Miguel Hidalgo,True,Periodista — Miguel Hidalgo,19.448039999896253,-99.2188343487122,718.0
12541.0,Plan De Barrancas,Miguel Hidalgo,True,Plan De Barrancas — Miguel Hidalgo,19.402229999864772,-99.23003029797351,
12486.0,Plutarco Elias Calles,Miguel Hidalgo,True,Plutarco Elias Calles — Miguel Hidalgo,19.4547299999397,-99.16894353484778,762.0
12522.0,Polanco Chapultepec,Miguel Hidalgo,True,Polanco Chapultepec — Miguel Hidalgo,19.429034999865507,-99.19651314382185,3678.0
12520.0,Polanco Reforma,Miguel Hidalgo,True,Polanco Reforma — Miguel Hidalgo,19.43523499979557,-99.19612645261012,5205.0
12509.0,Popo,Miguel Hidalgo,True,Popo — Miguel Hidalgo,19.445800000020142,-99.20010847184182,2073.0
12489.0,Popotla,Miguel Hidalgo,True,Popotla — Miguel Hidalgo,19.454260000298945,-99.1807075959309,16681.0
12453.0,Real De Lomas,Miguel Hidalgo,True,Real De Lomas — Miguel Hidalgo,19.398050000007657,-99.24034601662126,153.0
12466.0,Refineria 18 De Marzo,Miguel Hidalgo,True,Refineria 18 De Marzo — Miguel Hidalgo,19.46585499990846,-99.19940599131522,891.0
12496.0,Reforma Pensil,Miguel Hidalgo,True,Reforma Pensil — Miguel Hidalgo,19.449934999600714,-99.1927236601312,7063.0
12529.0,Reforma Social,Miguel Hidalgo,True,Reforma Social — Miguel Hidalgo,19.42399000013856,-99.22484256428874,13248.0
12528.0,Residencial Militar,Miguel Hidalgo,True,Residencial Militar — Miguel Hidalgo,19.436469999640934,-99.21629968289652,620.0
12523.0,Rincon Del Bosque,Miguel Hidalgo,True,Rincon Del Bosque — Miguel Hidalgo,19.42924999988776,-99.1810774438236,645.0
12478.0,San Diego Ocoyoacac,Miguel Hidalgo,True,San Diego Ocoyoacac — Miguel Hidalgo,19.462430000244495,-99.19390568122398,4374.0
12473.0,San Joaquin,Miguel Hidalgo,True,San Joaquin — Miguel Hidalgo,19.454464999860022,-99.2116258163718,3549.0
12497.0,San Juanico,Miguel Hidalgo,True,San Juanico — Miguel Hidalgo,19.451700000055126,-99.18786897859466,3266.0
12465.0,San Lorenzo Tlaltenango,Miguel Hidalgo,True,San Lorenzo Tlaltenango — Miguel Hidalgo,19.46536499979507,-99.21059696090435,518.0
12536.0,San Miguel Chapultepec,Miguel Hidalgo,True,San Miguel Chapultepec — Miguel Hidalgo,19.411830000104572,-99.18682365528072,12074.0
12485.0,Santo Tomas,Miguel Hidalgo,True,Santo Tomas — Miguel Hidalgo,19.451700000055126,-99.17003147842723,561.0
12490.0,Tacuba,Miguel Hidalgo,True,Tacuba — Miguel Hidalgo,19.457084999723122,-99.18832139350013,11910.0
12538.0,Tacubaya,Miguel Hidalgo,True,Tacubaya — Miguel Hidalgo,19.40168499991296,-99.18849584429839,8420.0
12471.0,Tata Lazaro,Miguel Hidalgo,True,Tata Lazaro — Miguel Hidalgo,19.448839999916203,-99.21096477374809,568.0
12488.0,Tlaxpana,Miguel Hidalgo,True,Tlaxpana — Miguel Hidalgo,19.440844999946933,-99.16912434446732,8391.0
12475.0,Torreblanca,Miguel Hidalgo,True,Torreblanca — Miguel Hidalgo,19.457055000138297,-99.19594624967311,5309.0
12484.0,Un Hogar Para Nosotros,Miguel Hidalgo,True,Un Hogar Para Nosotros — Miguel Hidalgo,19.447780000047118,-99.16880187057887,787.0
12461.0,Unidad Hab Loma Hermosa,Miguel Hidalgo,True,Unidad Hab Loma Hermosa — Miguel Hidalgo,19.447050000107595,-99.20877537187947,121.0
12462.0,Unidad Hab Lomas De Sotelo,Miguel Hidalgo,True,Unidad Hab Lomas De Sotelo — Miguel Hidalgo,19.449820000143035,-99.21355007912933,5023.0
12495.0,Ventura Perez De Alba,Miguel Hidalgo,True,Ventura Perez De Alba — Miguel Hidalgo,19.453209999991657,-99.19612028230421,2703.0
12479.0,Veronica Anzures,Miguel Hidalgo,True,Veronica Anzures — Miguel Hidalgo,19.43596500018478,-99.17435890454243,3069.0
12562.0,Barrio Ampl Santa Martha,Milpa Alta,False,Barrio Ampl Santa Martha — Milpa Alta,19.210085000072866,-99.03486499994465,1432.0
12570.0,Barrio Centro,Milpa Alta,False,Barrio Centro — Milpa Alta,19.186830000104578,-99.07182454506267,907.0
12557.0,Barrio Cruztitla,Milpa Alta,False,Barrio Cruztitla — Milpa Alta,19.209509999636936,-98.99960225376944,4904.0
12578.0,Barrio Guadalupita,Milpa Alta,False,Barrio Guadalupita — Milpa Alta,19.175595000009395,-98.99081226168802,1242.0
12547.0,Barrio La Concepcion,Milpa Alta,False,Barrio La Concepcion — Milpa Alta,19.18528499990299,-99.01995308815111,1800.0
12548.0,Barrio La Luz,Milpa Alta,False,Barrio La Luz — Milpa Alta,19.190420000183025,-99.03455832644306,4091.0
12542.0,Barrio Los Angeles,Milpa Alta,False,Barrio Los Angeles — Milpa Alta,19.18505500008834,-99.02390455356542,1653.0
12563.0,Barrio Nuchtla,Milpa Alta,False,Barrio Nuchtla — Milpa Alta,19.211440000056115,-99.04358436912065,1350.0
12564.0,Barrio Ocotitla,Milpa Alta,False,Barrio Ocotitla — Milpa Alta,19.191470000040653,-99.05721876568974,3057.0
12559.0,Barrio Panchimalco,Milpa Alta,False,Barrio Panchimalco — Milpa Alta,19.198419999933208,-99.04776993352576,2041.0
12549.0,Barrio San Agustin,Milpa Alta,False,Barrio San Agustin — Milpa Alta,19.183935000150313,-99.01060791448046,3125.0
12571.0,Barrio San Juan,Milpa Alta,False,Barrio San Juan — Milpa Alta,19.18036999987578,-99.06692652567054,5163.0
12543.0,Barrio San Mateo,Milpa Alta,False,Barrio San Mateo — Milpa Alta,19.19278499997793,-99.0307705279959,2124.0
12567.0,Barrio San Miguel,Milpa Alta,False,Barrio San Miguel — Milpa Alta,19.192564999725136,-99.07680177567978,5174.0
12544.0,Barrio Santa Cruz,Milpa Alta,False,Barrio Santa Cruz — Milpa Alta,19.20856500012482,-99.01996677088556,3571.0
12545.0,Barrio Santa Martha,Milpa Alta,False,Barrio Santa Martha — Milpa Alta,19.194879999912217,-99.02590529568968,2764.0
12558.0,Barrio Tecaxtitla,Milpa Alta,False,Barrio Tecaxtitla — Milpa Alta,19.22034000039085,-99.00404187461706,8067.0
12551.0,Barrio Tenantitla,Milpa Alta,False,Barrio Tenantitla — Milpa Alta,19.21894499991197,-98.99527520378766,1481.0
12568.0,Barrio Tlacpac,Milpa Alta,False,Barrio Tlacpac — Milpa Alta,19.181855000008397,-99.07394235843134,3375.0
12560.0,Barrio Tula,Milpa Alta,False,Barrio Tula — Milpa Alta,19.210759999724388,-99.05064288459018,1287.0
12552.0,Barrio Xaltipac,Milpa Alta,False,Barrio Xaltipac — Milpa Alta,19.22116499976508,-98.98979672411106,3581.0
12553.0,Barrio Xochitepec,Milpa Alta,False,Barrio Xochitepec — Milpa Alta,19.211000000000155,-98.99352049708698,6970.0
12546.0,Centro Milpa Alta,Milpa Alta,False,Centro Milpa Alta — Milpa Alta,19.191944999911982,-99.02267114349425,95.0
12569.0,Centro San Pablo Oztotepec,Milpa Alta,False,Centro San Pablo Oztotepec — Milpa Alta,19.18844000015605,-99.06956166072995,961.0
12682.0,Emiliano Zapata 1Ra Secc,Milpa Alta,False,Emiliano Zapata 1Ra Secc — Milpa Alta,19.210250000037632,-98.96995398968775,1075.0
12683.0,Emiliano Zapata 2Da Secc,Milpa Alta,False,Emiliano Zapata 2Da Secc — Milpa Alta,19.207305000025883,-98.96866999192585,970.0
12678.0,La Conchita,Milpa Alta,False,La Conchita — Milpa Alta,19.2130400000961,-98.9764976665491,553.0
12554.0,Las Arboleda,Milpa Alta,False,Las Arboleda — Milpa Alta,19.210329999679885,-98.98221209682663,
12555.0,Las Joyas,Milpa Alta,False,Las Joyas — Milpa Alta,19.20854000032091,-98.98509343745125,736.0
12679.0,Morelos,Milpa Alta,False,Morelos — Milpa Alta,19.20429500016428,-98.97369149960788,1033.0
12556.0,Noxalco,Milpa Alta,False,Noxalco — Milpa Alta,19.20854000032091,-98.9824326032635,280.0
12550.0,Pueblo San Agustin Ohtenco,Milpa Alta,False,Pueblo San Agustin Ohtenco — Milpa Alta,19.196924999789047,-99.01225266772195,1933.0
12573.0,Pueblo San Jeronimo Miacatlan,Milpa Alta,False,Pueblo San Jeronimo Miacatlan — Milpa Alta,19.188225000133826,-99.00262133846775,2434.0
12575.0,Pueblo San Juan Tepenahuac,Milpa Alta,False,Pueblo San Juan Tepenahuac — Milpa Alta,19.189114999807572,-98.99604080971194,984.0
12561.0,Pueblo San Pedro Atocpan,Milpa Alta,False,Pueblo San Pedro Atocpan — Milpa Alta,19.194549999982684,-99.04905399053797,441.0
12565.0,San Bartolome Xicomulco,Milpa Alta,False,San Bartolome Xicomulco — Milpa Alta,19.210099999865264,-99.07365230250534,4819.0
12574.0,San Francisco Tecoxpa,Milpa Alta,False,San Francisco Tecoxpa — Milpa Alta,19.182889999623967,-98.97813727922968,4729.0
12579.0,San Jose,Milpa Alta,False,San Jose — Milpa Alta,19.17883999991622,-99.00067665463274,2743.0
12572.0,San Lorenzo Tlacoyucan,Milpa Alta,False,San Lorenzo Tlacoyucan — Milpa Alta,19.169835000135294,-99.0295346185602,2990.0
12576.0,San Marcos Tlacotenco,Milpa Alta,False,San Marcos Tlacotenco — Milpa Alta,19.169194999849537,-98.99473628786058,4045.0
12566.0,San Salvador Cuauhtenco,Milpa Alta,False,San Salvador Cuauhtenco — Milpa Alta,19.166045000276682,-99.11615930663072,14276.0
12577.0,Santa Ana Tlacotenco,Milpa Alta,False,Santa Ana Tlacotenco — Milpa Alta,19.17320000018003,-99.00174946428973,1567.0
12645.0,3 De Mayo,Tlahuac,False,3 De Mayo — Tlahuac,19.29566499993996,-99.00237315780261,1627.0
12621.0,Agricola Metropolitana,Tlahuac,False,Agricola Metropolitana — Tlahuac,19.29110999987674,-99.05219178001602,9431.0
12612.0,Amado Nervo,Tlahuac,False,Amado Nervo — Tlahuac,19.298663500170562,-99.0516514735188,203.0
12642.0,Ampl Jose Lopez Portillo,Tlahuac,False,Ampl Jose Lopez Portillo — Tlahuac,19.31204000009609,-99.027883785028,966.0
12638.0,Ampl La Conchita,Tlahuac,False,Ampl La Conchita — Tlahuac,19.272160999730517,-99.0236823194624,6302.0
12610.0,Ampl Los Olivos,Tlahuac,False,Ampl Los Olivos — Tlahuac,19.308755000143293,-99.05265441729767,14588.0
12616.0,Ampl Miguel Hidalgo,Tlahuac,False,Ampl Miguel Hidalgo — Tlahuac,19.28690499976608,-99.05668458337439,4109.0
12649.0,Ampl Selene,Tlahuac,False,Ampl Selene — Tlahuac,19.276820000093096,-98.98689126824918,5601.0
12603.0,Barrio Concepcion,Tlahuac,False,Barrio Concepcion — Tlahuac,19.31450700009816,-98.96768540802668,1773.0
12587.0,Barrio Guadalupe,Tlahuac,False,Barrio Guadalupe — Tlahuac,19.26793000021948,-99.00892133327332,1612.0
12580.0,Barrio La Asuncion,Tlahuac,False,Barrio La Asuncion — Tlahuac,19.27287000005063,-99.00525357706479,3056.0
12600.0,Barrio La Guadalupe,Tlahuac,False,Barrio La Guadalupe — Tlahuac,19.31818000040687,-98.97205647240517,1558.0
12660.0,Barrio La Lupita,Tlahuac,False,Barrio La Lupita — Tlahuac,19.245219999753346,-98.98893811328777,2314.0
12589.0,Barrio La Magdalena,Tlahuac,False,Barrio La Magdalena — Tlahuac,19.26150499980605,-98.99515501482915,1275.0
12656.0,Barrio La Soledad,Tlahuac,False,Barrio La Soledad — Tlahuac,19.23694499991197,-98.99198533477238,692.0
12591.0,Barrio Los Reyes,Tlahuac,False,Barrio Los Reyes — Tlahuac,19.26102999993472,-99.00656161772207,4175.0
12674.0,Barrio Los Reyes Mixquic,Tlahuac,False,Barrio Los Reyes Mixquic — Tlahuac,19.228865000069845,-98.96645882794178,3020.0
12673.0,Barrio San Bartolo Mixquic,Tlahuac,False,Barrio San Bartolo Mixquic — Tlahuac,19.226984999708122,-98.96083141230852,2339.0
12584.0,Barrio San Mateo,Tlahuac,False,Barrio San Mateo — Tlahuac,19.271710000066605,-99.00023199974967,6651.0
12590.0,Barrio San Miguel,Tlahuac,False,Barrio San Miguel — Tlahuac,19.26729999994521,-98.9988471812224,2119.0
12677.0,Barrio San Miguel Mixquic,Tlahuac,False,Barrio San Miguel Mixquic — Tlahuac,19.2183750001563,-98.9591271569555,5131.0
12601.0,Barrio Santiago,Tlahuac,False,Barrio Santiago — Tlahuac,19.315015000142296,-98.96497231719914,1359.0
12632.0,Barrio Santiago Zapotitlan,Tlahuac,False,Barrio Santiago Zapotitlan — Tlahuac,19.301090000103585,-99.03243372535105,1906.0
12639.0,Cochinita A,Tlahuac,False,Cochinita A — Tlahuac,19.286915000227225,-99.0383597661498,5021.0
12636.0,Conchita B,Tlahuac,False,Conchita B — Tlahuac,19.286780000296943,-99.03315481250178,7409.0
12617.0,Del Mar,Tlahuac,False,Del Mar — Tlahuac,19.288654999978434,-99.06122110653692,14115.0
12650.0,Deportiva Cet 1,Tlahuac,False,Deportiva Cet 1 — Tlahuac,19.291059999819282,-98.99400944426554,
12608.0,Dr Francisco Cabrera,Tlahuac,False,Dr Francisco Cabrera — Tlahuac,19.29772999983976,-99.05909976117303,3942.0
12667.0,El Rosario,Tlahuac,False,El Rosario — Tlahuac,19.241914999777606,-99.00580923559747,4578.0
12655.0,El Triangulo,Tlahuac,False,El Triangulo — Tlahuac,19.285824999873995,-99.0176260763302,710.0
12668.0,Emiliano Zapata,Tlahuac,False,Emiliano Zapata — Tlahuac,19.238339999941218,-98.99972789057409,2007.0
12662.0,Francisco Villa,Tlahuac,False,Francisco Villa — Tlahuac,19.252865000219742,-99.00501508424028,729.0
12614.0,Granjas Cabrera,Tlahuac,False,Granjas Cabrera — Tlahuac,19.301144999941954,-99.06351312614981,1811.0
12653.0,Guadalupe Tlaltenco,Tlahuac,False,Guadalupe Tlaltenco — Tlahuac,19.294834999885524,-99.01194197333515,3862.0
12596.0,Guadalupe Yecahuizotl,Tlahuac,False,Guadalupe Yecahuizotl — Tlahuac,19.310194999999396,-98.96531570439224,1127.0
12633.0,Gutierrez Najera,Tlahuac,False,Gutierrez Najera — Tlahuac,19.303024999854017,-99.0421609550503,3461.0
12665.0,Jaime Torres Bodet,Tlahuac,False,Jaime Torres Bodet — Tlahuac,19.230340000191006,-98.99663828769337,2967.0
12670.0,Jardines Del Llano,Tlahuac,False,Jardines Del Llano — Tlahuac,19.230895000154305,-98.97481977917793,1281.0
12641.0,Jose Lopez Portillo,Tlahuac,False,Jose Lopez Portillo — Tlahuac,19.301450000067604,-99.0216101470588,4157.0
12661.0,La Asuncion,Tlahuac,False,La Asuncion — Tlahuac,19.236094999834535,-98.98451051405874,1793.0
12658.0,La Concepcion,Tlahuac,False,La Concepcion — Tlahuac,19.23866500008984,-98.99645808596883,810.0
12637.0,La Conchita Zapotitlan,Tlahuac,False,La Conchita Zapotitlan — Tlahuac,19.290544999901982,-99.02978159054098,4320.0
12635.0,La Estacion,Tlahuac,False,La Estacion — Tlahuac,19.310924999938976,-99.04232664059928,10545.0
12585.0,La Habana,Tlahuac,False,La Habana — Tlahuac,19.25311899979218,-98.9762121668519,2352.0
12664.0,La Loma,Tlahuac,False,La Loma — Tlahuac,19.2481150001573,-98.99950899974613,1455.0
12613.0,La Nopalera,Tlahuac,False,La Nopalera — Tlahuac,19.297190000118576,-99.05379659757618,6985.0
12615.0,La Turba,Tlahuac,False,La Turba — Tlahuac,19.295194999849542,-99.05866431848364,2253.0
12611.0,Las Arboledas,Tlahuac,False,Las Arboledas — Tlahuac,19.304359999814295,-99.0537500156581,720.0
12651.0,Las Puertas,Tlahuac,False,Las Puertas — Tlahuac,19.29279999957049,-99.02044590349541,786.0
12609.0,Los Olivos,Tlahuac,False,Los Olivos — Tlahuac,19.30119499999941,-99.05765489966146,1808.0
12588.0,Los Reyes,Tlahuac,False,Los Reyes — Tlahuac,19.265020000023156,-99.00909820068263,
12604.0,Miguel Hidalgo,Tlahuac,False,Miguel Hidalgo — Tlahuac,19.28608500017279,-99.04744368602199,21073.0
12622.0,Multirol Tlaxcanes (Herradura Tlaxcanes),Tlahuac,False,Multirol Tlaxcanes (Herradura Tlaxcanes) — Tlahuac,19.305780000097087,-99.04055722037927,485.0
12654.0,Ojo De Agua,Tlahuac,False,Ojo De Agua — Tlahuac,19.287780000097086,-99.01241092094698,3344.0
13142.0,Olivar De Santa Maria,Tlahuac,False,Olivar De Santa Maria — Tlahuac,19.24429500026423,-99.01016299759007,1778.0
12669.0,PeãA Alta Sur,Tlahuac,False,PeãA Alta Sur — Tlahuac,19.231205000060868,-99.00156947275903,6789.0
12671.0,Potrero Del Llano,Tlahuac,False,Potrero Del Llano — Tlahuac,19.23363999993623,-98.99149901506328,608.0
12640.0,Pueblo San Francisco Tlaltenco,Tlahuac,False,Pueblo San Francisco Tlaltenco — Tlahuac,19.305409999671895,-99.01257828185206,6291.0
12592.0,Pueblo Tulyehualco,Tlahuac,False,Pueblo Tulyehualco — Tlahuac,19.26367000027045,-99.022001307309,5000.0
12593.0,Quiahuatla,Tlahuac,False,Quiahuatla — Tlahuac,19.253460000229012,-98.99128232827088,3013.0
12657.0,San Agustin,Tlahuac,False,San Agustin — Tlahuac,19.24427500024123,-98.99967403421213,2899.0
12676.0,San Agustin Mixquic,Tlahuac,False,San Agustin Mixquic — Tlahuac,19.223640000136072,-98.96798252751104,2163.0
12594.0,San Andres,Tlahuac,False,San Andres — Tlahuac,19.263960000154043,-99.00433981488237,3863.0
12646.0,San Francisco Tlaltenco,Tlahuac,False,San Francisco Tlaltenco — Tlahuac,19.30033000012955,-98.98716749995504,998.0
12607.0,San Jeronimo,Tlahuac,False,San Jeronimo — Tlahuac,19.30281999984328,-99.06214478957156,1165.0
12582.0,San Jose,Tlahuac,False,San Jose — Tlahuac,19.27508999990374,-98.99690568774793,8344.0
12583.0,San Juan,Tlahuac,False,San Juan — Tlahuac,19.270772500001044,-99.0079191995664,610.0
12659.0,San Juan Ixtayopan,Tlahuac,False,San Juan Ixtayopan — Tlahuac,19.240629999874756,-98.99417208770487,443.0
12623.0,San Miguel,Tlahuac,False,San Miguel — Tlahuac,19.306484999783095,-99.03236897053841,2510.0
12598.0,San Miguel Yecahuizotl,Tlahuac,False,San Miguel Yecahuizotl — Tlahuac,19.30416000003416,-98.9730386655608,3649.0
12605.0,San Miguel Zapotitla,Tlahuac,False,San Miguel Zapotitla — Tlahuac,19.309775000416096,-99.03638740201028,571.0
12680.0,San Nicolas Tetelco,Tlahuac,False,San Nicolas Tetelco — Tlahuac,19.217860000239,-98.97620485789531,2372.0
13132.0,San Sebastian,Tlahuac,False,San Sebastian — Tlahuac,19.255334999910474,-99.00811957365705,5675.0
12586.0,Santa Ana,Tlahuac,False,Santa Ana — Tlahuac,19.269339999591466,-99.00798089301009,1153.0
12624.0,Santa Ana Centro,Tlahuac,False,Santa Ana Centro — Tlahuac,19.297729999839788,-99.03847435830508,1664.0
12625.0,Santa Ana Norte,Tlahuac,False,Santa Ana Norte — Tlahuac,19.301344999722147,-99.0379386295228,4968.0
12626.0,Santa Ana Poniente,Tlahuac,False,Santa Ana Poniente — Tlahuac,19.30431499998741,-99.0476099910293,19096.0
12627.0,Santa Ana Sur,Tlahuac,False,Santa Ana Sur — Tlahuac,19.295864999720123,-99.03900363832257,2323.0
12628.0,Santa Ana Zapotitlan,Tlahuac,False,Santa Ana Zapotitlan — Tlahuac,19.3048450001468,-99.03836616322582,2108.0
12602.0,Santa Catarina Ampliacion,Tlahuac,False,Santa Catarina Ampliacion — Tlahuac,19.31989999968542,-98.96274183546382,792.0
12581.0,Santa Cecilia,Tlahuac,False,Santa Cecilia — Tlahuac,19.27901000036138,-99.00876478448036,6207.0
13139.0,Santa Maria De Los Olivos,Tlahuac,False,Santa Maria De Los Olivos — Tlahuac,19.248150000422356,-99.0073122348374,509.0
13140.0,Santa Maria Nativitas,Tlahuac,False,Santa Maria Nativitas — Tlahuac,19.246675000301195,-99.01146573852512,1111.0
12629.0,Santiago Centro,Tlahuac,False,Santiago Centro — Tlahuac,19.298794999939474,-99.02739286537775,2272.0
12630.0,Santiago Norte,Tlahuac,False,Santiago Norte — Tlahuac,19.302184999788068,-99.02730266553337,967.0
12631.0,Santiago Sur,Tlahuac,False,Santiago Sur — Tlahuac,19.295224999884,-99.03201930388306,5274.0
12643.0,Selene 1A Seccion,Tlahuac,False,Selene 1A Seccion — Tlahuac,19.3067999999202,-98.99946271209109,8052.0
12644.0,Selene 2A Seccion,Tlahuac,False,Selene 2A Seccion — Tlahuac,19.28529499971461,-99.00486690994646,7936.0
12619.0,Tenochtitlan,Tlahuac,False,Tenochtitlan — Tlahuac,19.280515000067368,-99.0584018833496,1077.0
12681.0,Tepantitlamilco,Tlahuac,False,Tepantitlamilco — Tlahuac,19.220315000137333,-98.97036188171074,896.0
12647.0,Tezontitla,Tlahuac,False,Tezontitla — Tlahuac,19.296525000028907,-99.00253649418477,
12666.0,Tierra Blanca,Tlahuac,False,Tierra Blanca — Tlahuac,19.234160000084103,-99.01261738648174,4581.0
12620.0,Villa Centroamericana Y Del Caribe,Tlahuac,False,Villa Centroamericana Y Del Caribe — Tlahuac,19.28208999985378,-99.05438274206163,9019.0
12672.0,Villa Tlatempa,Tlahuac,False,Villa Tlatempa — Tlahuac,19.23098000002713,-98.99250919659204,854.0
12618.0,Villas La Draga,Tlahuac,False,Villas La Draga — Tlahuac,19.28396500043459,-99.04242113642204,6370.0
12652.0,Zacatenco,Tlahuac,False,Zacatenco — Tlahuac,19.29593499980055,-99.02303084814935,2070.0
12634.0,Zapotitla-Tlahuac,Tlahuac,False,Zapotitla-Tlahuac — Tlahuac,19.306469999990668,-99.04165731754854,1379.0
12606.0,Zapotitlan,Tlahuac,False,Zapotitlan — Tlahuac,19.30911500010734,-99.03932151655488,9104.0
12648.0,Zona De Reserva Ecologica,Tlahuac,False,Zona De Reserva Ecologica — Tlahuac,19.281999999750354,-98.99537633528298,
12663.0,Zona Rustica,Tlahuac,False,Zona Rustica — Tlahuac,19.251225000133815,-99.00030299533051,415.0
12909.0,2 De Octubre,Tlalpan,False,2 De Octubre — Tlalpan,19.27118500013782,-99.23010205886385,4111.0
12895.0,Ampl La Venta,Tlalpan,False,Ampl La Venta — Tlalpan,19.21581499991248,-99.1786149708889,67.0
12743.0,Ampl Miguel Hidalgo 3A Seccion,Tlalpan,False,Ampl Miguel Hidalgo 3A Seccion — Tlalpan,19.28126499958023,-99.20613953127034,16838.0
12744.0,Ampl Miguel Hidalgo 4Ta Secc,Tlalpan,False,Ampl Miguel Hidalgo 4Ta Secc — Tlalpan,19.275425000063848,-99.21116499996464,3524.0
12804.0,Amsa,Tlalpan,False,Amsa — Tlalpan,19.284960000004162,-99.13872038450211,787.0
12799.0,Arboledas Del Sur,Tlalpan,False,Arboledas Del Sur — Tlalpan,19.292440000056104,-99.13862166642292,5826.0
12809.0,Arenal De Guadalupe,Tlalpan,False,Arenal De Guadalupe — Tlalpan,19.2888199999432,-99.14873616410068,501.0
12876.0,Arenal Tepepan,Tlalpan,False,Arenal Tepepan — Tlalpan,19.284949999992676,-99.15047129311901,742.0
12847.0,Barrio El Truenito,Tlalpan,False,Barrio El Truenito — Tlalpan,19.276275000141283,-99.16903660734405,1085.0
12749.0,Barrio La Fama,Tlalpan,False,Barrio La Fama — Tlalpan,19.291119999888252,-99.17636722229432,1800.0
12748.0,Barrio La Lonja,Tlalpan,False,Barrio La Lonja — Tlalpan,19.29018000015705,-99.18040872944563,1900.0
12709.0,Barrio NiãO Jesus,Tlalpan,False,Barrio NiãO Jesus — Tlalpan,19.287259999949185,-99.16070894312594,2059.0
12707.0,Barrio San Fernando,Tlalpan,False,Barrio San Fernando — Tlalpan,19.29702500015381,-99.17792820754292,887.0
12710.0,Belisario Dominguez Seccion Xvi,Tlalpan,False,Belisario Dominguez Seccion Xvi — Tlalpan,19.290724999659176,-99.15657552374103,2118.0
12902.0,Belvedere,Tlalpan,False,Belvedere — Tlalpan,19.26888999997368,-99.22701943591798,3561.0
12903.0,Belvedere De Eslava,Tlalpan,False,Belvedere De Eslava — Tlalpan,19.274909999696888,-99.22802153065456,683.0
12745.0,Bosque De Tlalpan,Tlalpan,False,Bosque De Tlalpan — Tlalpan,19.291485000082844,-99.19729018401,2598.0
12908.0,Bosques Del Pedregal,Tlalpan,False,Bosques Del Pedregal — Tlalpan,19.269470000190495,-99.23979818155786,12354.0
12827.0,Camiseta Calvario,Tlalpan,False,Camiseta Calvario — Tlalpan,19.288924999839026,-99.17874690204792,159.0
12843.0,Cantera,Tlalpan,False,Cantera — Tlalpan,19.280029999734865,-99.18277544571131,409.0
12699.0,Cantera Puente De Piedra,Tlalpan,False,Cantera Puente De Piedra — Tlalpan,19.29838000013706,-99.16510324361263,2538.0
12719.0,Chichicaspatl,Tlalpan,False,Chichicaspatl — Tlalpan,19.277540000021133,-99.24314347564172,4181.0
12880.0,Chimalcoyotl,Tlalpan,False,Chimalcoyotl — Tlalpan,19.27420999979182,-99.16668538459129,1321.0
12913.0,Chimilli,Tlalpan,False,Chimilli — Tlalpan,19.270200000130075,-99.21922217383391,2604.0
12874.0,Colinas Del Bosque,Tlalpan,False,Colinas Del Bosque — Tlalpan,19.280744999882018,-99.14564892593262,783.0
12701.0,Comuneros Santa Ursula,Tlalpan,False,Comuneros Santa Ursula — Tlalpan,19.300360000164034,-99.16427347558022,1956.0
12759.0,Condominio Tres Fuentes,Tlalpan,False,Condominio Tres Fuentes — Tlalpan,19.29872499985902,-99.12147245772204,1833.0
12778.0,Conjunto Infonavit Cuemanco,Tlalpan,False,Conjunto Infonavit Cuemanco — Tlalpan,19.29646999974085,-99.10515148958703,920.0
12791.0,Conjunto Res Villa Prado Coapa,Tlalpan,False,Conjunto Res Villa Prado Coapa — Tlalpan,19.290574999936467,-99.13482184309704,102.0
12779.0,Conjunto Urbano Coapa,Tlalpan,False,Conjunto Urbano Coapa — Tlalpan,19.298239999976175,-99.10438073239675,986.0
12738.0,Cruz Del Farol,Tlalpan,False,Cruz Del Farol — Tlalpan,19.269735000270202,-99.21330201692791,1167.0
12733.0,Cuchilla De Padierna,Tlalpan,False,Cuchilla De Padierna — Tlalpan,19.275399999810304,-99.21844455205499,3179.0
12841.0,Cuchilla Tepeximilpa,Tlalpan,False,Cuchilla Tepeximilpa — Tlalpan,19.27001500014231,-99.19239318932705,295.0
12735.0,Cultura Maya,Tlalpan,False,Cultura Maya — Tlalpan,19.27954500030168,-99.22426432057829,3790.0
12833.0,Cumbres De Tepetongo,Tlalpan,False,Cumbres De Tepetongo — Tlalpan,19.273004999980913,-99.18784229157585,
12747.0,De Caramaguey,Tlalpan,False,De Caramaguey — Tlalpan,19.291965000184774,-99.18390252418479,1098.0
12842.0,Diamante,Tlalpan,False,Diamante — Tlalpan,19.27090000003514,-99.19357256741424,976.0
13082.0,Dolores Tlali,Tlalpan,False,Dolores Tlali — Tlalpan,19.242269999960683,-99.14346526906635,2883.0
12883.0,Ejidos De Sn Pedro Martir,Tlalpan,False,Ejidos De Sn Pedro Martir — Tlalpan,19.26968999999366,-99.15798875395708,7883.0
12914.0,Ejidos San Andres,Tlalpan,False,Ejidos San Andres — Tlalpan,19.27015499985353,-99.21622963866051,767.0
12746.0,El Bosque,Tlalpan,False,El Bosque — Tlalpan,19.292755000193267,-99.19081074205798,350.0
12688.0,El Capulin,Tlalpan,False,El Capulin — Tlalpan,19.282745000381624,-99.1903704319752,2202.0
12834.0,El Convento,Tlalpan,False,El Convento — Tlalpan,19.275874999681662,-99.17968839826686,2627.0
12824.0,El Divisadero,Tlalpan,False,El Divisadero — Tlalpan,19.254379999937214,-99.15944116654148,1692.0
12689.0,El Metro,Tlalpan,False,El Metro — Tlalpan,19.28120999974186,-99.18925060658314,742.0
12852.0,El Mirador 2Da Secc,Tlalpan,False,El Mirador 2Da Secc — Tlalpan,19.270890000023655,-99.18233925526113,1162.0
12853.0,El Mirador 3Ra Secc,Tlalpan,False,El Mirador 3Ra Secc — Tlalpan,19.265279999872263,-99.18807032221228,1554.0
12851.0,El Mirador I,Tlalpan,False,El Mirador I — Tlalpan,19.26944499993698,-99.17993183317378,2301.0
12905.0,El Zacaton,Tlalpan,False,El Zacaton — Tlalpan,19.261530000059622,-99.24183390919653,
12729.0,Emilio Portes Gil,Tlalpan,False,Emilio Portes Gil — Tlalpan,19.3010600000691,-99.21977374996845,2357.0
12785.0,Equipamiento Colegio Mexico,Tlalpan,False,Equipamiento Colegio Mexico — Tlalpan,19.299769999935705,-99.14021973669719,108.0
12704.0,Equipamiento Fabrica Fisisa,Tlalpan,False,Equipamiento Fabrica Fisisa — Tlalpan,19.30008499962321,-99.1783260976443,1643.0
12820.0,Equipamiento Plaza Coapa,Tlalpan,False,Equipamiento Plaza Coapa — Tlalpan,19.295185000287688,-99.12959748170493,618.0
12762.0,Equipamiento Preparatoria Num. 5,Tlalpan,False,Equipamiento Preparatoria Num. 5 — Tlalpan,19.30613000004962,-99.13514958328855,91.0
12805.0,Ex Ejido De Huipulco,Tlalpan,False,Ex Ejido De Huipulco — Tlalpan,19.286299999745353,-99.14191052146464,
12807.0,Ex Hacienda San Juan De Dios,Tlalpan,False,Ex Hacienda San Juan De Dios — Tlalpan,19.2884150001523,-99.1319750704485,5809.0
12694.0,Faroles Del Pedregal,Tlalpan,False,Faroles Del Pedregal — Tlalpan,19.30180499980105,-99.19679111857928,
12763.0,Floresta Coyoacan,Tlalpan,False,Floresta Coyoacan — Tlalpan,19.30485000037737,-99.12962581821631,1601.0
12760.0,Fracc Belisario Dominguez,Tlalpan,False,Fracc Belisario Dominguez — Tlalpan,19.305759999624428,-99.13314200023999,596.0
12877.0,Fracc Club De Golf Mexico,Tlalpan,False,Fracc Club De Golf Mexico — Tlalpan,19.27971499959773,-99.15756272582472,849.0
12695.0,Fracc Insurgentes Cuicuilco,Tlalpan,False,Fracc Insurgentes Cuicuilco — Tlalpan,19.299749999912734,-99.19747526334294,314.0
12787.0,Fracc Prado Coapa 1Ra Secc,Tlalpan,False,Fracc Prado Coapa 1Ra Secc — Tlalpan,19.301879999662418,-99.12923299995484,1178.0
12755.0,Fracc Res Acoxpa,Tlalpan,False,Fracc Res Acoxpa — Tlalpan,19.298165000114835,-99.12624142527557,756.0
12797.0,Fracc Res Chimali,Tlalpan,False,Fracc Res Chimali — Tlalpan,19.2931399999612,-99.14360586199003,658.0
12773.0,Fracc Res Hacienda Coapa,Tlalpan,False,Fracc Res Hacienda Coapa — Tlalpan,19.30039499997943,-99.11654448681342,299.0
12801.0,Fracc Rincon De San Juan,Tlalpan,False,Fracc Rincon De San Juan — Tlalpan,19.289075000011422,-99.14039737498683,350.0
12879.0,Fracc San Buenaventura,Tlalpan,False,Fracc San Buenaventura — Tlalpan,19.283689999893767,-99.1602010398575,675.0
12885.0,Fuentes De Tepepan,Tlalpan,False,Fuentes De Tepepan — Tlalpan,19.267094999934443,-99.15114620957036,1373.0
12724.0,Fuentes Del Pedregal,Tlalpan,False,Fuentes Del Pedregal — Tlalpan,19.306200000130076,-99.22650993011924,2651.0
12765.0,Gabriel Ramos Millan,Tlalpan,False,Gabriel Ramos Millan — Tlalpan,19.30050499965617,-99.11901117056046,1583.0
12802.0,Glorieta De Vaqueritos,Tlalpan,False,Glorieta De Vaqueritos — Tlalpan,19.285585000047888,-99.12643701942451,
12774.0,Granjas Coapa,Tlalpan,False,Granjas Coapa — Tlalpan,19.29536500004488,-99.10912502310234,4775.0
12808.0,Guadalupe,Tlalpan,False,Guadalupe — Tlalpan,19.28493999998119,-99.14467260651138,1651.0
12810.0,Guadalupe Tlalpan,Tlalpan,False,Guadalupe Tlalpan — Tlalpan,19.289044999976937,-99.14540854855402,383.0
12800.0,Hacienda De San Juan,Tlalpan,False,Hacienda De San Juan — Tlalpan,19.29001999997317,-99.14346668531695,1465.0
12798.0,Hda De San Juan De Tlalpan 2Da Secc,Tlalpan,False,Hda De San Juan De Tlalpan 2Da Secc — Tlalpan,19.29182000024298,-99.14339228841334,600.0
12730.0,Heroes De Padierna,Tlalpan,False,Heroes De Padierna — Tlalpan,19.282780000196993,-99.22257766667582,13995.0
12781.0,Ignacio Chavez,Tlalpan,False,Ignacio Chavez — Tlalpan,19.295234999895484,-99.10428513149327,715.0
12782.0,Infonavit Doctor Ignacio Chavez,Tlalpan,False,Infonavit Doctor Ignacio Chavez — Tlalpan,19.297110000026663,-99.10199803028884,1699.0
12697.0,Isidro Fabela,Tlalpan,False,Isidro Fabela — Tlalpan,19.30079499998942,-99.17229980186404,11274.0
12698.0,Isidro Fabela Secc Cantil,Tlalpan,False,Isidro Fabela Secc Cantil — Tlalpan,19.297514999817537,-99.1716121002031,3285.0
12870.0,Ixtlahuaca,Tlalpan,False,Ixtlahuaca — Tlalpan,19.190245000206744,-99.14749191192638,171.0
12896.0,Jardines De San Juan,Tlalpan,False,Jardines De San Juan — Tlalpan,19.212304999925948,-99.18024676479175,2930.0
12727.0,Jardines Del Ajusco,Tlalpan,False,Jardines Del Ajusco — Tlalpan,19.287029999684876,-99.21490413137096,3644.0
12732.0,Jardines En La MontaãA,Tlalpan,False,Jardines En La MontaãA — Tlalpan,19.301110000126556,-99.2087149999821,4929.0
12788.0,Jardines Villa Coapa,Tlalpan,False,Jardines Villa Coapa — Tlalpan,19.302584999798057,-99.13335050080298,1996.0
12736.0,Jose Lopez Portillo,Tlalpan,False,Jose Lopez Portillo — Tlalpan,19.275149999972683,-99.22301265449778,2532.0
12897.0,La Estacion,Tlalpan,False,La Estacion — Tlalpan,19.21372500020877,-99.18753022616785,28.0
12871.0,La Guadalupana,Tlalpan,False,La Guadalupana — Tlalpan,19.19562999987474,-99.14909322215577,1664.0
12711.0,La Joya,Tlalpan,False,La Joya — Tlalpan,19.28103999999618,-99.1653408336463,1394.0
12829.0,La Mesa,Tlalpan,False,La Mesa — Tlalpan,19.275689999693896,-99.18371353270052,8081.0
12886.0,La Nopalera,Tlalpan,False,La Nopalera — Tlalpan,19.270940000081083,-99.15394530494582,1811.0
12855.0,La Palma,Tlalpan,False,La Palma — Tlalpan,19.245355000133316,-99.15917830311919,8973.0
12750.0,La Primavera,Tlalpan,False,La Primavera — Tlalpan,19.273145500164873,-99.2004517342373,2893.0
12872.0,La Quinta,Tlalpan,False,La Quinta — Tlalpan,19.208135000080347,-99.18030500002558,
12894.0,La Venta,Tlalpan,False,La Venta — Tlalpan,19.21666999977083,-99.18574473875167,347.0
12858.0,Las Flores,Tlalpan,False,Las Flores — Tlalpan,19.20448999971387,-99.16020844966545,1996.0
12821.0,Las Hadas,Tlalpan,False,Las Hadas — Tlalpan,19.296764999855014,-99.1209576786496,981.0
12875.0,Las Tortolas,Tlalpan,False,Las Tortolas — Tlalpan,19.27705999991923,-99.15284108694968,1242.0
12859.0,Libertad,Tlalpan,False,Libertad — Tlalpan,19.191630000224478,-99.14728815789267,543.0
12837.0,Loma Bonita,Tlalpan,False,Loma Bonita — Tlalpan,19.27090000003514,-99.1920164283434,169.0
12910.0,Lomas Altas De Padierna Sur,Tlalpan,False,Lomas Altas De Padierna Sur — Tlalpan,19.27317499972662,-99.22599438037366,5163.0
12739.0,Lomas De Belvedere,Tlalpan,False,Lomas De Belvedere — Tlalpan,19.27106999978085,-99.20938647375746,6972.0
12904.0,Lomas De Cuilotepec,Tlalpan,False,Lomas De Cuilotepec — Tlalpan,19.271804999950945,-99.23296653782953,2755.0
12728.0,Lomas De Padierna,Tlalpan,False,Lomas De Padierna — Tlalpan,19.294094999934458,-99.22296051877055,20338.0
12734.0,Lomas Del Pedregal,Tlalpan,False,Lomas Del Pedregal — Tlalpan,19.273579999967183,-99.21843940063192,767.0
12740.0,Lomas Hidalgo,Tlalpan,False,Lomas Hidalgo — Tlalpan,19.27361499978258,-99.21567082064593,2578.0
12860.0,Los Angeles,Tlalpan,False,Los Angeles — Tlalpan,19.211034999815553,-99.15604883221476,
12861.0,Los Arcos,Tlalpan,False,Los Arcos — Tlalpan,19.194574999786568,-99.15348673066553,424.0
12737.0,Los Encinos,Tlalpan,False,Los Encinos — Tlalpan,19.277379999837308,-99.22731004547798,2082.0
12725.0,Los Framboyanes,Tlalpan,False,Los Framboyanes — Tlalpan,19.302805000050853,-99.22732056827132,862.0
12850.0,Los Volcanes,Tlalpan,False,Los Volcanes — Tlalpan,19.26944499993698,-99.17418199995468,4819.0
12769.0,Loteria Nacional,Tlalpan,False,Loteria Nacional — Tlalpan,19.295869999950696,-99.11687333313466,507.0
12856.0,Magdalena Petlacalco,Tlalpan,False,Magdalena Petlacalco — Tlalpan,19.22788499984304,-99.18084326088893,8675.0
12793.0,Magisterial,Tlalpan,False,Magisterial — Tlalpan,19.294434999875506,-99.11079908321713,1032.0
12822.0,Magisterial Villa Royale,Tlalpan,False,Magisterial Villa Royale — Tlalpan,19.29623999992623,-99.12357059513255,1509.0
12892.0,Maria Esther Zuno De Echeverria,Tlalpan,False,Maria Esther Zuno De Echeverria — Tlalpan,19.253975000146312,-99.18278731151598,2344.0
12685.0,Miguel Hidalgo,Tlalpan,False,Miguel Hidalgo — Tlalpan,19.288260000199017,-99.18248587825921,9602.0
12741.0,Miguel Hidalgo 1A. Seccion,Tlalpan,False,Miguel Hidalgo 1A. Seccion — Tlalpan,19.283800000020165,-99.19335670015496,4590.0
12742.0,Miguel Hidalgo 2A Seccion,Tlalpan,False,Miguel Hidalgo 2A Seccion — Tlalpan,19.282440000255946,-99.19806772925176,6445.0
12890.0,Mirador Del Valle,Tlalpan,False,Mirador Del Valle — Tlalpan,19.259570000055618,-99.1807249998337,2314.0
12811.0,Narciso Mendoza Super Manzana 2 Villa Coapa,Tlalpan,False,Narciso Mendoza Super Manzana 2 Villa Coapa — Tlalpan,19.28901000016154,-99.1275696797147,3502.0
12812.0,Narciso Mendoza Super Manzana 3 Villa Coapa,Tlalpan,False,Narciso Mendoza Super Manzana 3 Villa Coapa — Tlalpan,19.287589999878747,-99.12415394279557,3665.0
12813.0,Narciso Mendoza Super Manzana 4 Villa Coapa,Tlalpan,False,Narciso Mendoza Super Manzana 4 Villa Coapa — Tlalpan,19.290900000085088,-99.1233363373124,3047.0
12814.0,Narcizo Mendoza Super Manzana 6 Villa Coapa,Tlalpan,False,Narcizo Mendoza Super Manzana 6 Villa Coapa — Tlalpan,19.292389999998676,-99.12112838687193,3077.0
12756.0,Nueva Oriental Coapa,Tlalpan,False,Nueva Oriental Coapa — Tlalpan,19.29895499967364,-99.1291890859473,2272.0
12825.0,Nuevo Renacimiento De Axalco,Tlalpan,False,Nuevo Renacimiento De Axalco — Tlalpan,19.256964999984945,-99.16327584629431,2550.0
12862.0,Ocotla,Tlalpan,False,Ocotla — Tlalpan,19.21196499998493,-99.16356747439741,1399.0
12869.0,Ocotla El Chico,Tlalpan,False,Ocotla El Chico — Tlalpan,19.20856000034391,-99.16906579513423,
12752.0,Paraje 38,Tlalpan,False,Paraje 38 — Tlalpan,19.26536499974509,-99.209780708707,2740.0
12891.0,Paraje Tetenco,Tlalpan,False,Paraje Tetenco — Tlalpan,19.263025000203754,-99.17747560355909,1997.0
12692.0,Parque Nacional Bosque Del Pedregal,Tlalpan,False,Parque Nacional Bosque Del Pedregal — Tlalpan,19.290684999613205,-99.20750734773358,673.0
12828.0,Parque Nacional Fuentes Brotantes,Tlalpan,False,Parque Nacional Fuentes Brotantes — Tlalpan,19.281184999937977,-99.18365928779518,9473.0
12693.0,Parques Del Pedregal,Tlalpan,False,Parques Del Pedregal — Tlalpan,19.299464999810056,-99.19079973682989,1122.0
12915.0,Parres El Guarda,Tlalpan,False,Parres El Guarda — Tlalpan,19.129155000153304,-99.17700066758832,300.0
12863.0,Pedregal De Aminco,Tlalpan,False,Pedregal De Aminco — Tlalpan,19.20152500012881,-99.13255601373145,1995.0
12849.0,Pedregal De Las Aguilas,Tlalpan,False,Pedregal De Las Aguilas — Tlalpan,19.27260499997095,-99.17952622395667,3794.0
12717.0,Pedregal De San Nicolas 1A Seccion,Tlalpan,False,Pedregal De San Nicolas 1A Seccion — Tlalpan,19.29448000015205,-99.23415927669906,10843.0
12718.0,Pedregal De San Nicolas 2Da Secc,Tlalpan,False,Pedregal De San Nicolas 2Da Secc — Tlalpan,19.28891499982754,-99.23604577870829,7713.0
12713.0,Pedregal De San Nicolas 3Ra Secc,Tlalpan,False,Pedregal De San Nicolas 3Ra Secc — Tlalpan,19.284049999857757,-99.23621847801232,9559.0
12714.0,Pedregal De San Nicolas 4Ta Secc,Tlalpan,False,Pedregal De San Nicolas 4Ta Secc — Tlalpan,19.278765000304702,-99.23544783608159,13399.0
12715.0,Pedregal De San Nicolas 5Ta Secc,Tlalpan,False,Pedregal De San Nicolas 5Ta Secc — Tlalpan,19.275689999693896,-99.24060270847335,2959.0
12720.0,Pedregal Del Lago,Tlalpan,False,Pedregal Del Lago — Tlalpan,19.308954999923486,-99.22588718833822,1565.0
12830.0,Pedregal Santa Ursula Xitla,Tlalpan,False,Pedregal Santa Ursula Xitla — Tlalpan,19.27520000003014,-99.17604099981295,1720.0
12838.0,PequeãA Tepeximilpa,Tlalpan,False,PequeãA Tepeximilpa — Tlalpan,19.274229999814793,-99.18926403743345,981.0
12776.0,Periferico Unidad Habitacional,Tlalpan,False,Periferico Unidad Habitacional — Tlalpan,19.2940659999461,-99.10612713172316,191.0
12705.0,PeãA Pobre,Tlalpan,False,PeãA Pobre — Tlalpan,19.29765499997842,-99.18255691845187,578.0
13083.0,Plan De Ayala,Tlalpan,False,Plan De Ayala — Tlalpan,19.240575000036387,-99.15243166688776,5828.0
12726.0,Popular Santa Teresa,Tlalpan,False,Popular Santa Teresa — Tlalpan,19.30071500034714,-99.22426128577872,7230.0
12792.0,Potrero Acoxpa,Tlalpan,False,Potrero Acoxpa — Tlalpan,19.29092500033866,-99.1334225048012,260.0
12789.0,Prado Coapa 2Da Secc,Tlalpan,False,Prado Coapa 2Da Secc — Tlalpan,19.297839999966186,-99.13293442902116,1364.0
12790.0,Prado Coapa 3Ra Secc,Tlalpan,False,Prado Coapa 3Ra Secc — Tlalpan,19.292940000181005,-99.13317866777544,1624.0
12900.0,Prados Ajusco,Tlalpan,False,Prados Ajusco — Tlalpan,19.21508499997293,-99.1978010887392,306.0
12700.0,Pueblo Quieto,Tlalpan,False,Pueblo Quieto — Tlalpan,19.2979250002887,-99.16062517292215,1825.0
12806.0,Rancho Los Colorines,Tlalpan,False,Rancho Los Colorines — Tlalpan,19.287854999958455,-99.13788721202035,537.0
12758.0,Real Del Sur,Tlalpan,False,Real Del Sur — Tlalpan,19.29851999984828,-99.12462881368072,511.0
12754.0,Res Miramontes,Tlalpan,False,Res Miramontes — Tlalpan,19.302185000237756,-99.12452311332405,
12722.0,Residencial Del Pedregal,Tlalpan,False,Residencial Del Pedregal — Tlalpan,19.309295000314165,-99.21964371155248,390.0
12815.0,Residencial Villa Coapa Super Manzana 1,Tlalpan,False,Residencial Villa Coapa Super Manzana 1 — Tlalpan,19.291065000049883,-99.1182378950139,938.0
12816.0,Residencial Villa Coapa Super Manzana 4,Tlalpan,False,Residencial Villa Coapa Super Manzana 4 — Tlalpan,19.287644999717116,-99.12031295681838,1178.0
12817.0,Residencial Villa Coapa Super Manzana 8,Tlalpan,False,Residencial Villa Coapa Super Manzana 8 — Tlalpan,19.2947099999667,-99.1208405001127,1192.0
12911.0,Rincon Del Mirador I,Tlalpan,False,Rincon Del Mirador I — Tlalpan,19.271789999708886,-99.22007756793312,1078.0
12912.0,Rincon Del Mirador Ii,Tlalpan,False,Rincon Del Mirador Ii — Tlalpan,19.269595000109348,-99.22384039434613,3055.0
12721.0,Rincon Del Pedregal,Tlalpan,False,Rincon Del Pedregal — Tlalpan,19.308715000097322,-99.22056573359119,226.0
12772.0,Rinconada Coapa 1Ra Secc,Tlalpan,False,Rinconada Coapa 1Ra Secc — Tlalpan,19.291490000313416,-99.11122090880977,797.0
12766.0,Rinconada Coapa 2Da Secc,Tlalpan,False,Rinconada Coapa 2Da Secc — Tlalpan,19.298085000022894,-99.11557053727076,745.0
12690.0,Rinconada Santa Teresa,Tlalpan,False,Rinconada Santa Teresa — Tlalpan,19.2995100000866,-99.19529392594009,842.0
12708.0,Romulo Sanchez Mireles,Tlalpan,False,Romulo Sanchez Mireles — Tlalpan,19.29798299981576,-99.1759545466077,458.0
12823.0,San Andres Totoltepec,Tlalpan,False,San Andres Totoltepec — Tlalpan,19.248650000097598,-99.17322477614533,19207.0
12803.0,San Bartolo El Chico,Tlalpan,False,San Bartolo El Chico — Tlalpan,19.28426999966092,-99.13259355269176,1833.0
12839.0,San Juan Tepeximilpa,Tlalpan,False,San Juan Tepeximilpa — Tlalpan,19.271310000056616,-99.19086948994371,975.0
12795.0,San Lorenzo Huipulco,Tlalpan,False,San Lorenzo Huipulco — Tlalpan,19.295409999871765,-99.14929670649497,7146.0
12893.0,San Miguel Ajusco,Tlalpan,False,San Miguel Ajusco — Tlalpan,19.23799499976957,-99.22078173106517,16259.0
12864.0,San Miguel Tehuisco,Tlalpan,False,San Miguel Tehuisco — Tlalpan,19.20921499997243,-99.15916697602563,1172.0
12865.0,San Miguel Topilejo,Tlalpan,False,San Miguel Topilejo — Tlalpan,19.17139500012931,-99.15469549278794,21739.0
12866.0,San Miguel Toxiac,Tlalpan,False,San Miguel Toxiac — Tlalpan,19.207315000037397,-99.1546689361883,539.0
12857.0,San Miguel Xicalco,Tlalpan,False,San Miguel Xicalco — Tlalpan,19.232894999754592,-99.16280359997364,4557.0
12906.0,San Nicolas Ii,Tlalpan,False,San Nicolas Ii — Tlalpan,19.267849999677907,-99.2328392161454,675.0
12706.0,San Pedro Apostol,Tlalpan,False,San Pedro Apostol — Tlalpan,19.295234999895484,-99.17137986152227,1229.0
12887.0,San Pedro Martir,Tlalpan,False,San Pedro Martir — Tlalpan,19.270200000130075,-99.16509511734768,14405.0
12867.0,Santa Cruz,Tlalpan,False,Santa Cruz — Tlalpan,19.196564999825057,-99.13678763790438,2188.0
12831.0,Santa Ursula Xitla,Tlalpan,False,Santa Ursula Xitla — Tlalpan,19.281775000166277,-99.1784151921434,4410.0
12844.0,Santisima Trinidad,Tlalpan,False,Santisima Trinidad — Tlalpan,19.27273499967066,-99.18599345609658,2067.0
12901.0,Santo Tomas Ajusco,Tlalpan,False,Santo Tomas Ajusco — Tlalpan,19.21829500006436,-99.20980177416078,11964.0
12775.0,Sauzales Cebadales - Unidad Habitacional -,Tlalpan,False,Sauzales Cebadales - Unidad Habitacional - — Tlalpan,19.297204999911003,-99.11092112588565,1806.0
12716.0,Sector 17,Tlalpan,False,Sector 17 — Tlalpan,19.275939999981176,-99.23891394246206,2013.0
12751.0,Solidaridad,Tlalpan,False,Solidaridad — Tlalpan,19.263655000028393,-99.2290510853161,1095.0
12826.0,Tecorral,Tlalpan,False,Tecorral — Tlalpan,19.261560000094107,-99.16918908203229,5179.0
12898.0,Tecuentitla,Tlalpan,False,Tecuentitla — Tlalpan,19.199125000068847,-99.2500911768596,305.0
12845.0,Temastititla,Tlalpan,False,Temastititla — Tlalpan,19.272110000076594,-99.18293868512502,1469.0
12771.0,Tenorios Fovissste,Tlalpan,False,Tenorios Fovissste — Tlalpan,19.295005000080863,-99.1164751785042,917.0
12767.0,Tenorios Infonavit 1,Tlalpan,False,Tenorios Infonavit 1 — Tlalpan,19.29733599965681,-99.117986596484,781.0
12768.0,Tenorios Infonavit 2,Tlalpan,False,Tenorios Infonavit 2 — Tlalpan,19.296494999994422,-99.11750435385068,1302.0
13079.0,Tepetitla,Tlalpan,False,Tepetitla — Tlalpan,19.22187500013129,-99.1424490216861,4628.0
12832.0,Tepetongo,Tlalpan,False,Tepetongo — Tlalpan,19.27156500012481,-99.18806539769433,2008.0
12840.0,Tepeximilpa Servimet,Tlalpan,False,Tepeximilpa Servimet — Tlalpan,19.272290000283448,-99.19269559263051,1502.0
12899.0,Tequimila,Tlalpan,False,Tequimila — Tlalpan,19.21377000003565,-99.19853953710653,541.0
12835.0,Texcaltenco,Tlalpan,False,Texcaltenco — Tlalpan,19.275135000180285,-99.18686088710729,120.0
12848.0,Tlalcoligia,Tlalpan,False,Tlalcoligia — Tlalpan,19.27566000010907,-99.17227909512826,9421.0
12889.0,Tlalmille,Tlalpan,False,Tlalmille — Tlalpan,19.258345000221738,-99.18713848988247,3311.0
12686.0,Tlalpan Centro I,Tlalpan,False,Tlalpan Centro I — Tlalpan,19.29019499994945,-99.16835627372706,3854.0
12687.0,Tlalpan Centro Ii,Tlalpan,False,Tlalpan Centro Ii — Tlalpan,19.28365500007837,-99.16994975414354,5755.0
12854.0,Tlalpuente,Tlalpan,False,Tlalpuente — Tlalpan,19.249585000047887,-99.18606547494625,363.0
12836.0,Tlaxacaltengo (La Mesa),Tlalpan,False,Tlaxacaltengo (La Mesa) — Tlalpan,19.274124999918968,-99.18745562529304,254.0
12702.0,Toriello Guerra,Tlalpan,False,Toriello Guerra — Tlalpan,19.29449999972536,-99.16329586943137,4116.0
12731.0,Torres De Padierna,Tlalpan,False,Torres De Padierna — Tlalpan,19.28141999998317,-99.22828907235882,2271.0
12712.0,Torres Tlalpan Fovissste,Tlalpan,False,Torres Tlalpan Fovissste — Tlalpan,19.280255000218233,-99.16458176859078,1070.0
12882.0,Unid Hab Fovissste San Pedro Martir,Tlalpan,False,Unid Hab Fovissste San Pedro Martir — Tlalpan,19.274220000252967,-99.16012809563139,1600.0
12818.0,Unid Hab Narciso Mendoza 5 Villa Coapa,Tlalpan,False,Unid Hab Narciso Mendoza 5 Villa Coapa — Tlalpan,19.29216499996494,-99.12835922238494,3775.0
12780.0,Unidad Hab Hueso Periferico,Tlalpan,False,Unidad Hab Hueso Periferico — Tlalpan,19.29685499995844,-99.10336798060393,1580.0
12878.0,Unidad Hab Issfam,Tlalpan,False,Unidad Hab Issfam — Tlalpan,19.278545000051878,-99.1622774111899,3015.0
12723.0,Unidad Hab Pemex,Tlalpan,False,Unidad Hab Pemex — Tlalpan,19.307060000218996,-99.21825021743834,1334.0
12846.0,Unidad Hab Res Insurgentes Sur,Tlalpan,False,Unidad Hab Res Insurgentes Sur — Tlalpan,19.27906500019975,-99.17355131749181,2329.0
12884.0,Valle De Tepepan,Tlalpan,False,Valle De Tepepan — Tlalpan,19.27066499998992,-99.14744909743689,6954.0
12873.0,Valle Escondido,Tlalpan,False,Valle Escondido — Tlalpan,19.276185000037884,-99.14685708317242,4415.0
12888.0,Valle Verde,Tlalpan,False,Valle Verde — Tlalpan,19.25574499993195,-99.14939326439722,5557.0
13081.0,Valle Verde,Tlalpan,False,Valle Verde — Tlalpan,19.24457999991722,-99.13998666616357,1015.0
12753.0,Verano,Tlalpan,False,Verano — Tlalpan,19.261125999865158,-99.19843487288242,3792.0
12764.0,Vergel Coapa,Tlalpan,False,Vergel Coapa — Tlalpan,19.30259000002866,-99.12594046639722,765.0
12786.0,Vergel De Coyoacan,Tlalpan,False,Vergel De Coyoacan — Tlalpan,19.30195999975433,-99.13744964272033,1424.0
12783.0,Vergel Del Sur,Tlalpan,False,Vergel Del Sur — Tlalpan,19.299160000134066,-99.13644955660234,
12784.0,Vergel Del Sur - Fraccionamiento -,Tlalpan,False,Vergel Del Sur - Fraccionamiento - — Tlalpan,19.301114999907497,-99.13901405555762,380.0
12761.0,Vergel Tlalpan,Tlalpan,False,Vergel Tlalpan — Tlalpan,19.303024999854046,-99.13521250025653,401.0
12691.0,Villa Charra Del Pedregal,Tlalpan,False,Villa Charra Del Pedregal — Tlalpan,19.297554999863536,-99.19482517871924,
12819.0,Villa Coapa,Tlalpan,False,Villa Coapa — Tlalpan,19.294299999945224,-99.12569647070009,69.0
12794.0,Villa Cuemanco,Tlalpan,False,Villa Cuemanco — Tlalpan,19.29401999962343,-99.11191117238596,308.0
12770.0,Villa De Benalmadena,Tlalpan,False,Villa De Benalmadena — Tlalpan,19.29583999991624,-99.11505674765179,62.0
12777.0,Villa Del Puente,Tlalpan,False,Villa Del Puente — Tlalpan,19.297190000118576,-99.1061049787483,1620.0
12757.0,Villa Del Sur,Tlalpan,False,Villa Del Sur — Tlalpan,19.300855000058363,-99.12251141814363,480.0
12796.0,Villa Lazaro Cardenas,Tlalpan,False,Villa Lazaro Cardenas — Tlalpan,19.29771500004739,-99.14049423662513,2938.0
12696.0,Villa Olimpica Miguel Hidalgo,Tlalpan,False,Villa Olimpica Miguel Hidalgo — Tlalpan,19.297745000081846,-99.18659006731116,1911.0
12881.0,Villa Tlalpan,Tlalpan,False,Villa Tlalpan — Tlalpan,19.27778500007784,-99.16432142828228,99.0
12907.0,Vistas Del Pedregal,Tlalpan,False,Vistas Del Pedregal — Tlalpan,19.271859999789314,-99.23534981358459,2583.0
12703.0,Zona Arqueologica De Cuicuilco,Tlalpan,False,Zona Arqueologica De Cuicuilco — Tlalpan,19.301989999788816,-99.18264155473122,
12868.0,Zona Rustica,Tlalpan,False,Zona Rustica — Tlalpan,19.13293500000043,-99.1815544147704,736.0
12934.0,10 De Mayo,Venustiano Carranza,False,10 De Mayo — Venustiano Carranza,19.433620000412844,-99.11712145450029,1963.0
12954.0,1Ro De Mayo,Venustiano Carranza,False,1Ro De Mayo — Venustiano Carranza,19.445194999999416,-99.10135368492442,1873.0
12936.0,20 De Noviembre,Venustiano Carranza,False,20 De Noviembre — Venustiano Carranza,19.444640000036145,-99.10893411115643,11986.0
12938.0,20 De Noviembre 5To Tramo,Venustiano Carranza,False,20 De Noviembre 5To Tramo — Venustiano Carranza,19.448755000043377,-99.1042564360618,2406.0
13001.0,24 De Abril,Venustiano Carranza,False,24 De Abril — Venustiano Carranza,19.41553999987127,-99.11654610019566,422.0
12937.0,2Do Tramo 20 De Noviembre,Venustiano Carranza,False,2Do Tramo 20 De Noviembre — Venustiano Carranza,19.450490000013644,-99.1135021191852,3951.0
12948.0,7 De Julio,Venustiano Carranza,False,7 De Julio — Venustiano Carranza,19.429910000196514,-99.11316729069742,
12991.0,Aaron Saenz,Venustiano Carranza,False,Aaron Saenz — Venustiano Carranza,19.412964999835026,-99.12296175630465,393.0
12976.0,Adolfo Lopez Mateos,Venustiano Carranza,False,Adolfo Lopez Mateos — Venustiano Carranza,19.421415000102314,-99.07155156263008,8858.0
13000.0,Aeronautica Militar,Venustiano Carranza,False,Aeronautica Militar — Venustiano Carranza,19.424420000183005,-99.11737081662207,4036.0
12970.0,Aeropuerto Inter B Juarez,Venustiano Carranza,False,Aeropuerto Inter B Juarez — Venustiano Carranza,19.43341999973336,-99.07505044253784,808.0
13002.0,Alvaro Obregon,Venustiano Carranza,False,Alvaro Obregon — Venustiano Carranza,19.412735000020405,-99.1187490018927,3469.0
12930.0,Ampl 20 De Noviembre,Venustiano Carranza,False,Ampl 20 De Noviembre — Venustiano Carranza,19.442454999998404,-99.11460516652025,914.0
12949.0,Ampl 7 De Julio,Venustiano Carranza,False,Ampl 7 De Julio — Venustiano Carranza,19.430889999973687,-99.11009397562827,1899.0
12977.0,Ampl Adolfo Lopez Mateos,Venustiano Carranza,False,Ampl Adolfo Lopez Mateos — Venustiano Carranza,19.41616499991497,-99.07380200404972,5.0
12984.0,Ampl Aviacion Civil,Venustiano Carranza,False,Ampl Aviacion Civil — Venustiano Carranza,19.4124200003329,-99.07584530281099,1838.0
12974.0,Ampl Caracol,Venustiano Carranza,False,Ampl Caracol — Venustiano Carranza,19.428854999658654,-99.06843554508917,4658.0
12929.0,Ampl Michoacana,Venustiano Carranza,False,Ampl Michoacana — Venustiano Carranza,19.448220000103078,-99.11344870693301,2971.0
12944.0,Ampl Penitenciaria,Venustiano Carranza,False,Ampl Penitenciaria — Venustiano Carranza,19.436104999896003,-99.11277788925914,970.0
12952.0,Ampl Simon Bolivar,Venustiano Carranza,False,Ampl Simon Bolivar — Venustiano Carranza,19.448879999962173,-99.1003842563147,998.0
12942.0,Ampl Venustiano Carranza,Venustiano Carranza,False,Ampl Venustiano Carranza — Venustiano Carranza,19.44403500001539,-99.1048380682075,2369.0
12953.0,Aquiles Serdan,Venustiano Carranza,False,Aquiles Serdan — Venustiano Carranza,19.44788000016203,-99.09182679996994,8239.0
12988.0,Artes Graficas,Venustiano Carranza,False,Artes Graficas — Venustiano Carranza,19.41153499999041,-99.12589275403477,5086.0
12983.0,Aviacion Civil,Venustiano Carranza,False,Aviacion Civil — Venustiano Carranza,19.4140050001308,-99.0779020198459,6261.0
12940.0,Azteca,Venustiano Carranza,False,Azteca — Venustiano Carranza,19.438655000128307,-99.1079247058634,1633.0
12980.0,Bahia,Venustiano Carranza,False,Bahia — Venustiano Carranza,19.416120000088114,-99.08343263156226,2405.0
12968.0,Calle 2 98,Venustiano Carranza,False,Calle 2 98 — Venustiano Carranza,19.42258999987874,-99.06605614012885,
12969.0,Calle 5 472,Venustiano Carranza,False,Calle 5 472 — Venustiano Carranza,19.422179999857264,-99.06009824275333,
12965.0,Calle 6 471,Venustiano Carranza,False,Calle 6 471 — Venustiano Carranza,19.421759499801226,-99.0572518893002,467.0
12971.0,Caracol,Venustiano Carranza,False,Caracol — Venustiano Carranza,19.425894999854535,-99.0698369116299,5410.0
12920.0,Centro,Venustiano Carranza,False,Centro — Venustiano Carranza,19.432625000393614,-99.12284783153768,16072.0
12981.0,Cuatro Arboles,Venustiano Carranza,False,Cuatro Arboles — Venustiano Carranza,19.416070000030658,-99.08101838220576,2307.0
12966.0,Cuchilla Pantitlan,Venustiano Carranza,False,Cuchilla Pantitlan — Venustiano Carranza,19.42220999989175,-99.06460752409234,7387.0
12955.0,Damian Carmona,Venustiano Carranza,False,Damian Carmona — Venustiano Carranza,19.44214500009184,-99.10256418597609,4283.0
12999.0,Del Parque,Venustiano Carranza,False,Del Parque — Venustiano Carranza,19.419349999752853,-99.11899602567017,2740.0
12963.0,El Arenal 1Ra Secc,Venustiano Carranza,False,El Arenal 1Ra Secc — Venustiano Carranza,19.425474999821546,-99.06399005943743,5588.0
12978.0,El Arenal 2Da Secc,Venustiano Carranza,False,El Arenal 2Da Secc — Venustiano Carranza,19.424935000100334,-99.05613374241696,3292.0
12975.0,El Arenal 3Ra Secc,Venustiano Carranza,False,El Arenal 3Ra Secc — Venustiano Carranza,19.428744999981944,-99.05640219942244,9542.0
12972.0,El Arenal 4Ta Secc,Venustiano Carranza,False,El Arenal 4Ta Secc — Venustiano Carranza,19.4325450003017,-99.0596065319729,2520.0
12973.0,El Arenal Pto Aereo,Venustiano Carranza,False,El Arenal Pto Aereo — Venustiano Carranza,19.428479999902237,-99.06055422464738,4431.0
12927.0,Emilio Carranza,Venustiano Carranza,False,Emilio Carranza — Venustiano Carranza,19.448789999858775,-99.12021178645881,4722.0
12947.0,Escuela De Tiro,Venustiano Carranza,False,Escuela De Tiro — Venustiano Carranza,19.433014999942458,-99.11263213686999,213.0
12979.0,Federal,Venustiano Carranza,False,Federal — Venustiano Carranza,19.42074000000116,-99.08752683661285,9946.0
12939.0,Felipe Angeles,Venustiano Carranza,False,Felipe Angeles — Venustiano Carranza,19.4531799999572,-99.11223699993883,2870.0
12967.0,Ficapro C Uno 670,Venustiano Carranza,False,Ficapro C Uno 670 — Venustiano Carranza,19.4213724999411,-99.06819079329873,308.0
12964.0,Fiviport,Venustiano Carranza,False,Fiviport — Venustiano Carranza,19.42674499993197,-99.06116529057117,5586.0
12916.0,Ignacio Zaragoza,Venustiano Carranza,False,Ignacio Zaragoza — Venustiano Carranza,19.41484999997769,-99.09658840905229,16581.0
12917.0,Industrial Puerto Aereo,Venustiano Carranza,False,Industrial Puerto Aereo — Venustiano Carranza,19.421184999838033,-99.09367263242461,
12985.0,Jamaica,Venustiano Carranza,False,Jamaica — Venustiano Carranza,19.406420000183005,-99.12381545707075,1264.0
12923.0,Janitzio,Venustiano Carranza,False,Janitzio — Venustiano Carranza,19.447064999899993,-99.11758937504322,2509.0
12994.0,Jardin Balbuena,Venustiano Carranza,False,Jardin Balbuena — Venustiano Carranza,19.416750000362384,-99.10492020171878,36330.0
12998.0,Kennedy,Venustiano Carranza,False,Kennedy — Venustiano Carranza,19.420639999886248,-99.11131000013094,6048.0
12987.0,Lorenzo Boturini,Venustiano Carranza,False,Lorenzo Boturini — Venustiano Carranza,19.416065000249716,-99.1246346301478,4663.0
12945.0,Madero,Venustiano Carranza,False,Madero — Venustiano Carranza,19.435565000174762,-99.11019944167268,
12990.0,Magdalena Mixhuca,Venustiano Carranza,False,Magdalena Mixhuca — Venustiano Carranza,19.40820999999167,-99.11752873654208,11774.0
12986.0,Merced Balbuena,Venustiano Carranza,False,Merced Balbuena — Venustiano Carranza,19.420224999634172,-99.12403555642531,4253.0
12928.0,Michoacana,Venustiano Carranza,False,Michoacana — Venustiano Carranza,19.44506499985002,-99.11443856515427,583.0
12957.0,Miguel Hidalgo,Venustiano Carranza,False,Miguel Hidalgo — Venustiano Carranza,19.435805000000926,-99.10697473498695,352.0
12958.0,Moctezuma 1Ra Secc,Venustiano Carranza,False,Moctezuma 1Ra Secc — Venustiano Carranza,19.428204999811072,-99.1066416665343,10404.0
12961.0,Moctezuma 2Da Secc,Venustiano Carranza,False,Moctezuma 2Da Secc — Venustiano Carranza,19.43221499992248,-99.09777309433625,43310.0
12921.0,Morazan,Venustiano Carranza,False,Morazan — Venustiano Carranza,19.42663000002463,-99.12014834862032,264.0
12931.0,Morelos,Venustiano Carranza,False,Morelos — Venustiano Carranza,19.44338500016778,-99.1201165912021,34473.0
12996.0,Morelos I,Venustiano Carranza,False,Morelos I — Venustiano Carranza,19.438515000417112,-99.11872970937267,165.0
12932.0,Morelos Ii,Venustiano Carranza,False,Morelos Ii — Venustiano Carranza,19.43742600010998,-99.11811585194599,519.0
12997.0,Morelos Iii,Venustiano Carranza,False,Morelos Iii — Venustiano Carranza,19.439575000286197,-99.11962026606244,232.0
12925.0,Nicolas Bravo,Venustiano Carranza,False,Nicolas Bravo — Venustiano Carranza,19.453989999988693,-99.12302838971506,1540.0
12933.0,Penitenciaria,Venustiano Carranza,False,Penitenciaria — Venustiano Carranza,19.436180000207003,-99.11672671962657,3370.0
12959.0,Pensador Mexicano,Venustiano Carranza,False,Pensador Mexicano — Venustiano Carranza,19.444250000037613,-99.08109631610456,12796.0
12960.0,PeãOn De Los BaãOs,Venustiano Carranza,False,PeãOn De Los BaãOs — Venustiano Carranza,19.438139999761347,-99.0838275084744,8730.0
12995.0,Pino,Venustiano Carranza,False,Pino — Venustiano Carranza,19.4097250001588,-99.09868436274573,1000.0
12926.0,Popular Rastro,Venustiano Carranza,False,Popular Rastro — Venustiano Carranza,19.45322000000317,-99.1186203666349,3130.0
12946.0,Progresista,Venustiano Carranza,False,Progresista — Venustiano Carranza,19.43662999982479,-99.10791133337318,1043.0
12919.0,Puebla,Venustiano Carranza,False,Puebla — Venustiano Carranza,19.40962500004389,-99.08221078411235,6444.0
12956.0,Revolucion,Venustiano Carranza,False,Revolucion — Venustiano Carranza,19.438250000337405,-99.10433138335301,4150.0
12950.0,Romero Rubio,Venustiano Carranza,False,Romero Rubio — Venustiano Carranza,19.441804999701134,-99.0968319830707,11711.0
12962.0,Santa Cruz Aviacion,Venustiano Carranza,False,Santa Cruz Aviacion — Venustiano Carranza,19.421865000169788,-99.09726651044718,2142.0
12982.0,Secretaria 21,Venustiano Carranza,False,Secretaria 21 — Venustiano Carranza,19.41930499992597,-99.08280106296739,255.0
12989.0,Sevilla,Venustiano Carranza,False,Sevilla — Venustiano Carranza,19.410684999912974,-99.12304506512022,1805.0
12951.0,Simon Bolivar,Venustiano Carranza,False,Simon Bolivar — Venustiano Carranza,19.448944999812056,-99.09669865001327,5152.0
12941.0,Tres Mosqueteros,Venustiano Carranza,False,Tres Mosqueteros — Venustiano Carranza,19.440790000108592,-99.106511274945,605.0
12992.0,Troncoso,Venustiano Carranza,False,Troncoso — Venustiano Carranza,19.407150000122584,-99.11242200243674,733.0
12922.0,Unidad Candelaria Los Patos,Venustiano Carranza,False,Unidad Candelaria Los Patos — Venustiano Carranza,19.429335000210273,-99.12152918074057,2365.0
12935.0,Unidad Hab Emiliano Zapata,Venustiano Carranza,False,Unidad Hab Emiliano Zapata — Venustiano Carranza,19.433790000158552,-99.12011948713985,1029.0
12918.0,Valentin Gomez Farias,Venustiano Carranza,False,Valentin Gomez Farias — Venustiano Carranza,19.416299999845307,-99.09374358736139,5257.0
12924.0,Valle Gomez,Venustiano Carranza,False,Valle Gomez — Venustiano Carranza,19.456764999805074,-99.11934591659062,8742.0
12943.0,Venustiano Carranza,Venustiano Carranza,False,Venustiano Carranza — Venustiano Carranza,19.438894999954442,-99.11131366106233,3172.0
12993.0,Viaducto Troncoso,Venustiano Carranza,False,Viaducto Troncoso — Venustiano Carranza,19.406409999721888,-99.11213613631276,514.0
13136.0,1A Secc Los Cerrillos,Xochimilco,False,1A Secc Los Cerrillos — Xochimilco,19.247285000102835,-99.0206387193721,1253.0
13137.0,2A Secc Los Cerrillos,Xochimilco,False,2A Secc Los Cerrillos — Xochimilco,19.239099999915226,-99.01805277368854,5655.0
13117.0,3 De Mayo,Xochimilco,False,3 De Mayo — Xochimilco,19.247028999988515,-99.05949517967457,372.0
13138.0,3A Secc Los Cerrillos,Xochimilco,False,3A Secc Los Cerrillos — Xochimilco,19.242469999740877,-99.0260604110002,6694.0
13075.0,Acoca,Xochimilco,False,Acoca — Xochimilco,19.250859999939223,-99.13784735837119,946.0
13076.0,Acueducto Siglo 21,Xochimilco,False,Acueducto Siglo 21 — Xochimilco,19.25133550028326,-99.11605390259159,
13031.0,Acueducto Xochimilco,Xochimilco,False,Acueducto Xochimilco — Xochimilco,19.263219999753346,-99.12715147954992,512.0
13102.0,Alcanfores,Xochimilco,False,Alcanfores — Xochimilco,19.237915000127316,-99.08733938394352,
13016.0,Aldama,Xochimilco,False,Aldama — Xochimilco,19.27709500018429,-99.12927812512935,731.0
13106.0,Ampl Nativitas,Xochimilco,False,Ampl Nativitas — Xochimilco,19.23771000011658,-99.099805535874,1684.0
13103.0,Ampl Nativitas La Joya,Xochimilco,False,Ampl Nativitas La Joya — Xochimilco,19.234184999887987,-99.08206947422255,2850.0
13043.0,Ampl San Marcos Norte,Xochimilco,False,Ampl San Marcos Norte — Xochimilco,19.27062999972489,-99.11047587838601,5375.0
13021.0,Ampl Tepepan,Xochimilco,False,Ampl Tepepan — Xochimilco,19.264425000013887,-99.13038099223422,908.0
13036.0,Anahuac,Xochimilco,False,Anahuac — Xochimilco,19.283054999838555,-99.11086332708096,59.0
13053.0,Arcada,Xochimilco,False,Arcada — Xochimilco,19.251560999890387,-99.11520026943344,
13017.0,Arcos Del Sur,Xochimilco,False,Arcos Del Sur — Xochimilco,19.272399999960186,-99.12357456821215,363.0
13037.0,Aztlan Los Apaches,Xochimilco,False,Aztlan Los Apaches — Xochimilco,19.287259999949185,-99.10589060501454,357.0
13099.0,AãO De Juarez,Xochimilco,False,AãO De Juarez — Xochimilco,19.248610000051627,-99.08361340899135,1699.0
13033.0,Barrio 18,Xochimilco,False,Barrio 18 — Xochimilco,19.280149999872748,-99.1136237803562,5585.0
13110.0,Barrio Las Flores,Xochimilco,False,Barrio Las Flores — Xochimilco,19.23313999981133,-99.07697286508676,2338.0
13061.0,Belen,Xochimilco,False,Belen — Xochimilco,19.260315000237227,-99.10278478107682,1158.0
13006.0,Bosques Del Sur,Xochimilco,False,Bosques Del Sur — Xochimilco,19.28041999973337,-99.12497517419723,424.0
13007.0,Bosques Res Del Sur,Xochimilco,False,Bosques Res Del Sur — Xochimilco,19.28011499960772,-99.12898446974592,3015.0
13008.0,Bosques Residencial Cipres,Xochimilco,False,Bosques Residencial Cipres — Xochimilco,19.276585000047874,-99.13100171874945,439.0
13009.0,Bosques Residencial Sur,Xochimilco,False,Bosques Residencial Sur — Xochimilco,19.279494999794565,-99.13244393956411,891.0
13069.0,Caltongo,Xochimilco,False,Caltongo — Xochimilco,19.25574499993195,-99.08819026441967,15146.0
13131.0,Calyequita,Xochimilco,False,Calyequita — Xochimilco,19.251714999797542,-99.00982526637227,1572.0
13072.0,Canal 11,Xochimilco,False,Canal 11 — Xochimilco,19.24807999989227,-99.11614835527482,913.0
13032.0,Cantaros,Xochimilco,False,Cantaros — Xochimilco,19.264710000116565,-99.12696579163888,897.0
13152.0,Chapultepec,Xochimilco,False,Chapultepec — Xochimilco,19.22042000003313,-99.1102021701075,1230.0
13135.0,Cristo Rey,Xochimilco,False,Cristo Rey — Xochimilco,19.249354999783577,-99.01658555566297,4044.0
13127.0,Del Carmen,Xochimilco,False,Del Carmen — Xochimilco,19.23964499986701,-99.02168793266767,6316.0
13091.0,Dif,Xochimilco,False,Dif — Xochimilco,19.24291500002741,-99.09689442598835,287.0
13044.0,Division Del Norte,Xochimilco,False,Division Del Norte — Xochimilco,19.2712449997571,-99.11676168772766,1116.0
13145.0,Duraznotitla,Xochimilco,False,Duraznotitla — Xochimilco,19.241570000055617,-99.12767900944132,1070.0
13056.0,Ejido Santa Cruz Xochitepec,Xochimilco,False,Ejido Santa Cruz Xochitepec — Xochimilco,19.257610000051613,-99.12876193151877,10660.0
13010.0,Ejidos De Tepepan,Xochimilco,False,Ejidos De Tepepan — Xochimilco,19.277240000126056,-99.12342613645463,1524.0
13147.0,El Arenal,Xochimilco,False,El Arenal — Xochimilco,19.22190999994669,-99.12796697181493,1520.0
13155.0,El Cedral,Xochimilco,False,El Cedral — Xochimilco,19.21171999992822,-99.12345675321703,531.0
13022.0,El Encanto,Xochimilco,False,El Encanto — Xochimilco,19.264995000219244,-99.12881180951388,1147.0
13057.0,El Mirador,Xochimilco,False,El Mirador — Xochimilco,19.262354999883513,-99.13108128869249,2394.0
13062.0,El Rosario,Xochimilco,False,El Rosario — Xochimilco,19.262625000193765,-99.10453266650937,627.0
13051.0,Fracc Jardines Del Sur,Xochimilco,False,Fracc Jardines Del Sur — Xochimilco,19.258644999667183,-99.1152059350141,3947.0
13121.0,Guadalupana,Xochimilco,False,Guadalupana — Xochimilco,19.247325000148805,-99.03719769223804,7454.0
13150.0,Guadalupe,Xochimilco,False,Guadalupe — Xochimilco,19.215895000004394,-99.1290561757073,3176.0
13058.0,Guadalupita,Xochimilco,False,Guadalupita — Xochimilco,19.264519999898255,-99.10182907434968,654.0
13073.0,Hacienda San Pablo,Xochimilco,False,Hacienda San Pablo — Xochimilco,19.250594999859516,-99.11822482255528,1336.0
13023.0,Huichapan,Xochimilco,False,Huichapan — Xochimilco,19.26149000001365,-99.12261341698391,1706.0
13024.0,Infonavit Division Del Norte,Xochimilco,False,Infonavit Division Del Norte — Xochimilco,19.273139999911223,-99.11084047171065,1082.0
13071.0,Infonavit Nativitas,Xochimilco,False,Infonavit Nativitas — Xochimilco,19.247534999940456,-99.10617697257402,2027.0
13095.0,Jazmin,Xochimilco,False,Jazmin — Xochimilco,19.240299999945222,-99.08163713897494,563.0
13125.0,Justicia Social,Xochimilco,False,Justicia Social — Xochimilco,19.25984500014681,-99.02674042117333,238.0
13045.0,La Asuncion,Xochimilco,False,La Asuncion — Xochimilco,19.26900500033068,-99.10121511577032,3436.0
13087.0,La CaãAda,Xochimilco,False,La CaãAda — Xochimilco,19.24306999998069,-99.1188908011377,502.0
13039.0,La Cienega Chica,Xochimilco,False,La Cienega Chica — Xochimilco,19.282325000348663,-99.08428358667379,2718.0
13004.0,La Concepcion Tlacoapa,Xochimilco,False,La Concepcion Tlacoapa — Xochimilco,19.269255000168272,-99.10446029400532,3304.0
13077.0,La Concha,Xochimilco,False,La Concha — Xochimilco,19.256030000034627,-99.12087038449377,2167.0
13025.0,La Enramada,Xochimilco,False,La Enramada — Xochimilco,19.265699999905223,-99.12224081926352,764.0
13026.0,La Galvia,Xochimilco,False,La Galvia — Xochimilco,19.266244999857037,-99.12697712309782,
13059.0,La Guadalupita Centro,Xochimilco,False,La Guadalupita Centro — Xochimilco,19.266435000075347,-99.10048592397689,1541.0
13130.0,La Guadalupita Tulyehualco,Xochimilco,False,La Guadalupita Tulyehualco — Xochimilco,19.255704999886007,-99.01745559106891,2459.0
13107.0,La Joya De Vargas,Xochimilco,False,La Joya De Vargas — Xochimilco,19.230210000041637,-99.09540967573437,3821.0
13027.0,La Noria,Xochimilco,False,La Noria — Xochimilco,19.262889999823813,-99.12572006154541,160.0
13112.0,La Planta,Xochimilco,False,La Planta — Xochimilco,19.243844999747097,-99.07931841153209,2397.0
13065.0,La Santisima,Xochimilco,False,La Santisima — Xochimilco,19.263504999856025,-99.09658500014568,1181.0
13128.0,Las Animas,Xochimilco,False,Las Animas — Xochimilco,19.25880499985101,-99.01853734821339,1699.0
13113.0,Las Cruces,Xochimilco,False,Las Cruces — Xochimilco,19.241795000089354,-99.07606007588555,
13011.0,Las Peritas,Xochimilco,False,Las Peritas — Xochimilco,19.27248499983304,-99.12475081649396,799.0
13104.0,Lomas De Nativitas,Xochimilco,False,Lomas De Nativitas — Xochimilco,19.2384800001021,-99.09477410712384,4603.0
13093.0,Lomas De Tonalco,Xochimilco,False,Lomas De Tonalco — Xochimilco,19.246614999782565,-99.09809891869355,2109.0
13089.0,Loreto Y PeãA Pobre,Xochimilco,False,Loreto Y PeãA Pobre — Xochimilco,19.24813999996121,-99.11347919989295,903.0
13055.0,Los Morales,Xochimilco,False,Los Morales — Xochimilco,19.261709999816816,-99.13825396008355,1957.0
13118.0,Los Reyes,Xochimilco,False,Los Reyes — Xochimilco,19.246364999944944,-99.05490101200715,198.0
13092.0,Manantiales,Xochimilco,False,Manantiales — Xochimilco,19.243130000049604,-99.09773537124218,100.0
13012.0,Misiones De La Noria,Xochimilco,False,Misiones De La Noria — Xochimilco,19.273660000059124,-99.12631750026478,1078.0
13141.0,Nativitas,Xochimilco,False,Nativitas — Xochimilco,19.24963000032443,-99.01117554182791,1939.0
13156.0,Nueva Tototitla,Xochimilco,False,Nueva Tototitla — Xochimilco,19.223780000296927,-99.09350733364482,307.0
13088.0,Oriente,Xochimilco,False,Oriente — Xochimilco,19.23924500030668,-99.10453039056486,4656.0
13040.0,Parque Ecologico De Xochimilco,Xochimilco,False,Parque Ecologico De Xochimilco — Xochimilco,19.30350999973686,-99.09416886763165,
13013.0,Paseos Del Sur,Xochimilco,False,Paseos Del Sur — Xochimilco,19.27416499996494,-99.12215838976383,1280.0
13161.0,Pedregal De San Francisco,Xochimilco,False,Pedregal De San Francisco — Xochimilco,19.20580999988175,-99.12779497250361,1501.0
13034.0,Pista Olimpica Virgilio Uribe (Canal De Cuemanco),Xochimilco,False,Pista Olimpica Virgilio Uribe (Canal De Cuemanco) — Xochimilco,19.287340000041155,-99.10384246855173,52.0
13028.0,Potrero De San Bernardino,Xochimilco,False,Potrero De San Bernardino — Xochimilco,19.269630000374377,-99.12227951313426,2797.0
13146.0,Progreso,Xochimilco,False,Progreso — Xochimilco,19.236880000062115,-99.12061979155456,837.0
13100.0,Pueblo Nativitas,Xochimilco,False,Pueblo Nativitas — Xochimilco,19.24571000031642,-99.09024506779579,8488.0
13126.0,Quirino Mendoza,Xochimilco,False,Quirino Mendoza — Xochimilco,19.259644999916986,-99.02362992913928,1029.0
13096.0,Rancho Tejomulco,Xochimilco,False,Rancho Tejomulco — Xochimilco,19.24471499984753,-99.08387604307026,1421.0
13052.0,Redencion,Xochimilco,False,Redencion — Xochimilco,19.254730000339407,-99.1157304263169,303.0
13014.0,Residencial Aldama,Xochimilco,False,Residencial Aldama — Xochimilco,19.276869999700892,-99.12669812524291,950.0
13047.0,Residencial Santiago,Xochimilco,False,Residencial Santiago — Xochimilco,19.257765000004895,-99.12090774634302,111.0
13048.0,Rinconada Del Sur,Xochimilco,False,Rinconada Del Sur — Xochimilco,19.260879999762324,-99.11938727480842,2630.0
13114.0,San Andres,Xochimilco,False,San Andres — Xochimilco,19.248699999705394,-99.04606825990129,2180.0
13148.0,San Andres Ahuayucan,Xochimilco,False,San Andres Ahuayucan — Xochimilco,19.227255000018403,-99.10740136175681,9192.0
13005.0,San Antonio,Xochimilco,False,San Antonio — Xochimilco,19.261570000105564,-99.10715390608195,3050.0
13015.0,San Bartolo El Chico,Xochimilco,False,San Bartolo El Chico — Xochimilco,19.28390499991599,-99.12697209884541,439.0
13066.0,San Cristobal,Xochimilco,False,San Cristobal — Xochimilco,19.260155000053373,-99.09849937069544,2327.0
13063.0,San Diego,Xochimilco,False,San Diego — Xochimilco,19.26332000031792,-99.09974388307705,1553.0
13064.0,San Esteban,Xochimilco,False,San Esteban — Xochimilco,19.26204500042661,-99.09682213954795,1385.0
13133.0,San Felipe De Jesus,Xochimilco,False,San Felipe De Jesus — Xochimilco,19.253459999779324,-99.01958117477206,2513.0
13159.0,San Francisco Tlalnepantla,Xochimilco,False,San Francisco Tlalnepantla — Xochimilco,19.189660000209017,-99.11804788460901,5620.0
13115.0,San Gregorio Atlapulco,Xochimilco,False,San Gregorio Atlapulco — Xochimilco,19.24232499979908,-99.05597222833046,24035.0
13129.0,San Isidro,Xochimilco,False,San Isidro — Xochimilco,19.257419999833303,-99.014201833376,1006.0
13094.0,San Jeronimo,Xochimilco,False,San Jeronimo — Xochimilco,19.249275000141296,-99.09039140246671,2415.0
13120.0,San Jose,Xochimilco,False,San Jose — Xochimilco,19.255430000244473,-99.03264431798502,2641.0
13078.0,San Jose Zacatepec,Xochimilco,False,San Jose Zacatepec — Xochimilco,19.241605000320675,-99.12313014495771,2719.0
13003.0,San Juan Centro,Xochimilco,False,San Juan Centro — Xochimilco,19.26676500000491,-99.10613143925279,1906.0
13154.0,San Juan De Los Lagos,Xochimilco,False,San Juan De Los Lagos — Xochimilco,19.21805000000768,-99.11620130928918,205.0
13124.0,San Juan Minas,Xochimilco,False,San Juan Minas — Xochimilco,19.247319499895184,-99.06734439737889,2416.0
13123.0,San Juan Moyotepec,Xochimilco,False,San Juan Moyotepec — Xochimilco,19.25192500003888,-99.06550230266112,3302.0
13018.0,San Juan Tepepan,Xochimilco,False,San Juan Tepepan — Xochimilco,19.27475999997418,-99.13247901521311,8886.0
13122.0,San Juan Tlaxialtemalco,Xochimilco,False,San Juan Tlaxialtemalco — Xochimilco,19.255875000081346,-99.02833557712589,1790.0
13046.0,San Lorenzo,Xochimilco,False,San Lorenzo — Xochimilco,19.265684999663165,-99.09614835685665,4315.0
13090.0,San Lorenzo Atemoaya,Xochimilco,False,San Lorenzo Atemoaya — Xochimilco,19.243984999908008,-99.09815500005304,2438.0
13038.0,San Lorenzo La Cebada,Xochimilco,False,San Lorenzo La Cebada — Xochimilco,19.281329999879745,-99.12047483854823,18155.0
13085.0,San Lucas Xochimanca,Xochimilco,False,San Lucas Xochimanca — Xochimilco,19.24107500016129,-99.11373901505678,11109.0
13119.0,San Luis Tlaxialtemalco,Xochimilco,False,San Luis Tlaxialtemalco — Xochimilco,19.25927000016054,-99.03506288276738,4969.0
13049.0,San Marcos,Xochimilco,False,San Marcos — Xochimilco,19.261245000406603,-99.11064280051104,4828.0
13041.0,San Marcos Norte,Xochimilco,False,San Marcos Norte — Xochimilco,19.26829499996444,-99.11374537018914,4802.0
13143.0,San Mateo Xalpa,Xochimilco,False,San Mateo Xalpa — Xochimilco,19.23327499974161,-99.12685701043671,6918.0
13116.0,San Miguel,Xochimilco,False,San Miguel — Xochimilco,19.24795000019253,-99.05154585811034,1765.0
13070.0,San Pedro,Xochimilco,False,San Pedro — Xochimilco,19.255914999677657,-99.10882752383094,1283.0
13157.0,Santa Cecilia Tepetlapa,Xochimilco,False,Santa Cecilia Tepetlapa — Xochimilco,19.22185500010835,-99.08558399802358,10659.0
13060.0,Santa Crucita,Xochimilco,False,Santa Crucita — Xochimilco,19.262629999974678,-99.1022386668038,399.0
13111.0,Santa Cruz Acalpixca,Xochimilco,False,Santa Cruz Acalpixca — Xochimilco,19.24899499981956,-99.07537524955126,11572.0
13151.0,Santa Cruz Chavarrieta,Xochimilco,False,Santa Cruz Chavarrieta — Xochimilco,19.22589499980458,-99.12289790601261,1997.0
13153.0,Santa Cruz De Guadalupe,Xochimilco,False,Santa Cruz De Guadalupe — Xochimilco,19.224595000109332,-99.11913381283514,895.0
13149.0,Santa Ines,Xochimilco,False,Santa Ines — Xochimilco,19.23370000000517,-99.11029149995957,4037.0
13019.0,Santa Maria Tepepan,Xochimilco,False,Santa Maria Tepepan — Xochimilco,19.272624999993923,-99.13915777174975,8067.0
13074.0,Santiago Tepalcatlalpan,Xochimilco,False,Santiago Tepalcatlalpan — Xochimilco,19.24597499994647,-99.13264275033873,12471.0
13134.0,Santiaguito,Xochimilco,False,Santiaguito — Xochimilco,19.255869999850773,-99.02458414242574,604.0
13067.0,Tablas De San Lorenzo,Xochimilco,False,Tablas De San Lorenzo — Xochimilco,19.24658999997868,-99.10470220979514,660.0
13108.0,Tecacalanco,Xochimilco,False,Tecacalanco — Xochimilco,19.230041999938493,-99.06674791613102,2111.0
13109.0,Tehuixtitla,Xochimilco,False,Tehuixtitla — Xochimilco,19.23790000033489,-99.06790583368587,
13101.0,Tejomulco El Alto,Xochimilco,False,Tejomulco El Alto — Xochimilco,19.240069999680912,-99.08514996366328,1186.0
13097.0,Tejomulco El Bajo,Xochimilco,False,Tejomulco El Bajo — Xochimilco,19.24505499978858,-99.0858553907251,1117.0
13105.0,Teloncochabacano,Xochimilco,False,Teloncochabacano — Xochimilco,19.237720000128064,-99.09826052320324,30.0
13020.0,Tepepan,Xochimilco,False,Tepepan — Xochimilco,19.265440000056117,-99.13365122400708,4238.0
13160.0,Tepozanes,Xochimilco,False,Tepozanes — Xochimilco,19.20307500011134,-99.1239364705587,93.0
13050.0,Tierra Nueva,Xochimilco,False,Tierra Nueva — Xochimilco,19.26644500008686,-99.11997021354912,1860.0
13144.0,Tlaltepetla,Xochimilco,False,Tlaltepetla — Xochimilco,19.225969999665892,-99.11696927866939,183.0
13080.0,Tlaxopan 1Ra Y 2Da Secc,Xochimilco,False,Tlaxopan 1Ra Y 2Da Secc — Xochimilco,19.239525000178787,-99.1402157293016,1756.0
13042.0,Toltenco,Xochimilco,False,Toltenco — Xochimilco,19.27785999993921,-99.11077891139423,2467.0
13054.0,Unidad Hab Corporacion Xochimilco,Xochimilco,False,Unidad Hab Corporacion Xochimilco — Xochimilco,19.249940000230993,-99.11077783132944,1203.0
13086.0,Unidad Hab Nativitas,Xochimilco,False,Unidad Hab Nativitas — Xochimilco,19.24516999969589,-99.10683294121651,348.0
13035.0,Vaso De Regulacion,Xochimilco,False,Vaso De Regulacion — Xochimilco,19.286679999732343,-99.11050916666179,76.0
13029.0,Villa De La Noria,Xochimilco,False,Villa De La Noria — Xochimilco,19.264290000083605,-99.12173489927781,187.0
13158.0,Villa San Isidro,Xochimilco,False,Villa San Isidro — Xochimilco,19.206140000260973,-99.10478999995838,
13030.0,Villa Xochimilco,Xochimilco,False,Villa Xochimilco — Xochimilco,19.267249999887753,-99.12566583309032,957.0
13068.0,Xaltocan,Xochimilco,False,Xaltocan — Xochimilco,19.252544999852034,-99.10018384016644,8557.0
13084.0,Xochimilco,Xochimilco,False,Xochimilco — Xochimilco,19.24555499991348,-99.10326350188485,366.0
13098.0,Xochipilli,Xochimilco,False,Xochipilli — Xochimilco,19.249140000210986,-99.08758322904731,2372.0
