titulo,titular,uso,volumen_m3_anio,volumen_hm3_anio,volumen_punto_m3_anio,volumen_punto_hm3_anio,fecha_titulo,latitud,longitud,id_colonia,colonia,alcaldia,en_poniente,label,en_bbox_piloto
811078,"TELEVISA, S.A. DE C.V.",SERVICIOS,450000.0,0.45,450000.0,0.45,2019-06-27,19.30394711111111,-99.15500536111112,11677.0,Santa Ursula Coapa,Coyoacan,False,Santa Ursula Coapa — Coyoacan,False
812744,FIM-TIERRA UNO S. DE R.L. DE C,SERVICIOS,270720.0,0.27072,270720.0,0.27072,2021-09-09,19.45144847222222,-99.19645011111112,12494.0,Pensil Norte,Miguel Hidalgo,True,Pensil Norte — Miguel Hidalgo,True
816905,LERMA SA,SERVICIOS,14701.0,0.014701,14701.0,0.014701,2019-12-20,19.430286,-99.15749930555556,11818.0,Juarez,Cuauhtemoc,False,Juarez — Cuauhtemoc,False
823884,EMBOTELLADORA MEXICANA DE BEBIDAS REFRESCANTES S. DE R.L. DE C,INDUSTRIAL,1128200.0,1.1282,1128200.0,1.1282,2022-10-07,19.45648705555556,-99.15787566666668,11815.0,Atlampa,Cuauhtemoc,False,Atlampa — Cuauhtemoc,False
827554,INMOBILIARIA BIMBO AZCAPOTZALCO S.A. DE C.V.,DIFERENTES USOS,91000.0,0.091,91000.0,0.091,2020-10-28,19.491445777777777,-99.19247186111112,11412.0,Santo Domingo,Azcapotzalco,False,Santo Domingo — Azcapotzalco,False
833165,LA IGLESIA DE JESUCRISTO DE LOS SANTOS DE LOS ULTIMOS DIAS EN MEXICO A.R.,SERVICIOS,100000.0,0.1,100000.0,0.1,2021-08-02,19.535280694444445,-99.15194425,11909.0,Solidaridad Nacional,Gustavo A. Madero,False,Solidaridad Nacional — Gustavo A. Madero,False
836038,"INMOBILIARIA GOCOS, S.A. DE C.V.",SERVICIOS,1500.0,0.0015,750.0,0.00075,2021-09-21,19.330278166666663,-99.21027811111112,11371.0,Jardines Del Pedregal,Alvaro Obregon,True,Jardines Del Pedregal — Alvaro Obregon,True
836038,"INMOBILIARIA GOCOS, S.A. DE C.V.",SERVICIOS,1500.0,0.0015,750.0,0.00075,2021-09-21,19.32638925,-99.21083361111113,11371.0,Jardines Del Pedregal,Alvaro Obregon,True,Jardines Del Pedregal — Alvaro Obregon,True
836615,"ASOCIACION CRISTIANA DE JOVENES DE LA CD. DE MEXICO (YMCA), A.C.",SERVICIOS,7106.4,0.0071064,7106.4,0.0071064,2024-02-22,19.43750347222222,-99.1802777777778,12481.0,Anahuac,Miguel Hidalgo,True,Anahuac — Miguel Hidalgo,True
837932,NACIONAL DE COBRE S.A. DE C.V.,INDUSTRIAL,3383.0,0.003383,1691.5,0.0016915,2021-05-25,19.493974666666663,-99.16308366666668,11420.0,Industrial Vallejo,Azcapotzalco,False,Industrial Vallejo — Azcapotzalco,False
837932,NACIONAL DE COBRE S.A. DE C.V.,INDUSTRIAL,4100.0,0.0041,2050.0,0.00205,2021-05-25,19.49294752777778,-99.16180572222224,11420.0,Industrial Vallejo,Azcapotzalco,False,Industrial Vallejo — Azcapotzalco,False
838721,"COMPAÑIA LANERA DE MEXICO, S.A. DE C.V.",INDUSTRIAL,19814.0,0.019814,19814.0,0.019814,2021-06-04,19.45778052777778,-99.21194425,12468.0,Nueva Argentina,Miguel Hidalgo,True,Nueva Argentina — Miguel Hidalgo,True
839279,"PROMOTORA FM, S.A. DE C.V.",SERVICIOS,264880.0,0.26488,264880.0,0.26488,2022-07-04,19.39250322222222,-99.27000016666666,11756.0,Lomas Del Chamizal 4Ta Secc,Cuajimalpa De Morelos,True,Lomas Del Chamizal 4Ta Secc — Cuajimalpa De Morelos,True
839290,"RESIDENCIAL BOSQUES & INTERLOMAS, S.A. DE C.V.",SERVICIOS,174040.0,0.17404,87020.0,0.08702,2023-06-30,19.38389211111111,-99.2908335,11751.0,La Navidad,Cuajimalpa De Morelos,True,La Navidad — Cuajimalpa De Morelos,True
839290,"RESIDENCIAL BOSQUES & INTERLOMAS, S.A. DE C.V.",SERVICIOS,1000.0,0.001,500.0,0.0005,2023-06-30,19.38805863888889,-99.27888905555557,11746.0,Lomas De Vista Hermosa,Cuajimalpa De Morelos,True,Lomas De Vista Hermosa — Cuajimalpa De Morelos,True
839404,"PRODUCTOS MARINELA, S.A. DE C.V.",INDUSTRIAL,5000.0,0.005,5000.0,0.005,2021-07-13,19.458336416666665,-99.22361144444444,26655.0,Lomas De Sotelo,Miguel Hidalgo,True,Lomas De Sotelo — Miguel Hidalgo,True
840620,"BEBIDAS PURIFICADAS, S, DE R.L. DE C.V.",INDUSTRIAL,510000.0,0.51,510000.0,0.51,2024-05-23,19.38889438888889,-99.12333338888888,12142.0,Maestros De Iztacalco,Iztacalco,False,Maestros De Iztacalco — Iztacalco,False
842195,"FERROCARRIL Y TERMINAL DEL VALLE DE MEXICO, S.A. DE C.V.",SERVICIOS,5000.0,0.005,5000.0,0.005,2022-04-05,19.526669583333334,-99.18472222222222,11999.0,Santa Rosa,Gustavo A. Madero,False,Santa Rosa — Gustavo A. Madero,False
842196,"INMOBILIARIA RONCESVALLES, S.A. DE C.V.",INDUSTRIAL,20000.0,0.02,20000.0,0.02,2021-09-21,19.366667083333333,-99.10527813888888,12165.0,Granjas San Antonio,Iztapalapa,False,Granjas San Antonio — Iztapalapa,False
842910,"FIM-TIERRA UNO, S. DE R.L. DE C.V.",SERVICIOS,360000.0,0.36,360000.0,0.36,2021-10-22,19.44500044444445,-99.20250016666668,12517.0,Ampl Granada,Miguel Hidalgo,True,Ampl Granada — Miguel Hidalgo,True
843827,"CIA HARINERA DE MEXICO, S.A. DE C.V.",INDUSTRIAL,4555.0,0.004555,4555.0,0.004555,2022-10-21,19.456308472222226,-99.15572222222222,11815.0,Atlampa,Cuauhtemoc,False,Atlampa — Cuauhtemoc,False
844448,"GRUPO PROMOTOR DE HUIXQUILUCAN, S. DE R.L. DE C.V.",SERVICIOS,200000.0,0.2,200000.0,0.2,2022-08-30,19.381863972222224,-99.29630655555556,11742.0,Ahuatenco,Cuajimalpa De Morelos,True,Ahuatenco — Cuajimalpa De Morelos,True
844816,"ENVASADORAS DE AGUAS EN MEXICO, S. DE R.L. DE C.V.",INDUSTRIAL,332400.0,0.3324,332400.0,0.3324,2022-07-19,19.491667083333333,-99.16416702777778,11420.0,Industrial Vallejo,Azcapotzalco,False,Industrial Vallejo — Azcapotzalco,False
844865,COMERCIAL INMOBILIARIA REAL DE MEXICO S.A. DE C.V.,SERVICIOS,160000.0,0.16,160000.0,0.16,2023-12-18,19.385812527777777,-99.17529427777778,11536.0,Ciudad De Los Deportes,Benito Juarez,False,Ciudad De Los Deportes — Benito Juarez,False
845764,"INDUSTRIAS LACTEAS DE VALLEJO, S. DE R.L. DE C.V.",INDUSTRIAL,46018.0,0.046018,46018.0,0.046018,2022-06-03,19.495280611111117,-99.1633335,11420.0,Industrial Vallejo,Azcapotzalco,False,Industrial Vallejo — Azcapotzalco,False
846336,"CIBANCO, S.A. I.B.M COMO FIDUCIARIO DEL FIDEICOMISO CIB/2191",SERVICIOS,30000.0,0.03,30000.0,0.03,2023-07-19,19.43889163888889,-99.20527811111111,12516.0,Granada,Miguel Hidalgo,True,Granada — Miguel Hidalgo,True
847184,"BEBIDAS PURIFICADAS, S. DE R.L. DE C.V.",INDUSTRIAL,511392.0,0.511392,511392.0,0.511392,2022-08-05,19.388058166666667,-99.12361144444444,12142.0,Maestros De Iztacalco,Iztacalco,False,Maestros De Iztacalco — Iztacalco,False
847477,"OPTIFIN, S.A.P.I. DE C.V.",SERVICIOS,285200.0,0.2852,285200.0,0.2852,2022-07-01,19.21083655555556,-98.95111191666668,12677.0,Barrio San Miguel Mixquic,Tlahuac,False,Barrio San Miguel Mixquic — Tlahuac,False
847588,"ODIPARK 990, S.A.",INDUSTRIAL,70000.0,0.07,70000.0,0.07,2022-07-19,19.505000194444445,-99.17583383333334,11421.0,Ferreria,Azcapotzalco,False,Ferreria — Azcapotzalco,False
850539,"CONSTRUCTORA EL TOREO, S.A. DE C.V.",SERVICIOS,300000.0,0.3,300000.0,0.3,2023-11-09,19.453614194444445,-99.21888888888888,26655.0,Lomas De Sotelo,Miguel Hidalgo,True,Lomas De Sotelo — Miguel Hidalgo,True
850978,"INTERLOMAS PARQUE CLUB, S.A. DE C.V.",SERVICIOS,1235000.0,1.235,1235000.0,1.235,2022-12-12,19.381392055555555,-99.29416705555556,11751.0,La Navidad,Cuajimalpa De Morelos,True,La Navidad — Cuajimalpa De Morelos,True
852626,"COMPAÑIA HULERA TACUBA, S.A. DE C.V.",INDUSTRIAL,30000.0,0.03,15000.0,0.015,2023-11-23,19.45805608333333,-99.19944486111112,12474.0,Argentina Antigua,Miguel Hidalgo,True,Argentina Antigua — Miguel Hidalgo,True
852626,"COMPAÑIA HULERA TACUBA, S.A. DE C.V.",INDUSTRIAL,30000.0,0.03,15000.0,0.015,2023-11-23,19.458056,-99.19888944444445,12474.0,Argentina Antigua,Miguel Hidalgo,True,Argentina Antigua — Miguel Hidalgo,True
854245,"PRONAV, S.A. DE C.V.",INDUSTRIAL,15000.0,0.015,15000.0,0.015,2023-04-03,19.35805838888889,-98.98611122222222,12275.0,San Miguel Teotongo (Secc Las Torr),Iztapalapa,False,San Miguel Teotongo (Secc Las Torr) — Iztapalapa,False
857336,"BUNGE COMERCIAL, S.A. DE C.V.",INDUSTRIAL,30000.0,0.03,30000.0,0.03,2024-08-14,19.497780694444444,-99.16722255555555,11420.0,Industrial Vallejo,Azcapotzalco,False,Industrial Vallejo — Azcapotzalco,False
859646,INMOBILIARIA PARQUE REFORMA S.A. DE C.V.,SERVICIOS,315360.0,0.31536,315360.0,0.31536,2024-03-08,19.440555555555555,-99.15527777777778,11813.0,Santa Maria La Ribera,Cuauhtemoc,False,Santa Maria La Ribera — Cuauhtemoc,False
861259,"INMUEBLES GENERAL, S.A. DE C.V.",SERVICIOS,29864.0,0.029864,29864.0,0.029864,2024-06-26,19.420558444444445,-99.1444443888889,11820.0,Doctores,Cuauhtemoc,False,Doctores — Cuauhtemoc,False
862680,"NUGAR, S.A. DE C.V.",INDUSTRIAL,68575.0,0.068575,68575.0,0.068575,2024-07-09,19.507641638888888,-99.21647211111112,11429.0,Prados Del Rosario,Azcapotzalco,False,Prados Del Rosario — Azcapotzalco,False
865770,"INMOBILIARIA NAVIGATOR, S.C. A.C.",SERVICIOS,100000.0,0.1,100000.0,0.1,2025-04-14,19.498892027777774,-99.16194425,11420.0,Industrial Vallejo,Azcapotzalco,False,Industrial Vallejo — Azcapotzalco,False
13DFE100728,"MONDELEZ MEXICO, S. DE R.L. DE C.V.",INDUSTRIAL,22000.0,0.022,22000.0,0.022,1998-11-04,19.46918183333333,-99.1041639722222,12038.0,Gertrudis Sanchez 1Ra Secc,Gustavo A. Madero,False,Gertrudis Sanchez 1Ra Secc — Gustavo A. Madero,False
DFE100006,LA IGLESIA DE JESUCRISTO DE LOS SANTOS DE LOS ULTIMOS DIAS EN MEXICO A.R.,SERVICIOS,130000.0,0.13,130000.0,0.13,1994-11-29,19.53583616666667,-99.15083375,11909.0,Solidaridad Nacional,Gustavo A. Madero,False,Solidaridad Nacional — Gustavo A. Madero,False
DFE100008,"FERMIC, S.A. DE C.V.",INDUSTRIAL,513000.0,0.513,513000.0,0.513,1994-06-08,19.32536111111111,-99.08672222222222,12384.0,Granjas Estrella,Iztapalapa,False,Granjas Estrella — Iztapalapa,False
DFE100009,"INDUX, S.A. DE C.V.",INDUSTRIAL,18000.0,0.018,18000.0,0.018,1994-06-30,19.39552677777778,-99.19766694444444,11127.0,Bosques 1Ra Secc,Alvaro Obregon,True,Bosques 1Ra Secc — Alvaro Obregon,True
DFE100047,CENTRO DEPORTIVO CHAPULTEPEC A.C.,SERVICIOS,6978.0,0.006978,6978.0,0.006978,1995-05-30,19.42811675,-99.18016727777778,12458.0,1Ra Secc Del Bosque De Chapultepec,Miguel Hidalgo,True,1Ra Secc Del Bosque De Chapultepec — Miguel Hidalgo,True
DFE100060,"COBRE DE MEXICO, S.A. DE C.V.",INDUSTRIAL,149073.0,0.149073,149073.0,0.149073,1995-04-11,19.45833608333333,-99.17361144444445,11481.0,San Salvador Xochimanca,Azcapotzalco,False,San Salvador Xochimanca — Azcapotzalco,False
DFE100064,"LAVANDERIA LA EUROPEA, S.A. DE C.V.",INDUSTRIAL,77328.0,0.077328,38664.0,0.038664,1994-11-22,19.440555694444445,-99.17277827777778,12481.0,Anahuac,Miguel Hidalgo,True,Anahuac — Miguel Hidalgo,True
DFE100064,"LAVANDERIA LA EUROPEA, S.A. DE C.V.",INDUSTRIAL,85920.0,0.08592,42960.0,0.04296,1994-11-22,19.440555888888888,-99.17305558333334,12481.0,Anahuac,Miguel Hidalgo,True,Anahuac — Miguel Hidalgo,True
DFE100074,"FUNDACION DE AYUDA A LA ANCIANIDAD, INSTITUCION DE ASISTENCIA PRIVADA",SERVICIOS,1700.0,0.0017,1700.0,0.0017,1995-07-12,19.345415666666664,-99.20158344444444,11065.0,San Angel,Alvaro Obregon,True,San Angel — Alvaro Obregon,True
DFE100080,"NUEVA ESCUELA JUSTO SIERRA, A.C.",SERVICIOS,52024.0,0.052024,52024.0,0.052024,1995-03-29,19.461667138888888,-99.15305577777778,11814.0,Santa Maria Insurgentes,Cuauhtemoc,False,Santa Maria Insurgentes — Cuauhtemoc,False
DFE100098,"INDUSTRIAS UNIDAS, S.A. DE C.V.",INDUSTRIAL,17187.0,0.017187,17187.0,0.017187,1995-07-25,19.47555483333333,-99.10277794444444,11976.0,Ampl San Juan De Aragon,Gustavo A. Madero,False,Ampl San Juan De Aragon — Gustavo A. Madero,False
DFE100111,"COMPAÑIA PAPELERA EL FENIX, S.A. DE C.V.",INDUSTRIAL,15000.0,0.015,15000.0,0.015,1995-07-17,19.465535694444444,-99.1563341388889,11489.0,Ampl Del Gas,Azcapotzalco,False,Ampl Del Gas — Azcapotzalco,False
DFE100150,CIRCULO FRANCES DE MEXICO A.C.,SERVICIOS,114559.0,0.114559,114559.0,0.114559,1996-07-04,19.357500833333336,-99.18166711111112,11069.0,Florida,Alvaro Obregon,True,Florida — Alvaro Obregon,True
DFE100173,"INMOBILIARIA EZCO, S.A.",INDUSTRIAL,103680.0,0.10368,103680.0,0.10368,1996-02-19,19.324169416666667,-99.08722272222222,12384.0,Granjas Estrella,Iztapalapa,False,Granjas Estrella — Iztapalapa,False
DFE100504,"GRUPO GAMESA, S. DE R.L. DE C.V.",INDUSTRIAL,110498.0,0.110498,110498.0,0.110498,1996-07-04,19.48416975,-99.15805555555556,11424.0,Santa Cruz De Las Salinas,Azcapotzalco,False,Santa Cruz De Las Salinas — Azcapotzalco,False
DFE100506,PARQUE ARTURO MUNDET A.C.,INDUSTRIAL,118510.0,0.11851,118510.0,0.11851,1996-05-06,19.44028033333333,-99.21416661111112,12513.0,Irrigacion,Miguel Hidalgo,True,Irrigacion — Miguel Hidalgo,True
DFE100516,"INDUSTRIAS J.L.C., S.A. DE C.V.",INDUSTRIAL,67015.0,0.067015,67015.0,0.067015,1996-05-16,19.33222483333333,-99.0752781111111,12361.0,San Juan Xalpa,Iztapalapa,False,San Juan Xalpa — Iztapalapa,False
DFE100541,"INDUSTRIA DE REFRESCOS, S. DE R.L. DE C.V.",INDUSTRIAL,125098.0,0.125098,62549.0,0.062549,1996-10-02,19.45944763888889,-99.17761122222224,11481.0,San Salvador Xochimanca,Azcapotzalco,False,San Salvador Xochimanca — Azcapotzalco,False
DFE100541,"INDUSTRIA DE REFRESCOS, S. DE R.L. DE C.V.",INDUSTRIAL,180596.0,0.180596,90298.0,0.090298,1996-10-02,19.45889161111111,-99.1769448888889,11481.0,San Salvador Xochimanca,Azcapotzalco,False,San Salvador Xochimanca — Azcapotzalco,False
DFE100545,"PROCTER & GAMBLE MANUFACTURING, S. DE R.L. DE C.V.",INDUSTRIAL,275000.0,0.275,91666.66666666667,0.09166666666666667,1996-05-16,19.503530027777774,-99.16927766666667,11420.0,Industrial Vallejo,Azcapotzalco,False,Industrial Vallejo — Azcapotzalco,False
DFE100545,"PROCTER & GAMBLE MANUFACTURING, S. DE R.L. DE C.V.",INDUSTRIAL,765880.0,0.76588,255293.33333333334,0.2552933333333333,1996-05-16,19.50339097222222,-99.16872275,11420.0,Industrial Vallejo,Azcapotzalco,False,Industrial Vallejo — Azcapotzalco,False
DFE100545,"PROCTER & GAMBLE MANUFACTURING, S. DE R.L. DE C.V.",INDUSTRIAL,125000.0,0.125,41666.666666666664,0.041666666666666664,1996-05-16,19.504113194444443,-99.1688611388889,11420.0,Industrial Vallejo,Azcapotzalco,False,Industrial Vallejo — Azcapotzalco,False
DFE100552,LA SUIZA SA DE CV S.A. DE C.V.,INDUSTRIAL,7000.0,0.007,7000.0,0.007,1996-09-19,19.45583625,-99.13861144444444,11808.0,Ex Hipodromo De Peralvillo,Cuauhtemoc,False,Ex Hipodromo De Peralvillo — Cuauhtemoc,False
DFE100631,INSTITUTO TECNOLOGICO Y DE ESTUDIOS SUPERIORES DE MONTERREY,SERVICIOS,9262.0,0.009262,4631.0,0.004631,1996-08-14,19.28777902777778,-99.1422223888889,12805.0,Ex Ejido De Huipulco,Tlalpan,False,Ex Ejido De Huipulco — Tlalpan,False
DFE100631,INSTITUTO TECNOLOGICO Y DE ESTUDIOS SUPERIORES DE MONTERREY,SERVICIOS,50000.0,0.05,25000.0,0.025,1996-08-14,19.283058722222226,-99.13500016666669,12803.0,San Bartolo El Chico,Tlalpan,False,San Bartolo El Chico — Tlalpan,False
DFE100691,"INMOBILIARIA FAUSTO SUAREZ, S.A. DE C.V.",INDUSTRIAL,68.0,6.8e-05,68.0,6.8e-05,1997-03-12,19.494197361111112,-99.1520282777778,12008.0,Nva Industrial Vallejo,Gustavo A. Madero,False,Nva Industrial Vallejo — Gustavo A. Madero,False
DFE100756,"FANTASIAS MIGUEL, S.A. DE C.V.",INDUSTRIAL,20000.0,0.02,20000.0,0.02,1999-06-28,19.44389105555556,-99.18305555555555,12480.0,Anahuac Mariano Escobedo,Miguel Hidalgo,True,Anahuac Mariano Escobedo — Miguel Hidalgo,True
DFE100778,UNIVERSIDAD NACIONAL AUTONOMA DE MEXICO SIN TIPO DE SOC,SERVICIOS,812052.0,0.812052,270684.0,0.270684,1999-10-18,19.330558472222226,-99.18194425,11626.0,Ciudad Universitaria,Coyoacan,False,Ciudad Universitaria — Coyoacan,False
DFE100778,UNIVERSIDAD NACIONAL AUTONOMA DE MEXICO SIN TIPO DE SOC,SERVICIOS,1641125.0,1.641125,547041.6666666666,0.5470416666666666,1999-10-18,19.325002916666666,-99.19138886111112,11626.0,Ciudad Universitaria,Coyoacan,False,Ciudad Universitaria — Coyoacan,False
DFE100778,UNIVERSIDAD NACIONAL AUTONOMA DE MEXICO SIN TIPO DE SOC,SERVICIOS,531482.0,0.531482,177160.66666666666,0.17716066666666666,1999-10-18,19.313058472222224,-99.19472272222222,11626.0,Ciudad Universitaria,Coyoacan,False,Ciudad Universitaria — Coyoacan,False
DFE100884,"INDUSTRIA DE REFRESCOS, S. DE R.L. DE C.V.",INDUSTRIAL,290000.0,0.29,290000.0,0.29,2002-05-10,19.483614,-99.16083361111112,11424.0,Santa Cruz De Las Salinas,Azcapotzalco,False,Santa Cruz De Las Salinas — Azcapotzalco,False
DFE100936,"FABRICA DE HIELO LA SIBERIA, S.A. DE C.V.",INDUSTRIAL,90000.0,0.09,90000.0,0.09,2004-04-02,19.478058333333333,-99.10238927777776,11974.0,Granjas Modernas,Gustavo A. Madero,False,Granjas Modernas — Gustavo A. Madero,False
DFE100937,"FABRICA DE HIELO LA MODERNA, S. A. DE C .V. S.A. DE C.V.",INDUSTRIAL,130000.0,0.13,130000.0,0.13,2004-04-02,19.460554972222223,-99.17444497222225,11481.0,San Salvador Xochimanca,Azcapotzalco,False,San Salvador Xochimanca — Azcapotzalco,False
DFE101040,"WYETH, S. DE R.L. DE C.V.",INDUSTRIAL,130000.0,0.13,130000.0,0.13,2008-02-26,19.49528080555556,-99.1644447777778,11420.0,Industrial Vallejo,Azcapotzalco,False,Industrial Vallejo — Azcapotzalco,False
DFE101059,"BEBIDAS PURIFICADAS, S. DE .R.L. DE C.V.",INDUSTRIAL,206759.0,0.206759,206759.0,0.206759,2008-07-28,19.387505444444443,-99.12250027777776,12142.0,Maestros De Iztacalco,Iztacalco,False,Maestros De Iztacalco — Iztacalco,False
DFE101189,"MEXOPORO, S.C.",INDUSTRIAL,18000.0,0.018,18000.0,0.018,2013-04-30,19.33764175,-99.2174447777778,11347.0,Olivar De Los Padres,Alvaro Obregon,True,Olivar De Los Padres — Alvaro Obregon,True
DFE155947,ENVASADORAS DE AGUAS EN MEXICO S. DE R.L. DE C.V.,INDUSTRIAL,160526.0,0.160526,160526.0,0.160526,2017-07-12,19.49167263888889,-99.16444461111112,11420.0,Industrial Vallejo,Azcapotzalco,False,Industrial Vallejo — Azcapotzalco,False
MEX100005,"CELULOSAS MAIRO, S. DE R.L. DE C.V.",INDUSTRIAL,27000.0,0.027,27000.0,0.027,1994-06-23,19.35458886111111,-98.98227844444445,12266.0,San Miguel Teotongo (Secc Mercedes),Iztapalapa,False,San Miguel Teotongo (Secc Mercedes) — Iztapalapa,False
MEX100549,"MANUFACTURAS KALTEX, S. A. DE C. V. S.A. DE C.V.",INDUSTRIAL,37440.0,0.03744,18720.0,0.01872,1995-09-07,19.462221222222222,-99.21805566666669,26655.0,Lomas De Sotelo,Miguel Hidalgo,True,Lomas De Sotelo — Miguel Hidalgo,True
MEX100549,"MANUFACTURAS KALTEX, S. A. DE C. V. S.A. DE C.V.",INDUSTRIAL,51840.0,0.05184,25920.0,0.02592,1995-09-07,19.46249883333333,-99.21805583333334,12465.0,San Lorenzo Tlaltenango,Miguel Hidalgo,True,San Lorenzo Tlaltenango — Miguel Hidalgo,True
MEX100554,FABRICA NACIONAL DE LIJA S.A. DE C.V.,INDUSTRIAL,26661.0,0.026661,26661.0,0.026661,1994-12-13,19.52019658333333,-99.20752833333334,11394.0,Infonavit El Rosario,Azcapotzalco,False,Infonavit El Rosario — Azcapotzalco,False
MEX100556,INMOBILIARIA CARPER S.A. DE C.V.,INDUSTRIAL,16398.0,0.016398,16398.0,0.016398,1994-12-13,19.518086055555557,-99.20702788888887,11394.0,Infonavit El Rosario,Azcapotzalco,False,Infonavit El Rosario — Azcapotzalco,False
MEX100577,"EMPAQUES MODERNOS SAN PABLO, S. DE R.L. DE C.V.",INDUSTRIAL,471398.0,0.471398,157132.66666666666,0.15713266666666667,1995-07-07,19.50669702777778,-99.18008383333334,11416.0,Santa Barbara,Azcapotzalco,False,Santa Barbara — Azcapotzalco,False
MEX100577,"EMPAQUES MODERNOS SAN PABLO, S. DE R.L. DE C.V.",INDUSTRIAL,525322.0,0.525322,175107.33333333334,0.17510733333333334,1995-07-07,19.50861088888889,-99.1783335,11416.0,Santa Barbara,Azcapotzalco,False,Santa Barbara — Azcapotzalco,False
MEX100577,"EMPAQUES MODERNOS SAN PABLO, S. DE R.L. DE C.V.",INDUSTRIAL,539248.0,0.539248,179749.33333333334,0.17974933333333334,1995-07-07,19.507975138888888,-99.17844461111112,11416.0,Santa Barbara,Azcapotzalco,False,Santa Barbara — Azcapotzalco,False
MEX101191,"GRUPO SMURFIT MEXICO, S.A. DE C.V.",INDUSTRIAL,2550.0,0.00255,1275.0,0.001275,1996-02-19,19.475277777777777,-99.22444477777778,11461.0,Ampl San Pedro Xalpa,Azcapotzalco,False,Ampl San Pedro Xalpa — Azcapotzalco,False
MEX101191,"GRUPO SMURFIT MEXICO, S.A. DE C.V.",INDUSTRIAL,5950.0,0.00595,2975.0,0.002975,1996-02-19,19.47555797222222,-99.22416677777778,11461.0,Ampl San Pedro Xalpa,Azcapotzalco,False,Ampl San Pedro Xalpa — Azcapotzalco,False
MEX101210,"INMOBILIARIA DE INDUSTRIAS, S.A. Y COLORTEX, S.A. DE C.V.",INDUSTRIAL,252736.0,0.252736,252736.0,0.252736,1995-11-06,19.470281,-99.22,11461.0,Ampl San Pedro Xalpa,Azcapotzalco,False,Ampl San Pedro Xalpa — Azcapotzalco,False
MEX101278,"PROCTER & GAMBLE MANUFACTURING MEXICO, S. DE R.L. DE C.V.",INDUSTRIAL,25000.0,0.025,25000.0,0.025,1995-11-29,19.47244625,-99.2210835,11461.0,Ampl San Pedro Xalpa,Azcapotzalco,False,Ampl San Pedro Xalpa — Azcapotzalco,False
MEX102608,GRUPO LA FLORIDA MEXICO S. A. DE C. V.,INDUSTRIAL,431176.0,0.431176,431176.0,0.431176,1997-06-04,19.503083333333333,-99.15744444444444,11420.0,Industrial Vallejo,Azcapotzalco,False,Industrial Vallejo — Azcapotzalco,False
MEX102644,"MEXICHEM RESINAS VINILICAS, S.A. DE C.V.",INDUSTRIAL,140068.0,0.140068,140068.0,0.140068,1998-01-20,19.524277777777776,-99.12077777777776,11947.0,Guadalupe Ticoman,Gustavo A. Madero,False,Guadalupe Ticoman — Gustavo A. Madero,False
MEX104873,ANTONIO NOVOA GARCIA,INDUSTRIAL,21000.0,0.021,21000.0,0.021,1999-12-27,19.49,-99.18138888888888,11417.0,Barrio San Andres,Azcapotzalco,False,Barrio San Andres — Azcapotzalco,False
MEX106159,"ABUD ATTIE DAYAN, MARIA LANIADO SAADE, ISIDORO ATTIE LANIADO, ISAAC ATTIE LANIADO",INDUSTRIAL,15000.0,0.015,7500.0,0.0075,2001-12-06,19.471389388888888,-99.22555572222224,11461.0,Ampl San Pedro Xalpa,Azcapotzalco,False,Ampl San Pedro Xalpa — Azcapotzalco,False
MEX106159,"ABUD ATTIE DAYAN, MARIA LANIADO SAADE, ISIDORO ATTIE LANIADO, ISAAC ATTIE LANIADO",INDUSTRIAL,45000.0,0.045,22500.0,0.0225,2001-12-06,19.470861416666665,-99.22638933333332,11461.0,Ampl San Pedro Xalpa,Azcapotzalco,False,Ampl San Pedro Xalpa — Azcapotzalco,False
MEX150239,TRANSPO S. A DE C. V.,INDUSTRIAL,339196.0,0.339196,339196.0,0.339196,2013-07-04,19.50319913888889,-99.15808366666668,11420.0,Industrial Vallejo,Azcapotzalco,False,Industrial Vallejo — Azcapotzalco,False
DFE100168,PANIFICACION BIMBO,INDUSTRIAL,105120.0,0.10512,105120.0,0.10512,1996-02-27,19.507864194444444,-99.18636127777778,11405.0,Unidad Hab San Pablo Xalpa,Azcapotzalco,False,Unidad Hab San Pablo Xalpa — Azcapotzalco,False
13DFE101113,"CIA. SHERWIN WILLIAMS, S.A. DE C,V.",INDUSTRIAL,10400.0,0.0104,10400.0,0.0104,2013-04-30,19.49453788888889,-99.158004,11420.0,Industrial Vallejo,Azcapotzalco,False,Industrial Vallejo — Azcapotzalco,False
13MEX109161,"DESARROLLO DE INGENIERIA CIVIL, S.A.",SERVICIOS,77280.0,0.07728,77280.0,0.07728,2018-07-11,19.37754805555556,-99.29055955555556,11751.0,La Navidad,Cuajimalpa De Morelos,True,La Navidad — Cuajimalpa De Morelos,True
13MEX100557,INMOBILIARIA CARPER S.A DE C.V,INDUSTRIAL,11533.0,0.011533,11533.0,0.011533,1994-12-13,19.519808694444443,-99.20222272222225,11394.0,Infonavit El Rosario,Azcapotzalco,False,Infonavit El Rosario — Azcapotzalco,False
5DFE100652/26FMGR96,"MOLINO DE TRIGO LA ESPERANZA, S. A.",INDUSTRIAL,1112.0,0.001112,1112.0,0.001112,1996-11-21,19.458055555555557,-99.15944444444445,11815.0,Atlampa,Cuauhtemoc,False,Atlampa — Cuauhtemoc,False
13DFE100777/26EMGR99,AUTOFINANCIAMIENTO MÉXICO S.A. DE C.V.,SERVICIOS,8432.0,0.008432,8432.0,0.008432,1999-09-13,19.335555555555555,-99.18333333333334,11626.0,Ciudad Universitaria,Coyoacan,False,Ciudad Universitaria — Coyoacan,False
5DFE100131/26FMGR95,"PRODUCTOS PUENTE, S.A. DE C.V.",INDUSTRIAL,108000.0,0.108,54000.0,0.054,1997-06-03,19.433888888888887,-99.1025,12961.0,Moctezuma 2Da Secc,Venustiano Carranza,False,Moctezuma 2Da Secc — Venustiano Carranza,False
5DFE100131/26FMGR95,"PRODUCTOS PUENTE, S.A. DE C.V.",INDUSTRIAL,43200.0,0.0432,21600.0,0.0216,1997-06-03,19.433611111111112,-99.10277777777776,12961.0,Moctezuma 2Da Secc,Venustiano Carranza,False,Moctezuma 2Da Secc — Venustiano Carranza,False
5DFE100140/26FMGR95,"TEXTIL LANERA, S.A. DE C.V.",INDUSTRIAL,57183.0,0.057183,28591.5,0.0285915,1995-11-28,19.498611111111117,-99.15583333333332,11420.0,Industrial Vallejo,Azcapotzalco,False,Industrial Vallejo — Azcapotzalco,False
5DFE100140/26FMGR95,"TEXTIL LANERA, S.A. DE C.V.",INDUSTRIAL,51090.0,0.05109,25545.0,0.025545,1995-11-28,19.49833333333333,-99.15583333333332,11420.0,Industrial Vallejo,Azcapotzalco,False,Industrial Vallejo — Azcapotzalco,False
5DFE100146/26FMGR95,"PIRAMIDE, S.A. DE C.V.",INDUSTRIAL,22457.0,0.022457,22457.0,0.022457,1995-08-15,19.442222222222224,-99.18583333333332,12502.0,Manzanos,Miguel Hidalgo,True,Manzanos — Miguel Hidalgo,True
5DFE100647/26FMGR96,"PISOS ALFER, S.A. DE C.V. /GUILLERMO FERNANDEZ DE LA PARRA",INDUSTRIAL,240.0,0.00024,240.0,0.00024,1997-06-03,19.49416666666667,-99.16083333333334,11420.0,Industrial Vallejo,Azcapotzalco,False,Industrial Vallejo — Azcapotzalco,False
5DFE100656/26FMGR96,"FABRICA NACIONAL DE MALTA, S. A. DE C. V.",INDUSTRIAL,32400.0,0.0324,32400.0,0.0324,1996-11-21,19.41611111111111,-99.12555555555556,12987.0,Lorenzo Boturini,Venustiano Carranza,False,Lorenzo Boturini — Venustiano Carranza,False
13DFE100713/26FMGR97,"ADMINISTRADORA DE INMUEBLES HOTAN, S. A.",INDUSTRIAL,1100.0,0.0011,1100.0,0.0011,1998-01-20,19.471944444444443,-99.15694444444443,11487.0,Del Gas,Azcapotzalco,False,Del Gas — Azcapotzalco,False
5DFE100654/26FMGR96,ANA MARIA SOTRES DE DEL VALLE,INDUSTRIAL,26730.0,0.02673,26730.0,0.02673,1996-11-21,19.459444444444443,-99.21111111111112,12468.0,Nueva Argentina,Miguel Hidalgo,True,Nueva Argentina — Miguel Hidalgo,True
13DFE100094/26FMGR03,"PROPIMEX, S. A. DE C. V.",INDUSTRIAL,250000.0,0.25,125000.0,0.125,1994-12-22,19.31388888888889,-99.14111111111112,11677.0,Santa Ursula Coapa,Coyoacan,False,Santa Ursula Coapa — Coyoacan,False
13DFE100094/26FMGR03,"PROPIMEX, S. A. DE C. V.",INDUSTRIAL,236880.0,0.23688,118440.0,0.11844,1994-12-22,19.31361111111111,-99.14111111111112,11677.0,Santa Ursula Coapa,Coyoacan,False,Santa Ursula Coapa — Coyoacan,False
13DFE100772/26FMGR99,"INMUEBLES CANTABRIA, S. A. DE C. V.",INDUSTRIAL,15000.0,0.015,15000.0,0.015,1999-08-30,19.416666666666668,-99.13333333333334,11825.0,Transito,Cuauhtemoc,False,Transito — Cuauhtemoc,False
13DFE100095/26FMGR03,"PROPIMEX, S.A. DE C.V.",INDUSTRIAL,110000.0,0.11,110000.0,0.11,1994-12-22,19.36138888888889,-99.15944444444445,11512.0,Gral Pedro Maria Anaya,Benito Juarez,False,Gral Pedro Maria Anaya — Benito Juarez,False
13DFE100100/26FMGR03,"TENERIA MERCURIO, S.A. DE C.V.",INDUSTRIAL,50000.0,0.05,50000.0,0.05,1995-04-07,19.398888888888887,-99.10805555555557,12112.0,Granjas Mexico,Iztacalco,False,Granjas Mexico — Iztacalco,False
5DFE100001/26FMGR94,"SUPER BAÑOS CALETA, S.A. DE C.V.",INDUSTRIAL,4060.0,0.00406,4060.0,0.00406,1994-05-23,19.41444444444444,-99.13861111111112,11824.0,Obrera,Cuauhtemoc,False,Obrera — Cuauhtemoc,False
13DFE100062/26FMGR03,"PROPIMEX, S.A. DE C.V.",INDUSTRIAL,400000.0,0.4,200000.0,0.2,1994-11-11,19.45611111111111,-99.16,11815.0,Atlampa,Cuauhtemoc,False,Atlampa — Cuauhtemoc,False
13DFE100062/26FMGR03,"PROPIMEX, S.A. DE C.V.",INDUSTRIAL,417255.0,0.417255,208627.5,0.2086275,1994-11-11,19.45583333333333,-99.15972222222224,11815.0,Atlampa,Cuauhtemoc,False,Atlampa — Cuauhtemoc,False
5DFE100121/26FMGR95,"INMOBILIARIA SAN ANTOLIN, S.A. DE C.V.",INDUSTRIAL,964656.0,0.964656,482328.0,0.482328,1995-09-07,19.487222222222226,-99.15333333333334,11424.0,Santa Cruz De Las Salinas,Azcapotzalco,False,Santa Cruz De Las Salinas — Azcapotzalco,False
5DFE100121/26FMGR95,"INMOBILIARIA SAN ANTOLIN, S.A. DE C.V.",INDUSTRIAL,722700.0,0.7227,361350.0,0.36135,1995-09-07,19.4875,-99.1525,11424.0,Santa Cruz De Las Salinas,Azcapotzalco,False,Santa Cruz De Las Salinas — Azcapotzalco,False
5DFE100531/26FMGR96,"PROPIMEX, S. A. DE C. V.",INDUSTRIAL,4495.0,0.004495,4495.0,0.004495,1996-11-05,19.454722222222223,-99.15972222222224,11813.0,Santa Maria La Ribera,Cuauhtemoc,False,Santa Maria La Ribera — Cuauhtemoc,False
5DFE100632/26CMGR96,DR. GUSTAVO BAZ DIAZ LOMBARDO,DOMÉSTICO,290.0,0.00029,290.0,0.00029,1996-08-07,19.32555555555556,-99.22055555555556,12415.0,San Jeronimo Lidice,La Magdalena Contreras,True,San Jeronimo Lidice — La Magdalena Contreras,True
13DFE100861/26FMGR06,"COMPAÑÍA HULERA TORNEL, S.A. DE C.V.",INDUSTRIAL,38000.0,0.038,38000.0,0.038,2001-11-13,19.477777777777774,-99.19666666666669,11468.0,Industrial San Antonio,Azcapotzalco,False,Industrial San Antonio — Azcapotzalco,False
13DFE100067/26FMGR05,"CERVECERÍA MODELO, S.A. DE C.V.",INDUSTRIAL,95562.0,0.095562,95562.0,0.095562,1995-04-18,19.418472222222224,-99.15222222222222,11820.0,Doctores,Cuauhtemoc,False,Doctores — Cuauhtemoc,False
5DFE100644/26FMGR96,"INMOBILIARIA MOTKE, S. A. DE C. V.",INDUSTRIAL,21600.0,0.0216,21600.0,0.0216,1996-11-02,19.43777777777778,-99.17361111111111,12479.0,Veronica Anzures,Miguel Hidalgo,True,Veronica Anzures — Miguel Hidalgo,True
13DFE100153/26FMGR06,"VIDRIERA MÉXICO, S.A. DE C.V.",INDUSTRIAL,61000.0,0.061,30500.0,0.0305,1995-11-06,19.44436111111111,-99.20397222222222,12517.0,Ampl Granada,Miguel Hidalgo,True,Ampl Granada — Miguel Hidalgo,True
13DFE100153/26FMGR06,"VIDRIERA MÉXICO, S.A. DE C.V.",INDUSTRIAL,407340.0,0.40734,203670.0,0.20367,1995-11-06,19.4445,-99.20461111111112,12517.0,Ampl Granada,Miguel Hidalgo,True,Ampl Granada — Miguel Hidalgo,True
13DFE100508/26FMGR06,"HERDEZ, S.A. DE C.V.",INDUSTRIAL,42052.0,0.042052,42052.0,0.042052,1996-05-06,19.461111111111112,-99.213,12468.0,Nueva Argentina,Miguel Hidalgo,True,Nueva Argentina — Miguel Hidalgo,True
13DFE100126/26FMGR06,"FERMIC, S.A. DE C.V.",INDUSTRIAL,315360.0,0.31536,315360.0,0.31536,1995-08-27,19.32413888888889,-99.08436111111112,12384.0,Granjas Estrella,Iztapalapa,False,Granjas Estrella — Iztapalapa,False
13DFE100130/26FMGR06,"GENERAL DE INMUEBLES INDUSTRIALES, S.A. DE C.V.",INDUSTRIAL,38669.0,0.038669,38669.0,0.038669,1996-08-14,19.475277777777777,-99.195,11470.0,Santa Cruz Acayucan,Azcapotzalco,False,Santa Cruz Acayucan — Azcapotzalco,False
13DFE100142/26FMGR06,"HARINERA NACIONAL, S.A. DE C.V.",INDUSTRIAL,517.0,0.000517,258.5,0.0002585,1995-09-07,19.456666666666667,-99.14,11808.0,Ex Hipodromo De Peralvillo,Cuauhtemoc,False,Ex Hipodromo De Peralvillo — Cuauhtemoc,False
13DFE100142/26FMGR06,"HARINERA NACIONAL, S.A. DE C.V.",INDUSTRIAL,7003.0,0.007003,3501.5,0.0035015,1995-09-07,19.45694444444444,-99.13972222222225,11808.0,Ex Hipodromo De Peralvillo,Cuauhtemoc,False,Ex Hipodromo De Peralvillo — Cuauhtemoc,False
13DFE100176/26FMGR06,TEODORO AMERLINCK Y ZIRION,INDUSTRIAL,1002.0,0.001002,1002.0,0.001002,1996-08-07,19.35527777777778,-99.19694444444444,11072.0,Tlacopac,Alvaro Obregon,True,Tlacopac — Alvaro Obregon,True
13DFE100509/26APGR06,MARÍA DELFINA RAMÍREZ CRUZ,AGRÍCOLA,75.0,7.5e-05,75.0,7.5e-05,1996-05-17,19.32638888888889,-99.29388888888889,11794.0,Desierto De Los Leones,Cuajimalpa De Morelos,True,Desierto De Los Leones — Cuajimalpa De Morelos,True
13DFE100555/26EMGR06,"ESTUDIOS CHURUBUSCO AZTECA, S.A.",SERVICIOS,25000.0,0.025,25000.0,0.025,1996-05-16,19.35638888888889,-99.14227777777778,11568.0,Churubusco Country Club,Coyoacan,False,Churubusco Country Club — Coyoacan,False
5DFE100066/26FMGR94,"SYNTEX, S.A. DE C.V.",INDUSTRIAL,13530.0,0.01353,13530.0,0.01353,1994-11-24,19.38611111111111,-99.24166666666667,11140.0,Lomas De Santa Fe,Alvaro Obregon,True,Lomas De Santa Fe — Alvaro Obregon,True
5DFE100123/26FMGR95,"EMPAQUES DE CARTON UNITED, S.A. DE C.V.",INDUSTRIAL,16200.0,0.0162,16200.0,0.0162,1995-09-07,19.451944444444443,-99.12,12926.0,Popular Rastro,Venustiano Carranza,False,Popular Rastro — Venustiano Carranza,False
13DFE100167/26FMGR07,"DEACERO, S.A. DE C.V.",INDUSTRIAL,6523.0,0.006523,6523.0,0.006523,1996-11-27,19.462916666666665,-99.12252777777778,12041.0,Guadalupe Tepeyac,Gustavo A. Madero,False,Guadalupe Tepeyac — Gustavo A. Madero,False
13DFE100877/26FMOC07,"MALLINCKRODT MEDICAL, S. A. DE C.V.",INDUSTRIAL,50000.0,0.05,50000.0,0.05,2003-02-04,19.356250000000003,-99.08433333333332,12217.0,Barrio San Miguel,Iztapalapa,False,Barrio San Miguel — Iztapalapa,False
13DFE100703/26FMGR97,"ELECTROPURA, S. DE R.L. DE C.V.",INDUSTRIAL,101800.0,0.1018,50900.0,0.0509,1997-09-10,19.47888888888889,-99.19416666666667,11466.0,San Francisco Tetecala,Azcapotzalco,False,San Francisco Tetecala — Azcapotzalco,False
13DFE100703/26FMGR97,"ELECTROPURA, S. DE R.L. DE C.V.",INDUSTRIAL,114615.0,0.114615,57307.5,0.0573075,1997-09-10,19.479166666666664,-99.19444444444444,11468.0,Industrial San Antonio,Azcapotzalco,False,Industrial San Antonio — Azcapotzalco,False
13DFE100991/26FMOC07,"EMPAQUES DE CARTON UNITED, S. A DE C.V.",INDUSTRIAL,17000.0,0.017,17000.0,0.017,2007-08-14,19.45158333333333,-99.11963888888889,12926.0,Popular Rastro,Venustiano Carranza,False,Popular Rastro — Venustiano Carranza,False
13DFE100574/26FMGR06,"MOLINO HERCULES, S.A.",INDUSTRIAL,250.0,0.00025,250.0,0.00025,1996-05-17,19.497222222222224,-99.15361111111112,12008.0,Nva Industrial Vallejo,Gustavo A. Madero,False,Nva Industrial Vallejo — Gustavo A. Madero,False
13DFE100063/26FMGR05,"TIENDAS AURRERÁ, S. DE R.L. DE C.V.",INDUSTRIAL,15012.0,0.015012,15012.0,0.015012,1995-07-27,19.421111111111117,-99.13944444444444,11824.0,Obrera,Cuauhtemoc,False,Obrera — Cuauhtemoc,False
13DFE100635/26FMGR06,"TIZAYUCA TEXTIL VUVA, S.A. DE C.V.",INDUSTRIAL,130291.0,0.130291,130291.0,0.130291,1996-10-02,19.45777777777778,-99.2125,12468.0,Nueva Argentina,Miguel Hidalgo,True,Nueva Argentina — Miguel Hidalgo,True
13DFE100639/26EMOC07,"ASOCIACION FRANCO MEXICANA SUIZA Y BELGA DE BENEFICENCIA, I. A. P./NUEVO PANTEON FRANCES",SERVICIOS,4444.0,0.004444,4444.0,0.004444,1997-07-01,19.451472222222225,-99.21175,12505.0,Panteon Frances,Miguel Hidalgo,True,Panteon Frances — Miguel Hidalgo,True
13DFE100942/26FMDA08,"CERVEZAS CUAUHTÉMOC MOCTEZUMA, S. A. DE C. V.",INDUSTRIAL,25000.0,0.025,12500.0,0.0125,2004-06-22,19.47972222222222,-99.15861111111111,11454.0,Euzkadi,Azcapotzalco,False,Euzkadi — Azcapotzalco,False
13DFE100942/26FMDA08,"CERVEZAS CUAUHTÉMOC MOCTEZUMA, S. A. DE C. V.",INDUSTRIAL,162000.0,0.162,81000.0,0.081,2004-06-22,19.480833333333333,-99.15916666666668,11424.0,Santa Cruz De Las Salinas,Azcapotzalco,False,Santa Cruz De Las Salinas — Azcapotzalco,False
13DFE100169/26FMGR06,"ROVILAN, S.A. DE C.V.",INDUSTRIAL,320207.0,0.320207,320207.0,0.320207,1996-05-06,19.26722222222222,-99.12638888888888,13030.0,Villa Xochimilco,Xochimilco,False,Villa Xochimilco — Xochimilco,False
13DFE100641/26FMDA08,"CERVECERIA MODELO, S.A. DE C.V.",INDUSTRIAL,64800.0,0.0648,64800.0,0.0648,1996-08-14,19.433333333333334,-99.10555555555555,12961.0,Moctezuma 2Da Secc,Venustiano Carranza,False,Moctezuma 2Da Secc — Venustiano Carranza,False
13DFE100200/26FMDA08,"PINTURAS OPTIMUS, S.A. DE C.V.",INDUSTRIAL,14800.0,0.0148,14800.0,0.0148,1995-12-28,19.46077777777778,-99.1546388888889,11814.0,Santa Maria Insurgentes,Cuauhtemoc,False,Santa Maria Insurgentes — Cuauhtemoc,False
13DFE100618/26FMDA08,"MARIA ELENA DOMINGUEZ BRIONES, MARIA TERESA DOMINGUEZ BRIONES, ANA MARIA DOMINGUEZ BRIONES Y ARMANDO ALEJANDRO DOMINGUEZ BRIONES",INDUSTRIAL,6800.0,0.0068,6800.0,0.0068,1996-07-22,19.438333333333333,-99.14527777777778,11811.0,Guerrero,Cuauhtemoc,False,Guerrero — Cuauhtemoc,False
13DFE100177/26FMDA08,"CROWN ENVASES MÉXICO, S.A. DE C.V.",INDUSTRIAL,183.0,0.000183,183.0,0.000183,1996-09-05,19.467388888888888,-99.1146111111111,12051.0,Tablas De San Agustin,Gustavo A. Madero,False,Tablas De San Agustin — Gustavo A. Madero,False
13DFE100158/26FMDA08,"HOTEL GENEVE, S.A. DE C.V.",INDUSTRIAL,10065.0,0.010065,5032.5,0.0050325,1996-09-19,19.42480555555556,-99.1641388888889,11818.0,Juarez,Cuauhtemoc,False,Juarez — Cuauhtemoc,False
13DFE100158/26FMDA08,"HOTEL GENEVE, S.A. DE C.V.",INDUSTRIAL,12423.0,0.012423,6211.5,0.0062115,1996-09-19,19.42458333333333,-99.16405555555556,11818.0,Juarez,Cuauhtemoc,False,Juarez — Cuauhtemoc,False
13DFE100785/26FMDA08,"GARCÍA BÁRCENA Y COMPAÑÍA, S.C.",INDUSTRIAL,36288.0,0.036288,36288.0,0.036288,2001-12-06,19.461111111111112,-99.17472222222224,11481.0,San Salvador Xochimanca,Azcapotzalco,False,San Salvador Xochimanca — Azcapotzalco,False
13DFE100118/26EMDA08,"CENTRO ASTURIANO DE MÉXICO, A.C.",SERVICIOS,236520.0,0.23652,236520.0,0.23652,1995-12-06,19.40277777777777,-99.19583333333334,11104.0,Cove,Alvaro Obregon,True,Cove — Alvaro Obregon,True
13DFE100124/26FMDA08,"PRAXAIR MÉXICO, S. DE R.L. DE C.V.",INDUSTRIAL,311040.0,0.31104,311040.0,0.31104,1995-09-07,19.460555555555555,-99.17527777777778,11481.0,San Salvador Xochimanca,Azcapotzalco,False,San Salvador Xochimanca — Azcapotzalco,False
13DFE100551/26EMDA08,SECRETARIA DE HACIENDA Y CREDITO PUBLICO,SERVICIOS,2334.0,0.002334,2334.0,0.002334,1997-07-15,19.47138888888889,-99.10277777777776,12038.0,Gertrudis Sanchez 1Ra Secc,Gustavo A. Madero,False,Gertrudis Sanchez 1Ra Secc — Gustavo A. Madero,False
13DFE100637/26EMDA08,"ASOCIACIÓN CRISTIANA DE JOVENES DE LA CIUDAD DE MÉXICO (YMCA), A.C.",SERVICIOS,23192.0,0.023192,23192.0,0.023192,1996-08-14,19.4375,-99.1802777777778,12481.0,Anahuac,Miguel Hidalgo,True,Anahuac — Miguel Hidalgo,True
13DFE101101/26FMDA08,"VITRIUM DIVISION FARMACEUTICA, S.A. DE C.V.",INDUSTRIAL,7978.4,0.0079784,7978.4,0.0079784,2009-02-04,19.29888888888889,-99.1122222222222,12774.0,Granjas Coapa,Tlalpan,False,Granjas Coapa — Tlalpan,False
13DFE100624/26EMDA09,FRANCISCO GRANILLO ORDOÑEZ,SERVICIOS,240.0,0.00024,240.0,0.00024,1996-09-19,19.35083333333333,-99.1425,11569.0,Country Club,Coyoacan,False,Country Club — Coyoacan,False
13DFE101067/26FMDA09,"BOEHRINGER INGELHEIM PROMECO, S.A. DE C.V.",INDUSTRIAL,148760.0,0.14876,148760.0,0.14876,2008-09-12,19.25111111111111,-99.11361111111113,13054.0,Unidad Hab Corporacion Xochimilco,Xochimilco,False,Unidad Hab Corporacion Xochimilco — Xochimilco,False
13DFE100143/26FMDA09,"ABBOTT LABORATORIES DE MÉXICO, S. A. DE C. V.",INDUSTRIAL,151180.0,0.15118,151180.0,0.15118,1996-05-16,19.311111111111117,-99.14055555555557,11680.0,Ejido Santa Ursula Coapa,Coyoacan,False,Ejido Santa Ursula Coapa — Coyoacan,False
13DFE100970/26FMDA10,INSTITUTO TECNOLOGICO Y DE ESTUDIOS SUPERIORES DE MONTERREY,INDUSTRIAL,67000.0,0.067,67000.0,0.067,2005-10-14,19.362222222222226,-99.25555555555556,11169.0,La Loma,Alvaro Obregon,True,La Loma — Alvaro Obregon,True
13DFE100101/26FMDA09,"CERVECERIA MODELO, S.A. DE C.V.",INDUSTRIAL,54086.0,0.054086,7726.571428571428,0.007726571428571428,1996-05-17,19.442777777777778,-99.18805555555556,12503.0,Anahuac Dos Lagos,Miguel Hidalgo,True,Anahuac Dos Lagos — Miguel Hidalgo,True
13DFE100101/26FMDA09,"CERVECERIA MODELO, S.A. DE C.V.",INDUSTRIAL,432432.0,0.432432,61776.0,0.061776,1996-05-17,19.44333333333333,-99.18722222222225,12503.0,Anahuac Dos Lagos,Miguel Hidalgo,True,Anahuac Dos Lagos — Miguel Hidalgo,True
13DFE100101/26FMDA09,"CERVECERIA MODELO, S.A. DE C.V.",INDUSTRIAL,1844640.0,1.84464,263520.0,0.26352,1996-05-17,19.44361111111111,-99.18805555555556,12503.0,Anahuac Dos Lagos,Miguel Hidalgo,True,Anahuac Dos Lagos — Miguel Hidalgo,True
13DFE100101/26FMDA09,"CERVECERIA MODELO, S.A. DE C.V.",INDUSTRIAL,466560.0,0.46656,66651.42857142857,0.06665142857142857,1996-05-17,19.441111111111116,-99.18972222222224,12503.0,Anahuac Dos Lagos,Miguel Hidalgo,True,Anahuac Dos Lagos — Miguel Hidalgo,True
13DFE100101/26FMDA09,"CERVECERIA MODELO, S.A. DE C.V.",INDUSTRIAL,544320.0,0.54432,77760.0,0.07776,1996-05-17,19.440277777777776,-99.18805555555556,12516.0,Granada,Miguel Hidalgo,True,Granada — Miguel Hidalgo,True
13DFE100101/26FMDA09,"CERVECERIA MODELO, S.A. DE C.V.",INDUSTRIAL,2194560.0,2.19456,313508.5714285714,0.3135085714285714,1996-05-17,19.44,-99.1863888888889,12516.0,Granada,Miguel Hidalgo,True,Granada — Miguel Hidalgo,True
13DFE100101/26FMDA09,"CERVECERIA MODELO, S.A. DE C.V.",INDUSTRIAL,2557440.0,2.55744,365348.5714285714,0.3653485714285714,1996-05-17,19.44238888888889,-99.18908333333334,12503.0,Anahuac Dos Lagos,Miguel Hidalgo,True,Anahuac Dos Lagos — Miguel Hidalgo,True
13DFE100609/26FMDA09,"BRIDGESTONE DE MEXICO, S. A. DE C. V.",INDUSTRIAL,17043.0,0.017043,17043.0,0.017043,1996-10-14,19.44308333333333,-99.18336111111113,12516.0,Granada,Miguel Hidalgo,True,Granada — Miguel Hidalgo,True
13DFE100144/26FMDA09,"CERILLOS Y FOSFOROS LA IMPERIAL, S.A. DE C.V.",INDUSTRIAL,10000.0,0.01,5000.0,0.005,1996-07-04,19.45647222222222,-99.15191666666668,11815.0,Atlampa,Cuauhtemoc,False,Atlampa — Cuauhtemoc,False
13DFE100144/26FMDA09,"CERILLOS Y FOSFOROS LA IMPERIAL, S.A. DE C.V.",INDUSTRIAL,9023.0,0.009023,4511.5,0.0045115,1996-07-04,19.456666666666667,-99.10191666666668,12058.0,Nueva Tenochtitlan,Gustavo A. Madero,False,Nueva Tenochtitlan — Gustavo A. Madero,False
13DFE100125/26FMDA09,"EXTRACTOS Y MALTAS, S. A. DE C. V.",INDUSTRIAL,103116.0,0.103116,51558.0,0.051558,1995-07-28,19.49944444444445,-99.1613888888889,11420.0,Industrial Vallejo,Azcapotzalco,False,Industrial Vallejo — Azcapotzalco,False
13DFE100125/26FMDA09,"EXTRACTOS Y MALTAS, S. A. DE C. V.",INDUSTRIAL,115716.0,0.115716,57858.0,0.057858,1995-07-28,19.500555555555557,-99.1625,11420.0,Industrial Vallejo,Azcapotzalco,False,Industrial Vallejo — Azcapotzalco,False
13DFE100076/26FMOC09,"BAÑOS BOLIVAR DE MEXICO, S. A. DE C. V.",INDUSTRIAL,5055.5,0.0050555,2527.75,0.00252775,1995-07-11,19.424916666666668,-99.139,11800.0,Centro,Cuauhtemoc,False,Centro — Cuauhtemoc,False
13DFE100076/26FMOC09,"BAÑOS BOLIVAR DE MEXICO, S. A. DE C. V.",INDUSTRIAL,5055.5,0.0050555,2527.75,0.00252775,1995-07-11,19.42494444444445,-99.13902777777778,11800.0,Centro,Cuauhtemoc,False,Centro — Cuauhtemoc,False
13DFE100762/26EMDA09,"PANTEON JARDIN DE MEXICO, S.A.",SERVICIOS,1071.0,0.001071,1071.0,0.001071,1999-07-26,19.35,-99.20833333333334,11340.0,Parque Las Aguilas,Alvaro Obregon,True,Parque Las Aguilas — Alvaro Obregon,True
13DFE100073/26FMGR06,"COMPAÑÍA INDUSTRIAL DE XALOSTOC, S.A. DE C.V.",INDUSTRIAL,200000.0,0.2,200000.0,0.2,1995-03-05,19.425,-99.19722222222222,12458.0,1Ra Secc Del Bosque De Chapultepec,Miguel Hidalgo,True,1Ra Secc Del Bosque De Chapultepec — Miguel Hidalgo,True
13DFE100765/26FMGR03,"PROCTER & GAMBLE MANUFACTURA, S. DE R. L. DE C.V.",INDUSTRIAL,24450.0,0.02445,24450.0,0.02445,1999-08-02,19.503888888888888,-99.16611111111112,11420.0,Industrial Vallejo,Azcapotzalco,False,Industrial Vallejo — Azcapotzalco,False
13DFE100027/26FMGR07,"LEVADURA AZTECA, S.A. DE C.V.",INDUSTRIAL,10000.0,0.01,5000.0,0.005,1994-11-11,19.45608333333333,-99.1412777777778,11833.0,San Simon Tolnahuac,Cuauhtemoc,False,San Simon Tolnahuac — Cuauhtemoc,False
13DFE100027/26FMGR07,"LEVADURA AZTECA, S.A. DE C.V.",INDUSTRIAL,10000.0,0.01,5000.0,0.005,1994-11-11,19.455305555555555,-99.14161111111112,11832.0,Unidad Hab Nonoalco Tlatelolco,Cuauhtemoc,False,Unidad Hab Nonoalco Tlatelolco — Cuauhtemoc,False
13DFE100771/26EMDA10,INSTITUTO MEXICANO DEL SEGURO SOCIAL UNIDAD MORELOS,SERVICIOS,32510.0,0.03251,32510.0,0.03251,1999-08-30,19.49277777777778,-99.0972222222222,11965.0,Vasco De Quiroga,Gustavo A. Madero,False,Vasco De Quiroga — Gustavo A. Madero,False
13DFE100619/26FMDA10,"FAUSTO SUAREZ, S.A. DE C.V.",INDUSTRIAL,68.0,6.8e-05,68.0,6.8e-05,1996-07-04,19.49419444444445,-99.1520277777778,12008.0,Nva Industrial Vallejo,Gustavo A. Madero,False,Nva Industrial Vallejo — Gustavo A. Madero,False
13DFE100773/26FMGR99,"INDUSTRIAS ROJAS Y ASOCIADOS, S. A. DE C. V.",INDUSTRIAL,98761.0,0.098761,98761.0,0.098761,1999-08-30,19.501944444444444,-99.16361111111112,11420.0,Industrial Vallejo,Azcapotzalco,False,Industrial Vallejo — Azcapotzalco,False
13DFE100640/26FMDA11,"IAMSE, S.A.",INDUSTRIAL,548.0,0.000548,274.0,0.000274,1997-06-17,19.41483333333333,-99.12705555555554,12987.0,Lorenzo Boturini,Venustiano Carranza,False,Lorenzo Boturini — Venustiano Carranza,False
13DFE100640/26FMDA11,"IAMSE, S.A.",INDUSTRIAL,10264.0,0.010264,5132.0,0.005132,1997-06-17,19.41408333333333,-99.12702777777776,12987.0,Lorenzo Boturini,Venustiano Carranza,False,Lorenzo Boturini — Venustiano Carranza,False
13DFE100779/26FMDA11,"BAYER DE MEXICO, S.A. DE C.V.",INDUSTRIAL,3000.0,0.003,3000.0,0.003,1999-11-03,19.439722222222223,-99.20055555555555,12516.0,Granada,Miguel Hidalgo,True,Granada — Miguel Hidalgo,True
13DFE100550/26EMDA10,SECRETARIA DE HACIENDA Y CREDITO PUBLICO,SERVICIOS,65167.0,0.065167,65167.0,0.065167,1997-07-15,19.408055555555556,-99.15944444444445,11821.0,Centro Urbano Benito Juarez,Cuauhtemoc,False,Centro Urbano Benito Juarez — Cuauhtemoc,False
13DFE101136/26JMDA11,LUZ Y FUERZA DEL CENTRO,GENERACIÓN DE ENERGÍA,40000.0,0.04,40000.0,0.04,2011-09-30,19.450666666666667,-99.15030555555556,11812.0,Buenavista,Cuauhtemoc,False,Buenavista — Cuauhtemoc,False
13DFE101165/26JMDA11,LUZ Y FUERZA DEL CENTRO,GENERACIÓN DE ENERGÍA,33600.0,0.0336,33600.0,0.0336,2011-10-31,19.437166666666663,-99.1703888888889,12488.0,Tlaxpana,Miguel Hidalgo,True,Tlaxpana — Miguel Hidalgo,True
13DFE100559/26FMGR06,SERVICIO DE TRANSPORTES ELECTRICOS DEL DISTRITO FEDERAL,INDUSTRIAL,91208.0,0.091208,91208.0,0.091208,1996-04-23,19.36777777777778,-99.13388888888888,12241.0,San Andres Tetepilco,Iztapalapa,False,San Andres Tetepilco — Iztapalapa,False
13DFE100556/26FMDA11,"CIGARROS LA TABACALERA MEXICANA, S.DE R.L. DE C.V.",INDUSTRIAL,3700.0,0.0037,3700.0,0.0037,1996-05-16,19.48805555555556,-99.20883333333332,11459.0,San Pedro Xalpa,Azcapotzalco,False,San Pedro Xalpa — Azcapotzalco,False
13DFE101154/26FMDA11,SECRETARIA DE MEDIO AMBIENTE Y RECURSOS NATURALES,INDUSTRIAL,70064.0,0.070064,70064.0,0.070064,2012-05-15,19.470277777777778,-99.19305555555556,12466.0,Refineria 18 De Marzo,Miguel Hidalgo,True,Refineria 18 De Marzo — Miguel Hidalgo,True
13DFE100084/26FMDA11,"ACEITES Y JABONES, S.A. DE C.V.",INDUSTRIAL,12399.0,0.012399,12399.0,0.012399,1995-03-09,19.473888888888887,-99.10583333333332,11977.0,Santa Coleta,Gustavo A. Madero,False,Santa Coleta — Gustavo A. Madero,False
13DFE100134/26FMDA11,COLGATE PALMOLIVE S.A. DE C.V.,INDUSTRIAL,274626.0,0.274626,91542.0,0.091542,1995-11-06,19.45,-99.20833333333334,12505.0,Panteon Frances,Miguel Hidalgo,True,Panteon Frances — Miguel Hidalgo,True
13DFE100134/26FMDA11,COLGATE PALMOLIVE S.A. DE C.V.,INDUSTRIAL,289080.0,0.28908,96360.0,0.09636,1995-11-06,19.450277777777774,-99.20833333333334,12505.0,Panteon Frances,Miguel Hidalgo,True,Panteon Frances — Miguel Hidalgo,True
13DFE100134/26FMDA11,COLGATE PALMOLIVE S.A. DE C.V.,INDUSTRIAL,330000.0,0.33,110000.0,0.11,1995-11-06,19.45,-99.20861111111113,12505.0,Panteon Frances,Miguel Hidalgo,True,Panteon Frances — Miguel Hidalgo,True
13DFE101106/26EMDA11,INSTITUTO MEXICANO DEL SEGURO SOCIAL,SERVICIOS,400000.0,0.4,400000.0,0.4,2009-04-13,19.309722222222224,-99.12833333333332,11722.0,Los Girasoles Iii,Coyoacan,False,Los Girasoles Iii — Coyoacan,False
13DFE101181/26EMDA12,"INMUEBLES GENERAL, S.A DE C.V.",SERVICIOS,287000.0,0.287,287000.0,0.287,2012-03-22,19.442222222222224,-99.20472222222224,12517.0,Ampl Granada,Miguel Hidalgo,True,Ampl Granada — Miguel Hidalgo,True
13DFE100171/26FMDA12,"PROCTER & GAMBLE, MANUFACTURA S. DE R.L. DE C.V.",INDUSTRIAL,30000.0,0.03,30000.0,0.03,1995-11-15,19.475555555555555,-99.10833333333332,11977.0,Santa Coleta,Gustavo A. Madero,False,Santa Coleta — Gustavo A. Madero,False
13DFE101084/26FMDA13,"BAYER DE MÉXICO, S.A. DE C.V.",INDUSTRIAL,40000.0,0.04,40000.0,0.04,2013-04-30,19.44083333333333,-99.20166666666668,12516.0,Granada,Miguel Hidalgo,True,Granada — Miguel Hidalgo,True
13DFE100693/26FMGR01,"LEVADURA AZTECA, S. A. DE C. V.",INDUSTRIAL,203800.0,0.2038,67933.33333333333,0.06793333333333333,1997-06-14,19.440277777777776,-99.20138888888889,12516.0,Granada,Miguel Hidalgo,True,Granada — Miguel Hidalgo,True
13DFE100693/26FMGR01,"LEVADURA AZTECA, S. A. DE C. V.",INDUSTRIAL,213800.0,0.2138,71266.66666666667,0.07126666666666667,1997-06-14,19.440277777777776,-99.20111111111112,12516.0,Granada,Miguel Hidalgo,True,Granada — Miguel Hidalgo,True
13DFE100693/26FMGR01,"LEVADURA AZTECA, S. A. DE C. V.",INDUSTRIAL,164800.0,0.1648,54933.333333333336,0.054933333333333334,1997-06-14,19.440555555555555,-99.20166666666668,12516.0,Granada,Miguel Hidalgo,True,Granada — Miguel Hidalgo,True
13DFE100727/26EMGR00,I. M. S. S. CENTRO MEDICO NACIONAL LA RAZA(CENTRAL DE SERVICIOS),SERVICIOS,3500.0,0.0035,3500.0,0.0035,2000-08-02,19.46472222222222,-99.14444444444445,11492.0,La Raza,Azcapotzalco,False,La Raza — Azcapotzalco,False
13DFE101037/26FMOC07,"LEVADURA AZTECA, S. A. DE C.V.",INDUSTRIAL,15000.0,0.015,7500.0,0.0075,2007-06-11,19.45608333333333,-99.1412777777778,11833.0,San Simon Tolnahuac,Cuauhtemoc,False,San Simon Tolnahuac — Cuauhtemoc,False
13DFE101037/26FMOC07,"LEVADURA AZTECA, S. A. DE C.V.",INDUSTRIAL,15000.0,0.015,7500.0,0.0075,2007-06-11,19.455305555555555,-99.14161111111112,11832.0,Unidad Hab Nonoalco Tlatelolco,Cuauhtemoc,False,Unidad Hab Nonoalco Tlatelolco — Cuauhtemoc,False
13DFE100638/26EPDA14,"ASOCIACION FRANCO MEXICANA SUIZA Y BELGA DE BENEFICIENCIA, I. A. P./PANTEON FRANCES",SERVICIOS,411.5,0.0004115,411.5,0.0004115,1998-01-20,19.40694444444444,-99.15305555555555,11820.0,Doctores,Cuauhtemoc,False,Doctores — Cuauhtemoc,False
13DFE100547/26FMDA11,"PROCTER & GAMBLE MANUFACTURA, S. DE R.L. DE C.V.",INDUSTRIAL,33467.0,0.033467,16733.5,0.0167335,1996-05-06,19.475555555555555,-99.10833333333332,11977.0,Santa Coleta,Gustavo A. Madero,False,Santa Coleta — Gustavo A. Madero,False
13DFE100547/26FMDA11,"PROCTER & GAMBLE MANUFACTURA, S. DE R.L. DE C.V.",INDUSTRIAL,350000.0,0.35,175000.0,0.175,1996-05-06,19.47583333333333,-99.11055555555556,11977.0,Santa Coleta,Gustavo A. Madero,False,Santa Coleta — Gustavo A. Madero,False
13DFE100591/26EMOC07,"INMUEBLES E INVERSIONES, S. A.",SERVICIOS,411.0,0.000411,411.0,0.000411,1997-06-03,19.34722222222222,-99.20138888888889,11075.0,Altavista,Alvaro Obregon,True,Altavista — Alvaro Obregon,True
13DFE100599/26EMGR06,"UNIVERSIDAD TECNOLOGICA DE MEXICO, S. C.",SERVICIOS,22487.0,0.022487,22487.0,0.022487,1996-06-20,19.35555555555556,-99.1175,12334.0,Granjas Esmeralda,Iztapalapa,False,Granjas Esmeralda — Iztapalapa,False
5DFE100003/26FMGR94,MANUEL MUÑOS MUÑOS /BAÑOS RIVIERA,INDUSTRIAL,37000.0,0.037,18500.0,0.0185,1994-06-23,19.39527777777778,-99.13666666666668,11519.0,Moderna,Benito Juarez,False,Moderna — Benito Juarez,False
5DFE100003/26FMGR94,MANUEL MUÑOS MUÑOS /BAÑOS RIVIERA,INDUSTRIAL,97200.0,0.0972,48600.0,0.0486,1994-06-23,19.37444444444445,-99.18722222222225,11546.0,Mixcoac,Benito Juarez,False,Mixcoac — Benito Juarez,False
5DFE100636/26EMGR96,MANUEL SIEIRO CASTRO/BAÑOS CHOPO,SERVICIOS,1126.0,0.001126,1126.0,0.001126,1997-02-07,19.448611111111116,-99.1527777777778,11813.0,Santa Maria La Ribera,Cuauhtemoc,False,Santa Maria La Ribera — Cuauhtemoc,False
13DFE100717/26EMGR98,MARIA DE LA PAZ GARCIA POSADA,SERVICIOS,2800.0,0.0028,2800.0,0.0028,1998-08-25,19.45722222222222,-99.12472222222222,11807.0,Valle Gomez,Cuauhtemoc,False,Valle Gomez — Cuauhtemoc,False
13DFE100730/26EMGR98,JUAN XOLALPA JIMENEZ,SERVICIOS,64260.0,0.06426,64260.0,0.06426,1998-12-23,19.45,-99.11388888888888,12937.0,2Do Tramo 20 De Noviembre,Venustiano Carranza,False,2Do Tramo 20 De Noviembre — Venustiano Carranza,False
13DFE100770/26FMGR99,"PLUS GRUPO INMOBILIARIO, S. A.DE C. V.",INDUSTRIAL,145000.0,0.145,145000.0,0.145,1999-08-30,19.47277777777777,-99.18944444444443,11391.0,Angel Zimbron,Azcapotzalco,False,Angel Zimbron — Azcapotzalco,False
5DFE100133/26FMGR95,"EL DUERO, S.A. DE C.V.",INDUSTRIAL,12528.0,0.012528,12528.0,0.012528,1995-09-07,19.4375,-99.20555555555556,12519.0,Los Morales Secc Palmas,Miguel Hidalgo,True,Los Morales Secc Palmas — Miguel Hidalgo,True
5DFE100578/26FMGR96,"INMOBILIARIA INDUSTRIMEX, S. A. DE C.V.",INDUSTRIAL,9102.0,0.009102,9102.0,0.009102,1996-04-23,19.40361111111111,-99.07666666666668,12116.0,Agricola Oriental,Iztacalco,False,Agricola Oriental — Iztacalco,False
5DFE100657/26EMGR96,SECRETARIA DE COMUNICACIONES Y TRANSPORTES,SERVICIOS,3000.0,0.003,3000.0,0.003,1996-10-24,19.39638888888889,-99.14583333333334,11513.0,Alamos,Benito Juarez,False,Alamos — Benito Juarez,False
13DFE100042/26EMDA09,"CLUB CAMPESTRE DE LA CIUDAD DE MEXICO, S. A. DE C. V.",SERVICIOS,22880.0,0.02288,11440.0,0.01144,1995-05-31,19.346944444444443,-99.14333333333336,11569.0,Country Club,Coyoacan,False,Country Club — Coyoacan,False
13DFE100042/26EMDA09,"CLUB CAMPESTRE DE LA CIUDAD DE MEXICO, S. A. DE C. V.",SERVICIOS,22900.0,0.0229,11450.0,0.01145,1995-05-31,19.346666666666664,-99.1438888888889,11569.0,Country Club,Coyoacan,False,Country Club — Coyoacan,False
13DFE100309/26HMGC18,SISTEMA DE AGUAS DE LA CIUDAD DE MEXICO,PÚBLICO URBANO,630720.0,0.63072,1157.2844036697247,0.0011572844036697248,1996-06-28,19.3025,-99.17194444444443,11686.0,Santa Ursula,Coyoacan,False,Santa Ursula — Coyoacan,False
13DFE100309/26HMGC18,SISTEMA DE AGUAS DE LA CIUDAD DE MEXICO,PÚBLICO URBANO,1608336.0,1.608336,2951.075229357798,0.002951075229357798,1996-06-28,19.279,-99.14152777777778,12874.0,Colinas Del Bosque,Tlalpan,False,Colinas Del Bosque — Tlalpan,False
13DFE100309/26HMGC18,SISTEMA DE AGUAS DE LA CIUDAD DE MEXICO,PÚBLICO URBANO,1040688.0,1.040688,1909.5192660550458,0.0019095192660550458,1996-06-28,19.296472222222224,-99.19522222222224,12691.0,Villa Charra Del Pedregal,Tlalpan,False,Villa Charra Del Pedregal — Tlalpan,False
13DFE100309/26HMGC18,SISTEMA DE AGUAS DE LA CIUDAD DE MEXICO,PÚBLICO URBANO,536112.0,0.536112,983.6917431192661,0.000983691743119266,1996-06-28,19.29427777777778,-99.19547222222222,12745.0,Bosque De Tlalpan,Tlalpan,False,Bosque De Tlalpan — Tlalpan,False
13DFE100309/26HMGC18,SISTEMA DE AGUAS DE LA CIUDAD DE MEXICO,PÚBLICO URBANO,756864.0,0.756864,1388.7412844036696,0.0013887412844036696,1996-06-28,19.305027777777777,-99.20636111111112,12732.0,Jardines En La MontaãA,Tlalpan,False,Jardines En La MontaãA — Tlalpan,False
13DFE100309/26HMGC18,SISTEMA DE AGUAS DE LA CIUDAD DE MEXICO,PÚBLICO URBANO,1229904.0,1.229904,2256.7045871559635,0.0022567045871559636,1996-06-28,19.303166666666662,-99.23127777777778,12724.0,Fuentes Del Pedregal,Tlalpan,False,Fuentes Del Pedregal — Tlalpan,False
13DFE100309/26HMGC18,SISTEMA DE AGUAS DE LA CIUDAD DE MEXICO,PÚBLICO URBANO,504576.0,0.504576,925.8275229357798,0.0009258275229357798,1996-06-28,19.303583333333336,-99.17822222222225,11690.0,Conjunto Hab Pedregal De Carrasco,Coyoacan,False,Conjunto Hab Pedregal De Carrasco — Coyoacan,False
13DFE100309/26HMGC18,SISTEMA DE AGUAS DE LA CIUDAD DE MEXICO,PÚBLICO URBANO,2239056.0,2.239056,4108.359633027523,0.004108359633027523,1996-06-28,19.302611111111112,-99.1901388888889,11664.0,Ampl Insurgentes Cuicuilco,Coyoacan,False,Ampl Insurgentes Cuicuilco — Coyoacan,False
13DFE100309/26HMGC18,SISTEMA DE AGUAS DE LA CIUDAD DE MEXICO,PÚBLICO URBANO,1702944.0,1.702944,3124.6678899082567,0.0031246678899082567,1996-06-28,19.30255555555556,-99.19336111111112,11663.0,Jardines Del Pedregal De San Angel,Coyoacan,False,Jardines Del Pedregal De San Angel — Coyoacan,False
13DFE100309/26HMGC18,SISTEMA DE AGUAS DE LA CIUDAD DE MEXICO,PÚBLICO URBANO,1040688.0,1.040688,1909.5192660550458,0.0019095192660550458,1996-06-28,19.307166666666667,-99.21308333333332,11371.0,Jardines Del Pedregal,Alvaro Obregon,True,Jardines Del Pedregal — Alvaro Obregon,True
13DFE100309/26HMGC18,SISTEMA DE AGUAS DE LA CIUDAD DE MEXICO,PÚBLICO URBANO,1229904.0,1.229904,2256.7045871559635,0.0022567045871559636,1996-06-28,19.31230555555556,-99.16980555555556,11579.0,Ajusco,Coyoacan,False,Ajusco — Coyoacan,False
13DFE100309/26HMGC18,SISTEMA DE AGUAS DE LA CIUDAD DE MEXICO,PÚBLICO URBANO,946080.0,0.94608,1735.926605504587,0.001735926605504587,1996-06-28,19.330305555555555,-99.16277777777778,11629.0,Pedregal De Santo Domingo,Coyoacan,False,Pedregal De Santo Domingo — Coyoacan,False
13DFE100309/26HMGC18,SISTEMA DE AGUAS DE LA CIUDAD DE MEXICO,PÚBLICO URBANO,1009152.0,1.009152,1851.6550458715597,0.0018516550458715596,1996-06-28,19.29077777777778,-99.16130555555556,12710.0,Belisario Dominguez Seccion Xvi,Tlalpan,False,Belisario Dominguez Seccion Xvi — Tlalpan,False
13DFE100309/26HMGC18,SISTEMA DE AGUAS DE LA CIUDAD DE MEXICO,PÚBLICO URBANO,536112.0,0.536112,983.6917431192661,0.000983691743119266,1996-06-28,19.27211111111111,-99.15941666666669,12882.0,Unid Hab Fovissste San Pedro Martir,Tlalpan,False,Unid Hab Fovissste San Pedro Martir — Tlalpan,False
13DFE100309/26HMGC18,SISTEMA DE AGUAS DE LA CIUDAD DE MEXICO,PÚBLICO URBANO,2775168.0,2.775168,5092.051376146789,0.005092051376146789,1996-06-28,19.296916666666668,-99.12505555555556,12758.0,Real Del Sur,Tlalpan,False,Real Del Sur — Tlalpan,False
13DFE100309/26HMGC18,SISTEMA DE AGUAS DE LA CIUDAD DE MEXICO,PÚBLICO URBANO,2239056.0,2.239056,4108.359633027523,0.004108359633027523,1996-06-28,19.29605555555556,-99.10805555555557,12774.0,Granjas Coapa,Tlalpan,False,Granjas Coapa — Tlalpan,False
13DFE100309/26HMGC18,SISTEMA DE AGUAS DE LA CIUDAD DE MEXICO,PÚBLICO URBANO,2239056.0,2.239056,4108.359633027523,0.004108359633027523,1996-06-28,19.30669444444445,-99.12405555555554,11724.0,Los Girasoles Ii,Coyoacan,False,Los Girasoles Ii — Coyoacan,False
13DFE100309/26HMGC18,SISTEMA DE AGUAS DE LA CIUDAD DE MEXICO,PÚBLICO URBANO,2112912.0,2.112912,3876.902752293578,0.003876902752293578,1996-06-28,19.31419444444445,-99.11972222222222,11701.0,Conj Hab Alianza Pop Revolucionaria04800,Coyoacan,False,Conj Hab Alianza Pop Revolucionaria04800 — Coyoacan,False
13DFE100309/26HMGC18,SISTEMA DE AGUAS DE LA CIUDAD DE MEXICO,PÚBLICO URBANO,567648.0,0.567648,1041.5559633027524,0.0010415559633027525,1996-06-28,19.281888888888886,-99.17433333333334,12846.0,Unidad Hab Res Insurgentes Sur,Tlalpan,False,Unidad Hab Res Insurgentes Sur — Tlalpan,False
13DFE100309/26HMGC18,SISTEMA DE AGUAS DE LA CIUDAD DE MEXICO,PÚBLICO URBANO,630720.0,0.63072,1157.2844036697247,0.0011572844036697248,1996-06-28,19.22127777777777,-99.11794444444445,13153.0,Santa Cruz De Guadalupe,Xochimilco,False,Santa Cruz De Guadalupe — Xochimilco,False
13DFE100309/26HMGC18,SISTEMA DE AGUAS DE LA CIUDAD DE MEXICO,PÚBLICO URBANO,378432.0,0.378432,694.3706422018348,0.0006943706422018348,1996-06-28,19.218444444444444,-99.1185,13154.0,San Juan De Los Lagos,Xochimilco,False,San Juan De Los Lagos — Xochimilco,False
13DFE100309/26HMGC18,SISTEMA DE AGUAS DE LA CIUDAD DE MEXICO,PÚBLICO URBANO,977616.0,0.977616,1793.7908256880735,0.0017937908256880734,1996-06-28,19.310305555555555,-99.222,12724.0,Fuentes Del Pedregal,Tlalpan,False,Fuentes Del Pedregal — Tlalpan,False
13DFE100309/26HMGC18,SISTEMA DE AGUAS DE LA CIUDAD DE MEXICO,PÚBLICO URBANO,946080.0,0.94608,1735.926605504587,0.001735926605504587,1996-06-28,19.30638888888889,-99.22361111111113,12724.0,Fuentes Del Pedregal,Tlalpan,False,Fuentes Del Pedregal — Tlalpan,False
13DFE100309/26HMGC18,SISTEMA DE AGUAS DE LA CIUDAD DE MEXICO,PÚBLICO URBANO,1040688.0,1.040688,1909.5192660550458,0.0019095192660550458,1996-06-28,19.308111111111117,-99.21775,12723.0,Unidad Hab Pemex,Tlalpan,False,Unidad Hab Pemex — Tlalpan,False
13DFE100309/26HMGC18,SISTEMA DE AGUAS DE LA CIUDAD DE MEXICO,PÚBLICO URBANO,662256.0,0.662256,1215.1486238532111,0.0012151486238532112,1996-06-28,19.315527777777778,-99.22113888888887,12441.0,Heroes De Padierna,La Magdalena Contreras,True,Heroes De Padierna — La Magdalena Contreras,True
13DFE100309/26HMGC18,SISTEMA DE AGUAS DE LA CIUDAD DE MEXICO,PÚBLICO URBANO,914544.0,0.914544,1678.062385321101,0.001678062385321101,1996-06-28,19.302222222222223,-99.21061111111112,12732.0,Jardines En La MontaãA,Tlalpan,False,Jardines En La MontaãA — Tlalpan,False
13DFE100309/26HMGC18,SISTEMA DE AGUAS DE LA CIUDAD DE MEXICO,PÚBLICO URBANO,662256.0,0.662256,1215.1486238532111,0.0012151486238532112,1996-06-28,19.30063888888889,-99.21925,12729.0,Emilio Portes Gil,Tlalpan,False,Emilio Portes Gil — Tlalpan,False
13DFE100309/26HMGC18,SISTEMA DE AGUAS DE LA CIUDAD DE MEXICO,PÚBLICO URBANO,1450656.0,1.450656,2661.754128440367,0.002661754128440367,1996-06-28,19.308972222222224,-99.17141666666669,11690.0,Conjunto Hab Pedregal De Carrasco,Coyoacan,False,Conjunto Hab Pedregal De Carrasco — Coyoacan,False
13DFE100309/26HMGC18,SISTEMA DE AGUAS DE LA CIUDAD DE MEXICO,PÚBLICO URBANO,788400.0,0.7884,1446.605504587156,0.001446605504587156,1996-06-28,19.27133333333333,-99.1701388888889,12887.0,San Pedro Martir,Tlalpan,False,San Pedro Martir — Tlalpan,False
13DFE100309/26HMGC18,SISTEMA DE AGUAS DE LA CIUDAD DE MEXICO,PÚBLICO URBANO,1261440.0,1.26144,2314.5688073394494,0.0023145688073394496,1996-06-28,19.34,-99.12388888888889,11578.0,Unidad Hab TaxqueãA,Coyoacan,False,Unidad Hab TaxqueãA — Coyoacan,False
13DFE100309/26HMGC18,SISTEMA DE AGUAS DE LA CIUDAD DE MEXICO,PÚBLICO URBANO,1513728.0,1.513728,2777.4825688073392,0.0027774825688073393,1996-06-28,19.33838888888889,-99.18925,11626.0,Ciudad Universitaria,Coyoacan,False,Ciudad Universitaria — Coyoacan,False
13DFE100309/26HMGC18,SISTEMA DE AGUAS DE LA CIUDAD DE MEXICO,PÚBLICO URBANO,788400.0,0.7884,1446.605504587156,0.001446605504587156,1996-06-28,19.27213888888889,-99.17375,12848.0,Tlalcoligia,Tlalpan,False,Tlalcoligia — Tlalpan,False
13DFE100309/26HMGC18,SISTEMA DE AGUAS DE LA CIUDAD DE MEXICO,PÚBLICO URBANO,1545264.0,1.545264,2835.3467889908256,0.0028353467889908257,1996-06-28,19.28383333333333,-99.16122222222222,12879.0,Fracc San Buenaventura,Tlalpan,False,Fracc San Buenaventura — Tlalpan,False
13DFE100309/26HMGC18,SISTEMA DE AGUAS DE LA CIUDAD DE MEXICO,PÚBLICO URBANO,914544.0,0.914544,1678.062385321101,0.001678062385321101,1996-06-28,19.281166666666667,-99.16308333333332,12878.0,Unidad Hab Issfam,Tlalpan,False,Unidad Hab Issfam — Tlalpan,False
13DFE100309/26HMGC18,SISTEMA DE AGUAS DE LA CIUDAD DE MEXICO,PÚBLICO URBANO,1513728.0,1.513728,2777.4825688073392,0.0027774825688073393,1996-06-28,19.32488888888889,-99.15994444444443,11579.0,Ajusco,Coyoacan,False,Ajusco — Coyoacan,False
13DFE100309/26HMGC18,SISTEMA DE AGUAS DE LA CIUDAD DE MEXICO,PÚBLICO URBANO,2144448.0,2.144448,3934.7669724770644,0.003934766972477064,1996-06-28,19.294722222222223,-99.10111111111112,13040.0,Parque Ecologico De Xochimilco,Xochimilco,False,Parque Ecologico De Xochimilco — Xochimilco,False
13DFE100309/26HMGC18,SISTEMA DE AGUAS DE LA CIUDAD DE MEXICO,PÚBLICO URBANO,2302128.0,2.302128,4224.088073394495,0.004224088073394495,1996-06-28,19.28516666666667,-99.14686111111112,12808.0,Guadalupe,Tlalpan,False,Guadalupe — Tlalpan,False
13DFE100309/26HMGC18,SISTEMA DE AGUAS DE LA CIUDAD DE MEXICO,PÚBLICO URBANO,1860624.0,1.860624,3413.9889908256882,0.003413988990825688,1996-06-28,19.288027777777778,-99.1493888888889,12809.0,Arenal De Guadalupe,Tlalpan,False,Arenal De Guadalupe — Tlalpan,False
13DFE100309/26HMGC18,SISTEMA DE AGUAS DE LA CIUDAD DE MEXICO,PÚBLICO URBANO,2554416.0,2.554416,4687.001834862385,0.0046870018348623855,1996-06-28,19.29188888888889,-99.1526388888889,12795.0,San Lorenzo Huipulco,Tlalpan,False,San Lorenzo Huipulco — Tlalpan,False
13DFE100309/26HMGC18,SISTEMA DE AGUAS DE LA CIUDAD DE MEXICO,PÚBLICO URBANO,756864.0,0.756864,1388.7412844036696,0.0013887412844036696,1996-06-28,19.296277777777775,-99.15586111111112,12702.0,Toriello Guerra,Tlalpan,False,Toriello Guerra — Tlalpan,False
13DFE100309/26HMGC18,SISTEMA DE AGUAS DE LA CIUDAD DE MEXICO,PÚBLICO URBANO,1766016.0,1.766016,3240.3963302752295,0.0032403963302752295,1996-06-28,19.24416666666667,-99.00219444444444,12657.0,San Agustin,Tlahuac,False,San Agustin — Tlahuac,False
13DFE100309/26HMGC18,SISTEMA DE AGUAS DE LA CIUDAD DE MEXICO,PÚBLICO URBANO,2207520.0,2.20752,4050.4954128440368,0.004050495412844037,1996-06-28,19.30125,-99.1,13040.0,Parque Ecologico De Xochimilco,Xochimilco,False,Parque Ecologico De Xochimilco — Xochimilco,False
13DFE100309/26HMGC18,SISTEMA DE AGUAS DE LA CIUDAD DE MEXICO,PÚBLICO URBANO,1860624.0,1.860624,3413.9889908256882,0.003413988990825688,1996-06-28,19.31225,-99.09694444444445,13040.0,Parque Ecologico De Xochimilco,Xochimilco,False,Parque Ecologico De Xochimilco — Xochimilco,False
13DFE100309/26HMGC18,SISTEMA DE AGUAS DE LA CIUDAD DE MEXICO,PÚBLICO URBANO,1421280.0,1.42128,2607.853211009174,0.0026078532110091744,1996-06-28,19.28405555555556,-99.14491666666667,12808.0,Guadalupe,Tlalpan,False,Guadalupe — Tlalpan,False
13DFE100309/26HMGC18,SISTEMA DE AGUAS DE LA CIUDAD DE MEXICO,PÚBLICO URBANO,3090528.0,3.090528,5670.693577981651,0.005670693577981651,1996-06-28,19.247972222222224,-99.00525,12663.0,Zona Rustica,Tlahuac,False,Zona Rustica — Tlahuac,False
13DFE100309/26HMGC18,SISTEMA DE AGUAS DE LA CIUDAD DE MEXICO,PÚBLICO URBANO,2239056.0,2.239056,4108.359633027523,0.004108359633027523,1996-06-28,19.248944444444444,-99.00755555555556,13139.0,Santa Maria De Los Olivos,Tlahuac,False,Santa Maria De Los Olivos — Tlahuac,False
13DFE100309/26HMGC18,SISTEMA DE AGUAS DE LA CIUDAD DE MEXICO,PÚBLICO URBANO,2081376.0,2.081376,3819.0385321100916,0.0038190385321100915,1996-06-28,19.285861111111117,-99.12402777777775,12816.0,Residencial Villa Coapa Super Manzana 4,Tlalpan,False,Residencial Villa Coapa Super Manzana 4 — Tlalpan,False
13DFE100309/26HMGC18,SISTEMA DE AGUAS DE LA CIUDAD DE MEXICO,PÚBLICO URBANO,2333664.0,2.333664,4281.952293577981,0.004281952293577982,1996-06-28,19.250833333333333,-99.01308333333331,13135.0,Cristo Rey,Xochimilco,False,Cristo Rey — Xochimilco,False
13DFE100309/26HMGC18,SISTEMA DE AGUAS DE LA CIUDAD DE MEXICO,PÚBLICO URBANO,788400.0,0.7884,1446.605504587156,0.001446605504587156,1996-06-28,19.252111111111116,-99.01736111111111,13133.0,San Felipe De Jesus,Xochimilco,False,San Felipe De Jesus — Xochimilco,False
13DFE100309/26HMGC18,SISTEMA DE AGUAS DE LA CIUDAD DE MEXICO,PÚBLICO URBANO,1292976.0,1.292976,2372.433027522936,0.002372433027522936,1996-06-28,19.29266666666667,-99.148,12795.0,San Lorenzo Huipulco,Tlalpan,False,San Lorenzo Huipulco — Tlalpan,False
13DFE100309/26HMGC18,SISTEMA DE AGUAS DE LA CIUDAD DE MEXICO,PÚBLICO URBANO,599184.0,0.599184,1099.4201834862386,0.0010994201834862386,1996-06-28,19.29583333333333,-99.14647222222224,12795.0,San Lorenzo Huipulco,Tlalpan,False,San Lorenzo Huipulco — Tlalpan,False
13DFE100309/26HMGC18,SISTEMA DE AGUAS DE LA CIUDAD DE MEXICO,PÚBLICO URBANO,1229904.0,1.229904,2256.7045871559635,0.0022567045871559636,1996-06-28,19.301944444444445,-99.14516666666668,11735.0,Viejo Ejido Santa Ursula Coapa,Coyoacan,False,Viejo Ejido Santa Ursula Coapa — Coyoacan,False
13DFE100309/26HMGC18,SISTEMA DE AGUAS DE LA CIUDAD DE MEXICO,PÚBLICO URBANO,1261440.0,1.26144,2314.5688073394494,0.0023145688073394496,1996-06-28,19.299277777777775,-99.15744444444444,11695.0,Cantil Del Pedregal,Coyoacan,False,Cantil Del Pedregal — Coyoacan,False
13DFE100309/26HMGC18,SISTEMA DE AGUAS DE LA CIUDAD DE MEXICO,PÚBLICO URBANO,725328.0,0.725328,1330.8770642201835,0.0013308770642201835,1996-06-28,19.30138888888889,-99.16202777777778,11698.0,El Caracol,Coyoacan,False,El Caracol — Coyoacan,False
13DFE100309/26HMGC18,SISTEMA DE AGUAS DE LA CIUDAD DE MEXICO,PÚBLICO URBANO,1639872.0,1.639872,3008.9394495412844,0.0030089394495412844,1996-06-28,19.308611111111112,-99.165,11697.0,Modulo Social Iman,Coyoacan,False,Modulo Social Iman — Coyoacan,False
13DFE100309/26HMGC18,SISTEMA DE AGUAS DE LA CIUDAD DE MEXICO,PÚBLICO URBANO,1009152.0,1.009152,1851.6550458715597,0.0018516550458715596,1996-06-28,19.301666666666662,-99.09027777777776,13040.0,Parque Ecologico De Xochimilco,Xochimilco,False,Parque Ecologico De Xochimilco — Xochimilco,False
13DFE100309/26HMGC18,SISTEMA DE AGUAS DE LA CIUDAD DE MEXICO,PÚBLICO URBANO,2207520.0,2.20752,4050.4954128440368,0.004050495412844037,1996-06-28,19.285111111111117,-99.06919444444443,12403.0,Cooperativa Allapetlalli,Iztapalapa,False,Cooperativa Allapetlalli — Iztapalapa,False
13DFE100309/26HMGC18,SISTEMA DE AGUAS DE LA CIUDAD DE MEXICO,PÚBLICO URBANO,1419120.0,1.41912,2603.8899082568805,0.0026038899082568806,1996-06-28,19.29694444444445,-99.08111111111111,13039.0,La Cienega Chica,Xochimilco,False,La Cienega Chica — Xochimilco,False
13DFE100309/26HMGC18,SISTEMA DE AGUAS DE LA CIUDAD DE MEXICO,PÚBLICO URBANO,2396736.0,2.396736,4397.680733944954,0.0043976807339449545,1996-06-28,19.300444444444445,-99.08391666666668,13039.0,La Cienega Chica,Xochimilco,False,La Cienega Chica — Xochimilco,False
13DFE100309/26HMGC18,SISTEMA DE AGUAS DE LA CIUDAD DE MEXICO,PÚBLICO URBANO,1734480.0,1.73448,3182.532110091743,0.003182532110091743,1996-06-28,19.30611111111111,-99.0886111111111,12385.0,Triangulo De Las Agujas,Iztapalapa,False,Triangulo De Las Agujas — Iztapalapa,False
13DFE100309/26HMGC18,SISTEMA DE AGUAS DE LA CIUDAD DE MEXICO,PÚBLICO URBANO,1576800.0,1.5768,2893.211009174312,0.002893211009174312,1996-06-28,19.30888888888889,-99.09086111111112,12385.0,Triangulo De Las Agujas,Iztapalapa,False,Triangulo De Las Agujas — Iztapalapa,False
13DFE100309/26HMGC18,SISTEMA DE AGUAS DE LA CIUDAD DE MEXICO,PÚBLICO URBANO,819936.0,0.819936,1504.4697247706422,0.0015044697247706422,1996-06-28,19.311111111111117,-99.09305555555557,13040.0,Parque Ecologico De Xochimilco,Xochimilco,False,Parque Ecologico De Xochimilco — Xochimilco,False
13DFE100309/26HMGC18,SISTEMA DE AGUAS DE LA CIUDAD DE MEXICO,PÚBLICO URBANO,1009152.0,1.009152,1851.6550458715597,0.0018516550458715596,1996-06-28,19.28638888888889,-99.13722222222223,12806.0,Rancho Los Colorines,Tlalpan,False,Rancho Los Colorines — Tlalpan,False
13DFE100309/26HMGC18,SISTEMA DE AGUAS DE LA CIUDAD DE MEXICO,PÚBLICO URBANO,1576800.0,1.5768,2893.211009174312,0.002893211009174312,1996-06-28,19.31888888888889,-99.12433333333333,11699.0,Ex Ejido San Pablo Tepetlapa,Coyoacan,False,Ex Ejido San Pablo Tepetlapa — Coyoacan,False
13DFE100309/26HMGC18,SISTEMA DE AGUAS DE LA CIUDAD DE MEXICO,PÚBLICO URBANO,914544.0,0.914544,1678.062385321101,0.001678062385321101,1996-06-28,19.335833333333333,-99.07583333333334,12353.0,Unidad Hab Fovissste San Juan,Iztapalapa,False,Unidad Hab Fovissste San Juan — Iztapalapa,False
13DFE100309/26HMGC18,SISTEMA DE AGUAS DE LA CIUDAD DE MEXICO,PÚBLICO URBANO,1356048.0,1.356048,2488.161467889908,0.0024881614678899083,1996-06-28,19.332472222222226,-99.14027777777778,11648.0,Avante,Coyoacan,False,Avante — Coyoacan,False
13DFE100309/26HMGC18,SISTEMA DE AGUAS DE LA CIUDAD DE MEXICO,PÚBLICO URBANO,1545264.0,1.545264,2835.3467889908256,0.0028353467889908257,1996-06-28,19.33175,-99.1352777777778,11648.0,Avante,Coyoacan,False,Avante — Coyoacan,False
13DFE100309/26HMGC18,SISTEMA DE AGUAS DE LA CIUDAD DE MEXICO,PÚBLICO URBANO,1545264.0,1.545264,2835.3467889908256,0.0028353467889908257,1996-06-28,19.328388888888888,-99.13791666666668,11648.0,Avante,Coyoacan,False,Avante — Coyoacan,False
13DFE100309/26HMGC18,SISTEMA DE AGUAS DE LA CIUDAD DE MEXICO,PÚBLICO URBANO,536112.0,0.536112,983.6917431192661,0.000983691743119266,1996-06-28,19.33013888888889,-99.1366388888889,11648.0,Avante,Coyoacan,False,Avante — Coyoacan,False
13DFE100309/26HMGC18,SISTEMA DE AGUAS DE LA CIUDAD DE MEXICO,PÚBLICO URBANO,693792.0,0.693792,1273.0128440366973,0.0012730128440366973,1996-06-28,19.330027777777776,-99.13394444444444,11648.0,Avante,Coyoacan,False,Avante — Coyoacan,False
13DFE100309/26HMGC18,SISTEMA DE AGUAS DE LA CIUDAD DE MEXICO,PÚBLICO URBANO,693792.0,0.693792,1273.0128440366973,0.0012730128440366973,1996-06-28,19.364500000000003,-99.17444444444445,11505.0,Acacias,Benito Juarez,False,Acacias — Benito Juarez,False
13DFE100309/26HMGC18,SISTEMA DE AGUAS DE LA CIUDAD DE MEXICO,PÚBLICO URBANO,788400.0,0.7884,1446.605504587156,0.001446605504587156,1996-06-28,19.307222222222222,-99.15805555555556,11668.0,Pedregal Santa Ursula,Coyoacan,False,Pedregal Santa Ursula — Coyoacan,False
13DFE100309/26HMGC18,SISTEMA DE AGUAS DE LA CIUDAD DE MEXICO,PÚBLICO URBANO,630720.0,0.63072,1157.2844036697247,0.0011572844036697248,1996-06-28,19.357222222222223,-99.14916666666667,11564.0,Churubusco,Coyoacan,False,Churubusco — Coyoacan,False
13DFE100309/26HMGC18,SISTEMA DE AGUAS DE LA CIUDAD DE MEXICO,PÚBLICO URBANO,1356048.0,1.356048,2488.161467889908,0.0024881614678899083,1996-06-28,19.328666666666667,-99.13158333333332,11648.0,Avante,Coyoacan,False,Avante — Coyoacan,False
13DFE100309/26HMGC18,SISTEMA DE AGUAS DE LA CIUDAD DE MEXICO,PÚBLICO URBANO,1513728.0,1.513728,2777.4825688073392,0.0027774825688073393,1996-06-28,19.325416666666666,-99.13436111111112,11648.0,Avante,Coyoacan,False,Avante — Coyoacan,False
13DFE100309/26HMGC18,SISTEMA DE AGUAS DE LA CIUDAD DE MEXICO,PÚBLICO URBANO,914544.0,0.914544,1678.062385321101,0.001678062385321101,1996-06-28,19.377222222222223,-99.02027777777778,12258.0,Zona Urb Sta Martha Acatitla Sur,Iztapalapa,False,Zona Urb Sta Martha Acatitla Sur — Iztapalapa,False
13DFE100309/26HMGC18,SISTEMA DE AGUAS DE LA CIUDAD DE MEXICO,PÚBLICO URBANO,914544.0,0.914544,1678.062385321101,0.001678062385321101,1996-06-28,19.379194444444444,-99.08494444444445,12161.0,Central De Abastos,Iztapalapa,False,Central De Abastos — Iztapalapa,False
13DFE100309/26HMGC18,SISTEMA DE AGUAS DE LA CIUDAD DE MEXICO,PÚBLICO URBANO,1261440.0,1.26144,2314.5688073394494,0.0023145688073394496,1996-06-28,19.35875,-99.11166666666666,12163.0,Escuadron 201,Iztapalapa,False,Escuadron 201 — Iztapalapa,False
13DFE100309/26HMGC18,SISTEMA DE AGUAS DE LA CIUDAD DE MEXICO,PÚBLICO URBANO,788400.0,0.7884,1446.605504587156,0.001446605504587156,1996-06-28,19.31277777777778,-99.08055555555556,12395.0,La Esperanza,Iztapalapa,False,La Esperanza — Iztapalapa,False
13DFE100309/26HMGC18,SISTEMA DE AGUAS DE LA CIUDAD DE MEXICO,PÚBLICO URBANO,504576.0,0.504576,925.8275229357798,0.0009258275229357798,1996-06-28,19.334166666666665,-98.97722222222222,12279.0,Ampl Emiliano Zapata,Iztapalapa,False,Ampl Emiliano Zapata — Iztapalapa,False
13DFE100309/26HMGC18,SISTEMA DE AGUAS DE LA CIUDAD DE MEXICO,PÚBLICO URBANO,883008.0,0.883008,1620.1981651376148,0.0016201981651376147,1996-06-28,19.346527777777776,-99.11994444444444,11574.0,Magdalena Culhuacan,Coyoacan,False,Magdalena Culhuacan — Coyoacan,False
13DFE100309/26HMGC18,SISTEMA DE AGUAS DE LA CIUDAD DE MEXICO,PÚBLICO URBANO,1450656.0,1.450656,2661.754128440367,0.002661754128440367,1996-06-28,19.381666666666668,-99.08111111111111,12161.0,Central De Abastos,Iztapalapa,False,Central De Abastos — Iztapalapa,False
13DFE100309/26HMGC18,SISTEMA DE AGUAS DE LA CIUDAD DE MEXICO,PÚBLICO URBANO,1766016.0,1.766016,3240.3963302752295,0.0032403963302752295,1996-06-28,19.32275,-99.13058333333332,11648.0,Avante,Coyoacan,False,Avante — Coyoacan,False
13DFE100309/26HMGC18,SISTEMA DE AGUAS DE LA CIUDAD DE MEXICO,PÚBLICO URBANO,788400.0,0.7884,1446.605504587156,0.001446605504587156,1996-06-28,19.337777777777777,-99.11333333333332,12330.0,Barrio Tula Culhuacan,Iztapalapa,False,Barrio Tula Culhuacan — Iztapalapa,False
13DFE100309/26HMGC18,SISTEMA DE AGUAS DE LA CIUDAD DE MEXICO,PÚBLICO URBANO,473040.0,0.47304,867.9633027522935,0.0008679633027522935,1996-06-28,19.28805555555556,-99.15,12809.0,Arenal De Guadalupe,Tlalpan,False,Arenal De Guadalupe — Tlalpan,False
13DFE100309/26HMGC18,SISTEMA DE AGUAS DE LA CIUDAD DE MEXICO,PÚBLICO URBANO,788400.0,0.7884,1446.605504587156,0.001446605504587156,1996-06-28,19.3075,-99.18,11685.0,Panteon Mauseleos Del Angel,Coyoacan,False,Panteon Mauseleos Del Angel — Coyoacan,False
13DFE100309/26HMGC18,SISTEMA DE AGUAS DE LA CIUDAD DE MEXICO,PÚBLICO URBANO,788400.0,0.7884,1446.605504587156,0.001446605504587156,1996-06-28,19.32111111111111,-99.07333333333332,12315.0,Ano De Juarez,Iztapalapa,False,Ano De Juarez — Iztapalapa,False
13DFE100309/26HMGC18,SISTEMA DE AGUAS DE LA CIUDAD DE MEXICO,PÚBLICO URBANO,473040.0,0.47304,867.9633027522935,0.0008679633027522935,1996-06-28,19.445555555555558,-99.1111111111111,12936.0,20 De Noviembre,Venustiano Carranza,False,20 De Noviembre — Venustiano Carranza,False
13DFE100309/26HMGC18,SISTEMA DE AGUAS DE LA CIUDAD DE MEXICO,PÚBLICO URBANO,1040688.0,1.040688,1909.5192660550458,0.0019095192660550458,1996-06-28,19.322777777777777,-99.12583333333332,11657.0,Unidad Hab San Francisco Culhuacan,Coyoacan,False,Unidad Hab San Francisco Culhuacan — Coyoacan,False
13DFE100309/26HMGC18,SISTEMA DE AGUAS DE LA CIUDAD DE MEXICO,PÚBLICO URBANO,788400.0,0.7884,1446.605504587156,0.001446605504587156,1996-06-28,19.33194444444445,-99.065,12307.0,Presidentes De Mexico,Iztapalapa,False,Presidentes De Mexico — Iztapalapa,False
13DFE100309/26HMGC18,SISTEMA DE AGUAS DE LA CIUDAD DE MEXICO,PÚBLICO URBANO,788400.0,0.7884,1446.605504587156,0.001446605504587156,1996-06-28,19.320194444444443,-99.15861111111111,11579.0,Ajusco,Coyoacan,False,Ajusco — Coyoacan,False
13DFE100309/26HMGC18,SISTEMA DE AGUAS DE LA CIUDAD DE MEXICO,PÚBLICO URBANO,946080.0,0.94608,1735.926605504587,0.001735926605504587,1996-06-28,19.36555555555556,-99.13361111111112,12245.0,Banjidal,Iztapalapa,False,Banjidal — Iztapalapa,False
13DFE100309/26HMGC18,SISTEMA DE AGUAS DE LA CIUDAD DE MEXICO,PÚBLICO URBANO,1198368.0,1.198368,2198.840366972477,0.0021988403669724772,1996-06-28,19.35611111111111,-99.13361111111112,11570.0,Prado Churubusco,Coyoacan,False,Prado Churubusco — Coyoacan,False
13DFE100309/26HMGC18,SISTEMA DE AGUAS DE LA CIUDAD DE MEXICO,PÚBLICO URBANO,1166832.0,1.166832,2140.9761467889907,0.002140976146788991,1996-06-28,19.32361111111111,-99.12394444444443,11657.0,Unidad Hab San Francisco Culhuacan,Coyoacan,False,Unidad Hab San Francisco Culhuacan — Coyoacan,False
13DFE100309/26HMGC18,SISTEMA DE AGUAS DE LA CIUDAD DE MEXICO,PÚBLICO URBANO,157680.0,0.15768,289.3211009174312,0.0002893211009174312,1996-06-28,19.459444444444443,-99.07944444444443,12063.0,Bosque De San Juan De Aragon,Gustavo A. Madero,False,Bosque De San Juan De Aragon — Gustavo A. Madero,False
13DFE100309/26HMGC18,SISTEMA DE AGUAS DE LA CIUDAD DE MEXICO,PÚBLICO URBANO,1702944.0,1.702944,3124.6678899082567,0.0031246678899082567,1996-06-28,19.317777777777778,-99.16444444444446,11579.0,Ajusco,Coyoacan,False,Ajusco — Coyoacan,False
13DFE100309/26HMGC18,SISTEMA DE AGUAS DE LA CIUDAD DE MEXICO,PÚBLICO URBANO,630720.0,0.63072,1157.2844036697247,0.0011572844036697248,1996-06-28,19.45047222222222,-99.1568888888889,11813.0,Santa Maria La Ribera,Cuauhtemoc,False,Santa Maria La Ribera — Cuauhtemoc,False
13DFE100309/26HMGC18,SISTEMA DE AGUAS DE LA CIUDAD DE MEXICO,PÚBLICO URBANO,630720.0,0.63072,1157.2844036697247,0.0011572844036697248,1996-06-28,19.37594444444445,-99.19611111111112,11236.0,Alfonso Xiii,Alvaro Obregon,True,Alfonso Xiii — Alvaro Obregon,True
13DFE100309/26HMGC18,SISTEMA DE AGUAS DE LA CIUDAD DE MEXICO,PÚBLICO URBANO,788400.0,0.7884,1446.605504587156,0.001446605504587156,1996-06-28,19.40586111111111,-99.14094444444446,11830.0,Algarin,Cuauhtemoc,False,Algarin — Cuauhtemoc,False
13DFE100309/26HMGC18,SISTEMA DE AGUAS DE LA CIUDAD DE MEXICO,PÚBLICO URBANO,1166832.0,1.166832,2140.9761467889907,0.002140976146788991,1996-06-28,19.34797222222222,-99.19930555555555,11075.0,Altavista,Alvaro Obregon,True,Altavista — Alvaro Obregon,True
13DFE100309/26HMGC18,SISTEMA DE AGUAS DE LA CIUDAD DE MEXICO,PÚBLICO URBANO,725328.0,0.725328,1330.8770642201835,0.0013308770642201835,1996-06-28,19.342444444444443,-99.17991666666668,11620.0,Altillo Universidad,Coyoacan,False,Altillo Universidad — Coyoacan,False
13DFE100309/26HMGC18,SISTEMA DE AGUAS DE LA CIUDAD DE MEXICO,PÚBLICO URBANO,1103760.0,1.10376,2025.2477064220184,0.0020252477064220185,1996-06-28,19.383444444444443,-99.18711111111112,11535.0,Nonoalco,Benito Juarez,False,Nonoalco — Benito Juarez,False
13DFE100309/26HMGC18,SISTEMA DE AGUAS DE LA CIUDAD DE MEXICO,PÚBLICO URBANO,725328.0,0.725328,1330.8770642201835,0.0013308770642201835,1996-06-28,19.357111111111116,-99.16711111111113,11559.0,Del Carmen,Coyoacan,False,Del Carmen — Coyoacan,False
13DFE100309/26HMGC18,SISTEMA DE AGUAS DE LA CIUDAD DE MEXICO,PÚBLICO URBANO,473040.0,0.47304,867.9633027522935,0.0008679633027522935,1996-06-28,19.411944444444444,-99.11008333333332,12994.0,Jardin Balbuena,Venustiano Carranza,False,Jardin Balbuena — Venustiano Carranza,False
13DFE100309/26HMGC18,SISTEMA DE AGUAS DE LA CIUDAD DE MEXICO,PÚBLICO URBANO,630720.0,0.63072,1157.2844036697247,0.0011572844036697248,1996-06-28,19.41036111111111,-99.10127777777775,12994.0,Jardin Balbuena,Venustiano Carranza,False,Jardin Balbuena — Venustiano Carranza,False
13DFE100309/26HMGC18,SISTEMA DE AGUAS DE LA CIUDAD DE MEXICO,PÚBLICO URBANO,378432.0,0.378432,694.3706422018348,0.0006943706422018348,1996-06-28,19.27683333333333,-99.16580555555556,12887.0,San Pedro Martir,Tlalpan,False,San Pedro Martir — Tlalpan,False
13DFE100309/26HMGC18,SISTEMA DE AGUAS DE LA CIUDAD DE MEXICO,PÚBLICO URBANO,126144.0,0.126144,231.45688073394496,0.00023145688073394495,1996-06-28,19.366444444444447,-99.19286111111111,11291.0,Merced Gomez,Alvaro Obregon,True,Merced Gomez — Alvaro Obregon,True
13DFE100309/26HMGC18,SISTEMA DE AGUAS DE LA CIUDAD DE MEXICO,PÚBLICO URBANO,1261440.0,1.26144,2314.5688073394494,0.0023145688073394496,1996-06-28,19.434416666666667,-99.20166666666668,12518.0,Los Morales Secc Alameda,Miguel Hidalgo,True,Los Morales Secc Alameda — Miguel Hidalgo,True
13DFE100309/26HMGC18,SISTEMA DE AGUAS DE LA CIUDAD DE MEXICO,PÚBLICO URBANO,1450656.0,1.450656,2661.754128440367,0.002661754128440367,1996-06-28,19.402055555555556,-99.09133333333332,12115.0,Unidad Deportiva Magdalena Mixhuca,Iztacalco,False,Unidad Deportiva Magdalena Mixhuca — Iztacalco,False
13DFE100309/26HMGC18,SISTEMA DE AGUAS DE LA CIUDAD DE MEXICO,PÚBLICO URBANO,977616.0,0.977616,1793.7908256880735,0.0017937908256880734,1996-06-28,19.465416666666663,-99.182,11388.0,Claveria,Azcapotzalco,False,Claveria — Azcapotzalco,False
13DFE100309/26HMGC18,SISTEMA DE AGUAS DE LA CIUDAD DE MEXICO,PÚBLICO URBANO,1482192.0,1.482192,2719.6183486238533,0.0027196183486238533,1996-06-28,19.32658333333333,-99.09438888888889,12383.0,Campestre Estrellas,Iztapalapa,False,Campestre Estrellas — Iztapalapa,False
13DFE100309/26HMGC18,SISTEMA DE AGUAS DE LA CIUDAD DE MEXICO,PÚBLICO URBANO,788400.0,0.7884,1446.605504587156,0.001446605504587156,1996-06-28,19.33655555555556,-99.18544444444444,11626.0,Ciudad Universitaria,Coyoacan,False,Ciudad Universitaria — Coyoacan,False
13DFE100309/26HMGC18,SISTEMA DE AGUAS DE LA CIUDAD DE MEXICO,PÚBLICO URBANO,441504.0,0.441504,810.0990825688074,0.0008100990825688074,1996-06-28,19.399527777777777,-99.11530555555557,12111.0,Coyuya,Iztacalco,False,Coyuya — Iztacalco,False
13DFE100309/26HMGC18,SISTEMA DE AGUAS DE LA CIUDAD DE MEXICO,PÚBLICO URBANO,819936.0,0.819936,1504.4697247706422,0.0015044697247706422,1996-06-28,19.433666666666667,-99.18825,12525.0,Chapultepec Morales,Miguel Hidalgo,True,Chapultepec Morales — Miguel Hidalgo,True
13DFE100309/26HMGC18,SISTEMA DE AGUAS DE LA CIUDAD DE MEXICO,PÚBLICO URBANO,1166832.0,1.166832,2140.9761467889907,0.002140976146788991,1996-06-28,19.338083333333334,-99.1400277777778,11566.0,Campestre,Coyoacan,False,Campestre — Coyoacan,False
13DFE100309/26HMGC18,SISTEMA DE AGUAS DE LA CIUDAD DE MEXICO,PÚBLICO URBANO,1261440.0,1.26144,2314.5688073394494,0.0023145688073394496,1996-06-28,19.33513888888889,-99.1315,11642.0,Educacion,Coyoacan,False,Educacion — Coyoacan,False
13DFE100309/26HMGC18,SISTEMA DE AGUAS DE LA CIUDAD DE MEXICO,PÚBLICO URBANO,1356048.0,1.356048,2488.161467889908,0.0024881614678899083,1996-06-28,19.278805555555557,-99.16908333333332,12848.0,Tlalcoligia,Tlalpan,False,Tlalcoligia — Tlalpan,False
13DFE100309/26HMGC18,SISTEMA DE AGUAS DE LA CIUDAD DE MEXICO,PÚBLICO URBANO,977616.0,0.977616,1793.7908256880735,0.0017937908256880734,1996-06-28,19.361500000000003,-99.13675,12245.0,Banjidal,Iztapalapa,False,Banjidal — Iztapalapa,False
13DFE100309/26HMGC18,SISTEMA DE AGUAS DE LA CIUDAD DE MEXICO,PÚBLICO URBANO,1261440.0,1.26144,2314.5688073394494,0.0023145688073394496,1996-06-28,19.35563888888889,-99.12758333333332,11570.0,Prado Churubusco,Coyoacan,False,Prado Churubusco — Coyoacan,False
13DFE100309/26HMGC18,SISTEMA DE AGUAS DE LA CIUDAD DE MEXICO,PÚBLICO URBANO,1860624.0,1.860624,3413.9889908256882,0.003413988990825688,1996-06-28,19.36616666666667,-99.10425,12165.0,Granjas San Antonio,Iztapalapa,False,Granjas San Antonio — Iztapalapa,False
13DFE100309/26HMGC18,SISTEMA DE AGUAS DE LA CIUDAD DE MEXICO,PÚBLICO URBANO,725328.0,0.725328,1330.8770642201835,0.0013308770642201835,1996-06-28,19.291472222222225,-99.18311111111112,12747.0,De Caramaguey,Tlalpan,False,De Caramaguey — Tlalpan,False
13DFE100309/26HMGC18,SISTEMA DE AGUAS DE LA CIUDAD DE MEXICO,PÚBLICO URBANO,662256.0,0.662256,1215.1486238532111,0.0012151486238532112,1996-06-28,19.41638888888889,-99.18916666666668,12458.0,1Ra Secc Del Bosque De Chapultepec,Miguel Hidalgo,True,1Ra Secc Del Bosque De Chapultepec — Miguel Hidalgo,True
13DFE100309/26HMGC18,SISTEMA DE AGUAS DE LA CIUDAD DE MEXICO,PÚBLICO URBANO,1040688.0,1.040688,1909.5192660550458,0.0019095192660550458,1996-06-28,19.34386111111111,-99.18411111111112,11077.0,Chimalistac,Alvaro Obregon,True,Chimalistac — Alvaro Obregon,True
13DFE100309/26HMGC18,SISTEMA DE AGUAS DE LA CIUDAD DE MEXICO,PÚBLICO URBANO,914544.0,0.914544,1678.062385321101,0.001678062385321101,1996-06-28,19.444027777777777,-99.20772222222224,12513.0,Irrigacion,Miguel Hidalgo,True,Irrigacion — Miguel Hidalgo,True
13DFE100309/26HMGC18,SISTEMA DE AGUAS DE LA CIUDAD DE MEXICO,PÚBLICO URBANO,1797552.0,1.797552,3298.2605504587154,0.0032982605504587154,1996-06-28,19.359944444444444,-99.09227777777777,12153.0,Barrio San Lucas,Iztapalapa,False,Barrio San Lucas — Iztapalapa,False
13DFE100309/26HMGC18,SISTEMA DE AGUAS DE LA CIUDAD DE MEXICO,PÚBLICO URBANO,1166832.0,1.166832,2140.9761467889907,0.002140976146788991,1996-06-28,19.35608333333333,-99.1006111111111,12153.0,Barrio San Lucas,Iztapalapa,False,Barrio San Lucas — Iztapalapa,False
13DFE100309/26HMGC18,SISTEMA DE AGUAS DE LA CIUDAD DE MEXICO,PÚBLICO URBANO,819936.0,0.819936,1504.4697247706422,0.0015044697247706422,1996-06-28,19.29352777777778,-99.17838888888888,12686.0,Tlalpan Centro I,Tlalpan,False,Tlalpan Centro I — Tlalpan,False
13DFE100309/26HMGC18,SISTEMA DE AGUAS DE LA CIUDAD DE MEXICO,PÚBLICO URBANO,883008.0,0.883008,1620.1981651376148,0.0016201981651376147,1996-06-28,19.344305555555557,-99.19186111111112,11065.0,San Angel,Alvaro Obregon,True,San Angel — Alvaro Obregon,True
13DFE100309/26HMGC18,SISTEMA DE AGUAS DE LA CIUDAD DE MEXICO,PÚBLICO URBANO,977616.0,0.977616,1793.7908256880735,0.0017937908256880734,1996-06-28,19.47888888888889,-99.09444444444443,11966.0,Dm Nacional,Gustavo A. Madero,False,Dm Nacional — Gustavo A. Madero,False
13DFE100309/26HMGC18,SISTEMA DE AGUAS DE LA CIUDAD DE MEXICO,PÚBLICO URBANO,819936.0,0.819936,1504.4697247706422,0.0015044697247706422,1996-06-28,19.31738888888889,-99.21083333333334,11371.0,Jardines Del Pedregal,Alvaro Obregon,True,Jardines Del Pedregal — Alvaro Obregon,True
13DFE100309/26HMGC18,SISTEMA DE AGUAS DE LA CIUDAD DE MEXICO,PÚBLICO URBANO,1009152.0,1.009152,1851.6550458715597,0.0018516550458715596,1996-06-28,19.473611111111108,-99.09527777777777,11966.0,Dm Nacional,Gustavo A. Madero,False,Dm Nacional — Gustavo A. Madero,False
13DFE100309/26HMGC18,SISTEMA DE AGUAS DE LA CIUDAD DE MEXICO,PÚBLICO URBANO,630720.0,0.63072,1157.2844036697247,0.0011572844036697248,1996-06-28,19.36055555555556,-99.16055555555556,11512.0,Gral Pedro Maria Anaya,Benito Juarez,False,Gral Pedro Maria Anaya — Benito Juarez,False
13DFE100309/26HMGC18,SISTEMA DE AGUAS DE LA CIUDAD DE MEXICO,PÚBLICO URBANO,946080.0,0.94608,1735.926605504587,0.001735926605504587,1996-06-28,19.392666666666667,-99.18347222222222,11540.0,San Pedro De Los Pinos,Benito Juarez,False,San Pedro De Los Pinos — Benito Juarez,False
13DFE100309/26HMGC18,SISTEMA DE AGUAS DE LA CIUDAD DE MEXICO,PÚBLICO URBANO,1072224.0,1.072224,1967.3834862385322,0.001967383486238532,1996-06-28,19.37219444444445,-99.18375,11547.0,Insurgentes Mixcoac,Benito Juarez,False,Insurgentes Mixcoac — Benito Juarez,False
13DFE100309/26HMGC18,SISTEMA DE AGUAS DE LA CIUDAD DE MEXICO,PÚBLICO URBANO,1198368.0,1.198368,2198.840366972477,0.0021988403669724772,1996-06-28,19.343888888888888,-99.16622222222225,11594.0,Tecualiapan,Coyoacan,False,Tecualiapan — Coyoacan,False
13DFE100309/26HMGC18,SISTEMA DE AGUAS DE LA CIUDAD DE MEXICO,PÚBLICO URBANO,1545264.0,1.545264,2835.3467889908256,0.0028353467889908257,1996-06-28,19.447666666666667,-99.20119444444444,12506.0,5 De Mayo,Miguel Hidalgo,True,5 De Mayo — Miguel Hidalgo,True
13DFE100309/26HMGC18,SISTEMA DE AGUAS DE LA CIUDAD DE MEXICO,PÚBLICO URBANO,1261440.0,1.26144,2314.5688073394494,0.0023145688073394496,1996-06-28,19.34361111111111,-99.10583333333332,12357.0,Z Urb Ej Los Reyes Culhuacan,Iztapalapa,False,Z Urb Ej Los Reyes Culhuacan — Iztapalapa,False
13DFE100309/26HMGC18,SISTEMA DE AGUAS DE LA CIUDAD DE MEXICO,PÚBLICO URBANO,346896.0,0.346896,636.5064220183486,0.0006365064220183487,1996-06-28,19.44105555555556,-99.17625,12481.0,Anahuac,Miguel Hidalgo,True,Anahuac — Miguel Hidalgo,True
13DFE100309/26HMGC18,SISTEMA DE AGUAS DE LA CIUDAD DE MEXICO,PÚBLICO URBANO,914544.0,0.914544,1678.062385321101,0.001678062385321101,1996-06-28,19.30666666666667,-99.14277777777778,11735.0,Viejo Ejido Santa Ursula Coapa,Coyoacan,False,Viejo Ejido Santa Ursula Coapa — Coyoacan,False
13DFE100309/26HMGC18,SISTEMA DE AGUAS DE LA CIUDAD DE MEXICO,PÚBLICO URBANO,788400.0,0.7884,1446.605504587156,0.001446605504587156,1996-06-28,19.39713888888889,-99.18466666666669,12531.0,Escandon,Miguel Hidalgo,True,Escandon — Miguel Hidalgo,True
13DFE100309/26HMGC18,SISTEMA DE AGUAS DE LA CIUDAD DE MEXICO,PÚBLICO URBANO,1166832.0,1.166832,2140.9761467889907,0.002140976146788991,1996-06-28,19.387888888888888,-99.1845277777778,11540.0,San Pedro De Los Pinos,Benito Juarez,False,San Pedro De Los Pinos — Benito Juarez,False
13DFE100309/26HMGC18,SISTEMA DE AGUAS DE LA CIUDAD DE MEXICO,PÚBLICO URBANO,946080.0,0.94608,1735.926605504587,0.001735926605504587,1996-06-28,19.39444444444445,-99.13472222222222,11519.0,Moderna,Benito Juarez,False,Moderna — Benito Juarez,False
13DFE100309/26HMGC18,SISTEMA DE AGUAS DE LA CIUDAD DE MEXICO,PÚBLICO URBANO,441504.0,0.441504,810.0990825688074,0.0008100990825688074,1996-06-28,19.416361111111108,-99.19347222222224,12458.0,1Ra Secc Del Bosque De Chapultepec,Miguel Hidalgo,True,1Ra Secc Del Bosque De Chapultepec — Miguel Hidalgo,True
13DFE100309/26HMGC18,SISTEMA DE AGUAS DE LA CIUDAD DE MEXICO,PÚBLICO URBANO,1419120.0,1.41912,2603.8899082568805,0.0026038899082568806,1996-06-28,19.29425,-99.12963888888888,12818.0,Unid Hab Narciso Mendoza 5 Villa Coapa,Tlalpan,False,Unid Hab Narciso Mendoza 5 Villa Coapa — Tlalpan,False
13DFE100309/26HMGC18,SISTEMA DE AGUAS DE LA CIUDAD DE MEXICO,PÚBLICO URBANO,1450656.0,1.450656,2661.754128440367,0.002661754128440367,1996-06-28,19.289444444444445,-99.11680555555554,12816.0,Residencial Villa Coapa Super Manzana 4,Tlalpan,False,Residencial Villa Coapa Super Manzana 4 — Tlalpan,False
13DFE100309/26HMGC18,SISTEMA DE AGUAS DE LA CIUDAD DE MEXICO,PÚBLICO URBANO,883008.0,0.883008,1620.1981651376148,0.0016201981651376147,1996-06-28,19.47438888888889,-99.07855555555555,12064.0,San Juan De Aragon 7Ma Secc,Gustavo A. Madero,False,San Juan De Aragon 7Ma Secc — Gustavo A. Madero,False
13DFE100309/26HMGC18,SISTEMA DE AGUAS DE LA CIUDAD DE MEXICO,PÚBLICO URBANO,473040.0,0.47304,867.9633027522935,0.0008679633027522935,1996-06-28,19.37980555555556,-99.13775,11518.0,Nativitas,Benito Juarez,False,Nativitas — Benito Juarez,False
13DFE100309/26HMGC18,SISTEMA DE AGUAS DE LA CIUDAD DE MEXICO,PÚBLICO URBANO,1261440.0,1.26144,2314.5688073394494,0.0023145688073394496,1996-06-28,19.38058333333333,-99.13472222222222,12144.0,Militar Marte,Iztacalco,False,Militar Marte — Iztacalco,False
13DFE100309/26HMGC18,SISTEMA DE AGUAS DE LA CIUDAD DE MEXICO,PÚBLICO URBANO,1040688.0,1.040688,1909.5192660550458,0.0019095192660550458,1996-06-28,19.486444444444444,-99.16927777777778,11446.0,Estacion Pantaco,Azcapotzalco,False,Estacion Pantaco — Azcapotzalco,False
13DFE100309/26HMGC18,SISTEMA DE AGUAS DE LA CIUDAD DE MEXICO,PÚBLICO URBANO,378432.0,0.378432,694.3706422018348,0.0006943706422018348,1996-06-28,19.478805555555557,-99.16972222222223,11446.0,Estacion Pantaco,Azcapotzalco,False,Estacion Pantaco — Azcapotzalco,False
13DFE100309/26HMGC18,SISTEMA DE AGUAS DE LA CIUDAD DE MEXICO,PÚBLICO URBANO,630720.0,0.63072,1157.2844036697247,0.0011572844036697248,1996-06-28,19.338083333333334,-99.07969444444444,12353.0,Unidad Hab Fovissste San Juan,Iztapalapa,False,Unidad Hab Fovissste San Juan — Iztapalapa,False
13DFE100309/26HMGC18,SISTEMA DE AGUAS DE LA CIUDAD DE MEXICO,PÚBLICO URBANO,946080.0,0.94608,1735.926605504587,0.001735926605504587,1996-06-28,19.33886111111111,-99.07461111111112,12346.0,Paraje San Juan,Iztapalapa,False,Paraje San Juan — Iztapalapa,False
13DFE100309/26HMGC18,SISTEMA DE AGUAS DE LA CIUDAD DE MEXICO,PÚBLICO URBANO,788400.0,0.7884,1446.605504587156,0.001446605504587156,1996-06-28,19.39,-99.16388888888888,11500.0,Del Valle,Benito Juarez,False,Del Valle — Benito Juarez,False
13DFE100309/26HMGC18,SISTEMA DE AGUAS DE LA CIUDAD DE MEXICO,PÚBLICO URBANO,630720.0,0.63072,1157.2844036697247,0.0011572844036697248,1996-06-28,19.47,-99.16222222222224,11484.0,Ampl Cosmopolita,Azcapotzalco,False,Ampl Cosmopolita — Azcapotzalco,False
13DFE100309/26HMGC18,SISTEMA DE AGUAS DE LA CIUDAD DE MEXICO,PÚBLICO URBANO,1450656.0,1.450656,2661.754128440367,0.002661754128440367,1996-06-28,19.384055555555555,-99.03122222222224,12174.0,San Lorenzo Xicotencatl,Iztapalapa,False,San Lorenzo Xicotencatl — Iztapalapa,False
13DFE100309/26HMGC18,SISTEMA DE AGUAS DE LA CIUDAD DE MEXICO,PÚBLICO URBANO,1450656.0,1.450656,2661.754128440367,0.002661754128440367,1996-06-28,19.364583333333336,-99.03402777777778,12261.0,EjãRcito De Agua Prieta,Iztapalapa,False,EjãRcito De Agua Prieta — Iztapalapa,False
13DFE100309/26HMGC18,SISTEMA DE AGUAS DE LA CIUDAD DE MEXICO,PÚBLICO URBANO,1923696.0,1.923696,3529.7174311926606,0.0035297174311926605,1996-06-28,19.380166666666668,-99.023,12258.0,Zona Urb Sta Martha Acatitla Sur,Iztapalapa,False,Zona Urb Sta Martha Acatitla Sur — Iztapalapa,False
13DFE100309/26HMGC18,SISTEMA DE AGUAS DE LA CIUDAD DE MEXICO,PÚBLICO URBANO,1450656.0,1.450656,2661.754128440367,0.002661754128440367,1996-06-28,19.372055555555555,-99.04561111111111,12203.0,Unidad Hab Santa Cruz Meyehualco,Iztapalapa,False,Unidad Hab Santa Cruz Meyehualco — Iztapalapa,False
13DFE100309/26HMGC18,SISTEMA DE AGUAS DE LA CIUDAD DE MEXICO,PÚBLICO URBANO,1387584.0,1.387584,2546.0256880733946,0.0025460256880733946,1996-06-28,19.375444444444444,-99.02347222222222,12175.0,Zona Urb Sta Martha Acatitla Norte,Iztapalapa,False,Zona Urb Sta Martha Acatitla Norte — Iztapalapa,False
13DFE100309/26HMGC18,SISTEMA DE AGUAS DE LA CIUDAD DE MEXICO,PÚBLICO URBANO,1860624.0,1.860624,3413.9889908256882,0.003413988990825688,1996-06-28,19.37238888888889,-99.02716666666666,12175.0,Zona Urb Sta Martha Acatitla Norte,Iztapalapa,False,Zona Urb Sta Martha Acatitla Norte — Iztapalapa,False
13DFE100309/26HMGC18,SISTEMA DE AGUAS DE LA CIUDAD DE MEXICO,PÚBLICO URBANO,1892160.0,1.89216,3471.853211009174,0.003471853211009174,1996-06-28,19.370083333333334,-99.03113888888888,12194.0,Unid Hab Ejerc De Ote Zona PeãOn,Iztapalapa,False,Unid Hab Ejerc De Ote Zona PeãOn — Iztapalapa,False
13DFE100309/26HMGC18,SISTEMA DE AGUAS DE LA CIUDAD DE MEXICO,PÚBLICO URBANO,1923696.0,1.923696,3529.7174311926606,0.0035297174311926605,1996-06-28,19.37302777777778,-99.03516666666668,12193.0,Fracc Popular Alvaro Obregon,Iztapalapa,False,Fracc Popular Alvaro Obregon — Iztapalapa,False
13DFE100309/26HMGC18,SISTEMA DE AGUAS DE LA CIUDAD DE MEXICO,PÚBLICO URBANO,1072224.0,1.072224,1967.3834862385322,0.001967383486238532,1996-06-28,19.37513888888889,-99.03452777777778,12193.0,Fracc Popular Alvaro Obregon,Iztapalapa,False,Fracc Popular Alvaro Obregon — Iztapalapa,False
13DFE100309/26HMGC18,SISTEMA DE AGUAS DE LA CIUDAD DE MEXICO,PÚBLICO URBANO,1545264.0,1.545264,2835.3467889908256,0.0028353467889908257,1996-06-28,19.282638888888886,-99.1066111111111,13033.0,Barrio 18,Xochimilco,False,Barrio 18 — Xochimilco,False
13DFE100309/26HMGC18,SISTEMA DE AGUAS DE LA CIUDAD DE MEXICO,PÚBLICO URBANO,788400.0,0.7884,1446.605504587156,0.001446605504587156,1996-06-28,19.280833333333334,-99.11583333333331,13033.0,Barrio 18,Xochimilco,False,Barrio 18 — Xochimilco,False
13DFE100309/26HMGC18,SISTEMA DE AGUAS DE LA CIUDAD DE MEXICO,PÚBLICO URBANO,315360.0,0.31536,578.6422018348624,0.0005786422018348624,1996-06-28,19.38775,-99.1955,11133.0,Carola,Alvaro Obregon,True,Carola — Alvaro Obregon,True
13DFE100309/26HMGC18,SISTEMA DE AGUAS DE LA CIUDAD DE MEXICO,PÚBLICO URBANO,788400.0,0.7884,1446.605504587156,0.001446605504587156,1996-06-28,19.50777777777778,-99.20805555555556,11394.0,Infonavit El Rosario,Azcapotzalco,False,Infonavit El Rosario — Azcapotzalco,False
13DFE100309/26HMGC18,SISTEMA DE AGUAS DE LA CIUDAD DE MEXICO,PÚBLICO URBANO,1576800.0,1.5768,2893.211009174312,0.002893211009174312,1996-06-28,19.30444444444445,-99.13472222222222,12788.0,Jardines Villa Coapa,Tlalpan,False,Jardines Villa Coapa — Tlalpan,False
13DFE100309/26HMGC18,SISTEMA DE AGUAS DE LA CIUDAD DE MEXICO,PÚBLICO URBANO,1702944.0,1.702944,3124.6678899082567,0.0031246678899082567,1996-06-28,19.355,-99.07466666666666,12217.0,Barrio San Miguel,Iztapalapa,False,Barrio San Miguel — Iztapalapa,False
13DFE100309/26HMGC18,SISTEMA DE AGUAS DE LA CIUDAD DE MEXICO,PÚBLICO URBANO,1829088.0,1.829088,3356.124770642202,0.003356124770642202,1996-06-28,19.357666666666667,-99.07227777777776,12209.0,La Purisima,Iztapalapa,False,La Purisima — Iztapalapa,False
13DFE100309/26HMGC18,SISTEMA DE AGUAS DE LA CIUDAD DE MEXICO,PÚBLICO URBANO,1829088.0,1.829088,3356.124770642202,0.003356124770642202,1996-06-28,19.361222222222224,-99.07108333333332,12205.0,Leyes De Reforma 1Ra Seccion,Iztapalapa,False,Leyes De Reforma 1Ra Seccion — Iztapalapa,False
13DFE100309/26HMGC18,SISTEMA DE AGUAS DE LA CIUDAD DE MEXICO,PÚBLICO URBANO,252288.0,0.252288,462.9137614678899,0.0004629137614678899,1996-06-28,19.38730555555556,-99.15166666666669,11496.0,Narvarte Oriente,Benito Juarez,False,Narvarte Oriente — Benito Juarez,False
13DFE100309/26HMGC18,SISTEMA DE AGUAS DE LA CIUDAD DE MEXICO,PÚBLICO URBANO,441504.0,0.441504,810.0990825688074,0.0008100990825688074,1996-06-28,19.38611111111111,-99.13080555555555,12140.0,Reforma Iztaccihuatl Norte,Iztacalco,False,Reforma Iztaccihuatl Norte — Iztacalco,False
13DFE100309/26HMGC18,SISTEMA DE AGUAS DE LA CIUDAD DE MEXICO,PÚBLICO URBANO,1198368.0,1.198368,2198.840366972477,0.0021988403669724772,1996-06-28,19.34347222222222,-99.1712777777778,11592.0,Fracc Manuel Romero De Terreros,Coyoacan,False,Fracc Manuel Romero De Terreros — Coyoacan,False
13DFE100309/26HMGC18,SISTEMA DE AGUAS DE LA CIUDAD DE MEXICO,PÚBLICO URBANO,946080.0,0.94608,1735.926605504587,0.001735926605504587,1996-06-28,19.31972222222222,-99.14586111111112,11670.0,San Pablo Tepetlapa,Coyoacan,False,San Pablo Tepetlapa — Coyoacan,False
13DFE100309/26HMGC18,SISTEMA DE AGUAS DE LA CIUDAD DE MEXICO,PÚBLICO URBANO,630720.0,0.63072,1157.2844036697247,0.0011572844036697248,1996-06-28,19.45555555555556,-99.17527777777778,12493.0,Nextitla,Miguel Hidalgo,True,Nextitla — Miguel Hidalgo,True
13DFE100309/26HMGC18,SISTEMA DE AGUAS DE LA CIUDAD DE MEXICO,PÚBLICO URBANO,1419120.0,1.41912,2603.8899082568805,0.0026038899082568806,1996-06-28,19.295527777777775,-99.17608333333334,12707.0,Barrio San Fernando,Tlalpan,False,Barrio San Fernando — Tlalpan,False
13DFE100309/26HMGC18,SISTEMA DE AGUAS DE LA CIUDAD DE MEXICO,PÚBLICO URBANO,599184.0,0.599184,1099.4201834862386,0.0010994201834862386,1996-06-28,19.322777777777777,-99.22027777777778,12415.0,San Jeronimo Lidice,La Magdalena Contreras,True,San Jeronimo Lidice — La Magdalena Contreras,True
13DFE100309/26HMGC18,SISTEMA DE AGUAS DE LA CIUDAD DE MEXICO,PÚBLICO URBANO,693792.0,0.693792,1273.0128440366973,0.0012730128440366973,1996-06-28,19.449444444444445,-99.2115,12462.0,Unidad Hab Lomas De Sotelo,Miguel Hidalgo,True,Unidad Hab Lomas De Sotelo — Miguel Hidalgo,True
13DFE100309/26HMGC18,SISTEMA DE AGUAS DE LA CIUDAD DE MEXICO,PÚBLICO URBANO,378432.0,0.378432,694.3706422018348,0.0006943706422018348,1996-06-28,19.488,-99.20080555555556,11441.0,Petrolera,Azcapotzalco,False,Petrolera — Azcapotzalco,False
13DFE100309/26HMGC18,SISTEMA DE AGUAS DE LA CIUDAD DE MEXICO,PÚBLICO URBANO,788400.0,0.7884,1446.605504587156,0.001446605504587156,1996-06-28,19.37338888888889,-99.11736111111112,12224.0,San Juanico Nextipac,Iztapalapa,False,San Juanico Nextipac — Iztapalapa,False
13DFE100309/26HMGC18,SISTEMA DE AGUAS DE LA CIUDAD DE MEXICO,PÚBLICO URBANO,788400.0,0.7884,1446.605504587156,0.001446605504587156,1996-06-28,19.310222222222222,-99.07063888888888,12394.0,Barrio San Antonio,Iztapalapa,False,Barrio San Antonio — Iztapalapa,False
13DFE100309/26HMGC18,SISTEMA DE AGUAS DE LA CIUDAD DE MEXICO,PÚBLICO URBANO,630720.0,0.63072,1157.2844036697247,0.0011572844036697248,1996-06-28,19.450555555555557,-99.15694444444443,11813.0,Santa Maria La Ribera,Cuauhtemoc,False,Santa Maria La Ribera — Cuauhtemoc,False
13DFE100309/26HMGC18,SISTEMA DE AGUAS DE LA CIUDAD DE MEXICO,PÚBLICO URBANO,441504.0,0.441504,810.0990825688074,0.0008100990825688074,1996-06-28,19.505,-99.19222222222224,11401.0,Culturas Universales,Azcapotzalco,False,Culturas Universales — Azcapotzalco,False
13DFE100309/26HMGC18,SISTEMA DE AGUAS DE LA CIUDAD DE MEXICO,PÚBLICO URBANO,788400.0,0.7884,1446.605504587156,0.001446605504587156,1996-06-28,19.5015,-99.20294444444444,11394.0,Infonavit El Rosario,Azcapotzalco,False,Infonavit El Rosario — Azcapotzalco,False
13DFE100309/26HMGC18,SISTEMA DE AGUAS DE LA CIUDAD DE MEXICO,PÚBLICO URBANO,1040688.0,1.040688,1909.5192660550458,0.0019095192660550458,1996-06-28,19.475166666666667,-99.205,11457.0,San Miguel Amantla,Azcapotzalco,False,San Miguel Amantla — Azcapotzalco,False
13DFE100309/26HMGC18,SISTEMA DE AGUAS DE LA CIUDAD DE MEXICO,PÚBLICO URBANO,662256.0,0.662256,1215.1486238532111,0.0012151486238532112,1996-06-28,19.481944444444444,-99.2152777777778,11461.0,Ampl San Pedro Xalpa,Azcapotzalco,False,Ampl San Pedro Xalpa — Azcapotzalco,False
13DFE100309/26HMGC18,SISTEMA DE AGUAS DE LA CIUDAD DE MEXICO,PÚBLICO URBANO,283824.0,0.283824,520.7779816513762,0.0005207779816513762,1996-06-28,19.43055555555556,-99.105,12958.0,Moctezuma 1Ra Secc,Venustiano Carranza,False,Moctezuma 1Ra Secc — Venustiano Carranza,False
13DFE100309/26HMGC18,SISTEMA DE AGUAS DE LA CIUDAD DE MEXICO,PÚBLICO URBANO,315360.0,0.31536,578.6422018348624,0.0005786422018348624,1996-06-28,19.490861111111112,-99.17708333333334,11419.0,Santa Catarina,Azcapotzalco,False,Santa Catarina — Azcapotzalco,False
13DFE100309/26HMGC18,SISTEMA DE AGUAS DE LA CIUDAD DE MEXICO,PÚBLICO URBANO,315360.0,0.31536,578.6422018348624,0.0005786422018348624,1996-06-28,19.29527777777778,-99.1825,12705.0,PeãA Pobre,Tlalpan,False,PeãA Pobre — Tlalpan,False
13DFE100309/26HMGC18,SISTEMA DE AGUAS DE LA CIUDAD DE MEXICO,PÚBLICO URBANO,977616.0,0.977616,1793.7908256880735,0.0017937908256880734,1996-06-28,19.406666666666663,-99.08138888888888,12115.0,Unidad Deportiva Magdalena Mixhuca,Iztacalco,False,Unidad Deportiva Magdalena Mixhuca — Iztacalco,False
13DFE100309/26HMGC18,SISTEMA DE AGUAS DE LA CIUDAD DE MEXICO,PÚBLICO URBANO,220752.0,0.220752,405.0495412844037,0.0004050495412844037,1996-06-28,19.44938888888889,-99.13616666666668,11832.0,Unidad Hab Nonoalco Tlatelolco,Cuauhtemoc,False,Unidad Hab Nonoalco Tlatelolco — Cuauhtemoc,False
13DFE100309/26HMGC18,SISTEMA DE AGUAS DE LA CIUDAD DE MEXICO,PÚBLICO URBANO,883008.0,0.883008,1620.1981651376148,0.0016201981651376147,1996-06-28,19.366666666666667,-99.11605555555556,12164.0,Sector Popular,Iztapalapa,False,Sector Popular — Iztapalapa,False
13DFE100309/26HMGC18,SISTEMA DE AGUAS DE LA CIUDAD DE MEXICO,PÚBLICO URBANO,1829088.0,1.829088,3356.124770642202,0.003356124770642202,1996-06-28,19.36355555555556,-99.11866666666666,12169.0,Heroes De Churubusco,Iztapalapa,False,Heroes De Churubusco — Iztapalapa,False
13DFE100309/26HMGC18,SISTEMA DE AGUAS DE LA CIUDAD DE MEXICO,PÚBLICO URBANO,756864.0,0.756864,1388.7412844036696,0.0013887412844036696,1996-06-28,19.397777777777776,-99.20416666666668,11109.0,Acueducto,Alvaro Obregon,True,Acueducto — Alvaro Obregon,True
13DFE100309/26HMGC18,SISTEMA DE AGUAS DE LA CIUDAD DE MEXICO,PÚBLICO URBANO,283824.0,0.283824,520.7779816513762,0.0005207779816513762,1996-06-28,19.44527777777778,-99.08055555555556,12959.0,Pensador Mexicano,Venustiano Carranza,False,Pensador Mexicano — Venustiano Carranza,False
13DFE100309/26HMGC18,SISTEMA DE AGUAS DE LA CIUDAD DE MEXICO,PÚBLICO URBANO,441504.0,0.441504,810.0990825688074,0.0008100990825688074,1996-06-28,19.34097222222222,-99.23969444444444,11315.0,Ocotillos,Alvaro Obregon,True,Ocotillos — Alvaro Obregon,True
13DFE100309/26HMGC18,SISTEMA DE AGUAS DE LA CIUDAD DE MEXICO,PÚBLICO URBANO,567648.0,0.567648,1041.5559633027524,0.0010415559633027525,1996-06-28,19.28488888888889,-99.16141666666668,12709.0,Barrio NiãO Jesus,Tlalpan,False,Barrio NiãO Jesus — Tlalpan,False
13DFE100309/26HMGC18,SISTEMA DE AGUAS DE LA CIUDAD DE MEXICO,PÚBLICO URBANO,1009152.0,1.009152,1851.6550458715597,0.0018516550458715596,1996-06-28,19.47861111111111,-99.15141666666668,11453.0,Trabajadores Del Hierro,Azcapotzalco,False,Trabajadores Del Hierro — Azcapotzalco,False
13DFE100309/26HMGC18,SISTEMA DE AGUAS DE LA CIUDAD DE MEXICO,PÚBLICO URBANO,630720.0,0.63072,1157.2844036697247,0.0011572844036697248,1996-06-28,19.36780555555556,-99.1241111111111,12168.0,Unidad Modelo,Iztapalapa,False,Unidad Modelo — Iztapalapa,False
13DFE100309/26HMGC18,SISTEMA DE AGUAS DE LA CIUDAD DE MEXICO,PÚBLICO URBANO,2018304.0,2.018304,3703.3100917431193,0.003703310091743119,1996-06-28,19.360916666666668,-99.12641666666666,12166.0,Cacama,Iztapalapa,False,Cacama — Iztapalapa,False
13DFE100309/26HMGC18,SISTEMA DE AGUAS DE LA CIUDAD DE MEXICO,PÚBLICO URBANO,1040688.0,1.040688,1909.5192660550458,0.0019095192660550458,1996-06-28,19.3515,-99.16975,11560.0,Ampl Del Carmen,Coyoacan,False,Ampl Del Carmen — Coyoacan,False
13DFE100309/26HMGC18,SISTEMA DE AGUAS DE LA CIUDAD DE MEXICO,PÚBLICO URBANO,409968.0,0.409968,752.2348623853211,0.0007522348623853211,1996-06-28,19.403305555555555,-99.17705555555555,12531.0,Escandon,Miguel Hidalgo,True,Escandon — Miguel Hidalgo,True
13DFE100309/26HMGC18,SISTEMA DE AGUAS DE LA CIUDAD DE MEXICO,PÚBLICO URBANO,693792.0,0.693792,1273.0128440366973,0.0012730128440366973,1996-06-28,19.358361111111112,-99.12188888888888,12170.0,Mexicaltzingo,Iztapalapa,False,Mexicaltzingo — Iztapalapa,False
13DFE100309/26HMGC18,SISTEMA DE AGUAS DE LA CIUDAD DE MEXICO,PÚBLICO URBANO,157680.0,0.15768,289.3211009174312,0.0002893211009174312,1996-06-28,19.36508333333333,-99.02252777777778,12175.0,Zona Urb Sta Martha Acatitla Norte,Iztapalapa,False,Zona Urb Sta Martha Acatitla Norte — Iztapalapa,False
13DFE100309/26HMGC18,SISTEMA DE AGUAS DE LA CIUDAD DE MEXICO,PÚBLICO URBANO,1639872.0,1.639872,3008.9394495412844,0.0030089394495412844,1996-06-28,19.38275,-99.12238888888888,12143.0,Santiago,Iztacalco,False,Santiago — Iztacalco,False
13DFE100309/26HMGC18,SISTEMA DE AGUAS DE LA CIUDAD DE MEXICO,PÚBLICO URBANO,977616.0,0.977616,1793.7908256880735,0.0017937908256880734,1996-06-28,19.3065,-99.1866388888889,11664.0,Ampl Insurgentes Cuicuilco,Coyoacan,False,Ampl Insurgentes Cuicuilco — Coyoacan,False
13DFE100309/26HMGC18,SISTEMA DE AGUAS DE LA CIUDAD DE MEXICO,PÚBLICO URBANO,883008.0,0.883008,1620.1981651376148,0.0016201981651376147,1996-06-28,19.30161111111111,-99.18605555555555,12693.0,Parques Del Pedregal,Tlalpan,False,Parques Del Pedregal — Tlalpan,False
13DFE100309/26HMGC18,SISTEMA DE AGUAS DE LA CIUDAD DE MEXICO,PÚBLICO URBANO,346896.0,0.346896,636.5064220183486,0.0006365064220183487,1996-06-28,19.296722222222225,-99.19241666666667,12691.0,Villa Charra Del Pedregal,Tlalpan,False,Villa Charra Del Pedregal — Tlalpan,False
13DFE100309/26HMGC18,SISTEMA DE AGUAS DE LA CIUDAD DE MEXICO,PÚBLICO URBANO,819936.0,0.819936,1504.4697247706422,0.0015044697247706422,1996-06-28,19.42055555555556,-99.07527777777776,12970.0,Aeropuerto Inter B Juarez,Venustiano Carranza,False,Aeropuerto Inter B Juarez — Venustiano Carranza,False
13DFE100309/26HMGC18,SISTEMA DE AGUAS DE LA CIUDAD DE MEXICO,PÚBLICO URBANO,819936.0,0.819936,1504.4697247706422,0.0015044697247706422,1996-06-28,19.37627777777778,-99.26419444444444,11746.0,Lomas De Vista Hermosa,Cuajimalpa De Morelos,True,Lomas De Vista Hermosa — Cuajimalpa De Morelos,True
13DFE100309/26HMGC18,SISTEMA DE AGUAS DE LA CIUDAD DE MEXICO,PÚBLICO URBANO,1419120.0,1.41912,2603.8899082568805,0.0026038899082568806,1996-06-28,19.31308333333333,-99.14830555555557,11668.0,Pedregal Santa Ursula,Coyoacan,False,Pedregal Santa Ursula — Coyoacan,False
13DFE100309/26HMGC18,SISTEMA DE AGUAS DE LA CIUDAD DE MEXICO,PÚBLICO URBANO,630720.0,0.63072,1157.2844036697247,0.0011572844036697248,1996-06-28,19.415277777777774,-99.06833333333331,12101.0,Pantitlan,Iztacalco,False,Pantitlan — Iztacalco,False
13DFE100309/26HMGC18,SISTEMA DE AGUAS DE LA CIUDAD DE MEXICO,PÚBLICO URBANO,315360.0,0.31536,578.6422018348624,0.0005786422018348624,1996-06-28,19.45583333333333,-99.07888888888888,12063.0,Bosque De San Juan De Aragon,Gustavo A. Madero,False,Bosque De San Juan De Aragon — Gustavo A. Madero,False
13DFE100309/26HMGC18,SISTEMA DE AGUAS DE LA CIUDAD DE MEXICO,PÚBLICO URBANO,788400.0,0.7884,1446.605504587156,0.001446605504587156,1996-06-28,19.379722222222224,-99.09388888888888,12161.0,Central De Abastos,Iztapalapa,False,Central De Abastos — Iztapalapa,False
13DFE100309/26HMGC18,SISTEMA DE AGUAS DE LA CIUDAD DE MEXICO,PÚBLICO URBANO,630720.0,0.63072,1157.2844036697247,0.0011572844036697248,1996-06-28,19.29583333333333,-99.15055555555556,12795.0,San Lorenzo Huipulco,Tlalpan,False,San Lorenzo Huipulco — Tlalpan,False
13DFE100309/26HMGC18,SISTEMA DE AGUAS DE LA CIUDAD DE MEXICO,PÚBLICO URBANO,630720.0,0.63072,1157.2844036697247,0.0011572844036697248,1996-06-28,19.334722222222226,-99.03222222222222,12294.0,Buenavista,Iztapalapa,False,Buenavista — Iztapalapa,False
13DFE100309/26HMGC18,SISTEMA DE AGUAS DE LA CIUDAD DE MEXICO,PÚBLICO URBANO,819930.0,0.81993,1504.4587155963302,0.0015044587155963302,1996-06-28,19.464972222222222,-99.16630555555555,11473.0,Nueva Santa Maria,Azcapotzalco,False,Nueva Santa Maria — Azcapotzalco,False
13DFE100309/26HMGC18,SISTEMA DE AGUAS DE LA CIUDAD DE MEXICO,PÚBLICO URBANO,599184.0,0.599184,1099.4201834862386,0.0010994201834862386,1996-06-28,19.484722222222224,-99.19972222222222,11441.0,Petrolera,Azcapotzalco,False,Petrolera — Azcapotzalco,False
13DFE100309/26HMGC18,SISTEMA DE AGUAS DE LA CIUDAD DE MEXICO,PÚBLICO URBANO,756864.0,0.756864,1388.7412844036696,0.0013887412844036696,1996-06-28,19.408583333333333,-99.11130555555556,12994.0,Jardin Balbuena,Venustiano Carranza,False,Jardin Balbuena — Venustiano Carranza,False
13DFE100309/26HMGC18,SISTEMA DE AGUAS DE LA CIUDAD DE MEXICO,PÚBLICO URBANO,315360.0,0.31536,578.6422018348624,0.0005786422018348624,1996-06-28,19.285833333333336,-99.16636111111112,12686.0,Tlalpan Centro I,Tlalpan,False,Tlalpan Centro I — Tlalpan,False
13DFE100309/26HMGC18,SISTEMA DE AGUAS DE LA CIUDAD DE MEXICO,PÚBLICO URBANO,1367584.0,1.367584,2509.3284403669727,0.002509328440366973,1996-06-28,19.36138888888889,-99.14163888888888,11526.0,Miravalle,Benito Juarez,False,Miravalle — Benito Juarez,False
13DFE100309/26HMGC18,SISTEMA DE AGUAS DE LA CIUDAD DE MEXICO,PÚBLICO URBANO,1324512.0,1.324512,2430.2972477064222,0.0024302972477064223,1996-06-28,19.374583333333334,-99.1425,11534.0,San Simon Ticumac,Benito Juarez,False,San Simon Ticumac — Benito Juarez,False
13DFE100309/26HMGC18,SISTEMA DE AGUAS DE LA CIUDAD DE MEXICO,PÚBLICO URBANO,630720.0,0.63072,1157.2844036697247,0.0011572844036697248,1996-06-28,19.499166666666667,-99.07527777777776,11983.0,San Felipe De Jesus,Gustavo A. Madero,False,San Felipe De Jesus — Gustavo A. Madero,False
13DFE100309/26HMGC18,SISTEMA DE AGUAS DE LA CIUDAD DE MEXICO,PÚBLICO URBANO,630720.0,0.63072,1157.2844036697247,0.0011572844036697248,1996-06-28,19.352694444444445,-99.14172222222224,11569.0,Country Club,Coyoacan,False,Country Club — Coyoacan,False
13DFE100309/26HMGC18,SISTEMA DE AGUAS DE LA CIUDAD DE MEXICO,PÚBLICO URBANO,914544.0,0.914544,1678.062385321101,0.001678062385321101,1996-06-28,19.41027777777777,-99.15861111111111,11821.0,Centro Urbano Benito Juarez,Cuauhtemoc,False,Centro Urbano Benito Juarez — Cuauhtemoc,False
13DFE100309/26HMGC18,SISTEMA DE AGUAS DE LA CIUDAD DE MEXICO,PÚBLICO URBANO,1135296.0,1.135296,2083.111926605505,0.002083111926605505,1996-06-28,19.3395,-99.16611111111112,11593.0,Fracc Pedregal De San Francisco,Coyoacan,False,Fracc Pedregal De San Francisco — Coyoacan,False
13DFE100309/26HMGC18,SISTEMA DE AGUAS DE LA CIUDAD DE MEXICO,PÚBLICO URBANO,1608336.0,1.608336,2951.075229357798,0.002951075229357798,1996-06-28,19.372444444444444,-99.15472222222223,11507.0,Portales Norte,Benito Juarez,False,Portales Norte — Benito Juarez,False
13DFE100309/26HMGC18,SISTEMA DE AGUAS DE LA CIUDAD DE MEXICO,PÚBLICO URBANO,283824.0,0.283824,520.7779816513762,0.0005207779816513762,1996-06-28,19.399444444444445,-99.135,12103.0,Viaducto Piedad,Iztacalco,False,Viaducto Piedad — Iztacalco,False
13DFE100309/26HMGC18,SISTEMA DE AGUAS DE LA CIUDAD DE MEXICO,PÚBLICO URBANO,788400.0,0.7884,1446.605504587156,0.001446605504587156,1996-06-28,19.356361111111116,-99.07344444444443,12217.0,Barrio San Miguel,Iztapalapa,False,Barrio San Miguel — Iztapalapa,False
13DFE100309/26HMGC18,SISTEMA DE AGUAS DE LA CIUDAD DE MEXICO,PÚBLICO URBANO,1639872.0,1.639872,3008.9394495412844,0.0030089394495412844,1996-06-28,19.339194444444445,-99.02944444444444,12305.0,Reforma Politica,Iztapalapa,False,Reforma Politica — Iztapalapa,False
13DFE100309/26HMGC18,SISTEMA DE AGUAS DE LA CIUDAD DE MEXICO,PÚBLICO URBANO,1166832.0,1.166832,2140.9761467889907,0.002140976146788991,1996-06-28,19.341305555555557,-99.085,12364.0,Infonavit San Francisco,Iztapalapa,False,Infonavit San Francisco — Iztapalapa,False
13DFE100309/26HMGC18,SISTEMA DE AGUAS DE LA CIUDAD DE MEXICO,PÚBLICO URBANO,851472.0,0.851472,1562.3339449541284,0.0015623339449541284,1996-06-28,19.24886111111111,-99.02186111111112,13138.0,3A Secc Los Cerrillos,Xochimilco,False,3A Secc Los Cerrillos — Xochimilco,False
13DFE100309/26HMGC18,SISTEMA DE AGUAS DE LA CIUDAD DE MEXICO,PÚBLICO URBANO,1513728.0,1.513728,2777.4825688073392,0.0027774825688073393,1996-06-28,19.247,-99.01872222222222,13137.0,2A Secc Los Cerrillos,Xochimilco,False,2A Secc Los Cerrillos — Xochimilco,False
13DFE100309/26HMGC18,SISTEMA DE AGUAS DE LA CIUDAD DE MEXICO,PÚBLICO URBANO,2175984.0,2.175984,3992.6311926605504,0.003992631192660551,1996-06-28,19.246333333333336,-99.01025,13140.0,Santa Maria Nativitas,Tlahuac,False,Santa Maria Nativitas — Tlahuac,False
13DFE100309/26HMGC18,SISTEMA DE AGUAS DE LA CIUDAD DE MEXICO,PÚBLICO URBANO,1103760.0,1.10376,2025.2477064220184,0.0020252477064220185,1996-06-28,19.232,-99.12544444444444,13143.0,San Mateo Xalpa,Xochimilco,False,San Mateo Xalpa — Xochimilco,False
13DFE100309/26HMGC18,SISTEMA DE AGUAS DE LA CIUDAD DE MEXICO,PÚBLICO URBANO,788400.0,0.7884,1446.605504587156,0.001446605504587156,1996-06-28,19.23761111111111,-99.12947222222222,13143.0,San Mateo Xalpa,Xochimilco,False,San Mateo Xalpa — Xochimilco,False
13DFE100309/26HMGC18,SISTEMA DE AGUAS DE LA CIUDAD DE MEXICO,PÚBLICO URBANO,1103760.0,1.10376,2025.2477064220184,0.0020252477064220185,1996-06-28,19.25175,-99.06833333333331,13123.0,San Juan Moyotepec,Xochimilco,False,San Juan Moyotepec — Xochimilco,False
13DFE100309/26HMGC18,SISTEMA DE AGUAS DE LA CIUDAD DE MEXICO,PÚBLICO URBANO,756864.0,0.756864,1388.7412844036696,0.0013887412844036696,1996-06-28,19.24955555555556,-99.04369444444444,13114.0,San Andres,Xochimilco,False,San Andres — Xochimilco,False
13DFE100309/26HMGC18,SISTEMA DE AGUAS DE LA CIUDAD DE MEXICO,PÚBLICO URBANO,567648.0,0.567648,1041.5559633027524,0.0010415559633027525,1996-06-28,19.278055555555557,-99.18083333333334,12834.0,El Convento,Tlalpan,False,El Convento — Tlalpan,False
13DFE100309/26HMGC18,SISTEMA DE AGUAS DE LA CIUDAD DE MEXICO,PÚBLICO URBANO,630720.0,0.63072,1157.2844036697247,0.0011572844036697248,1996-06-28,19.250888888888888,-99.03816666666668,13121.0,Guadalupana,Xochimilco,False,Guadalupana — Xochimilco,False
13DFE100309/26HMGC18,SISTEMA DE AGUAS DE LA CIUDAD DE MEXICO,PÚBLICO URBANO,1324512.0,1.324512,2430.2972477064222,0.0024302972477064223,1996-06-28,19.238472222222224,-99.11861111111112,13143.0,San Mateo Xalpa,Xochimilco,False,San Mateo Xalpa — Xochimilco,False
13DFE100309/26HMGC18,SISTEMA DE AGUAS DE LA CIUDAD DE MEXICO,PÚBLICO URBANO,1545264.0,1.545264,2835.3467889908256,0.0028353467889908257,1996-06-28,19.300527777777777,-99.15205555555556,11694.0,Bosques De Tetlalmeya,Coyoacan,False,Bosques De Tetlalmeya — Coyoacan,False
13DFE100309/26HMGC18,SISTEMA DE AGUAS DE LA CIUDAD DE MEXICO,PÚBLICO URBANO,1356048.0,1.356048,2488.161467889908,0.0024881614678899083,1996-06-28,19.33230555555556,-99.12355555555555,11575.0,San Francisco Culhuacan,Coyoacan,False,San Francisco Culhuacan — Coyoacan,False
13DFE100309/26HMGC18,SISTEMA DE AGUAS DE LA CIUDAD DE MEXICO,PÚBLICO URBANO,946080.0,0.94608,1735.926605504587,0.001735926605504587,1996-06-28,19.275416666666665,-99.13908333333336,13019.0,Santa Maria Tepepan,Xochimilco,False,Santa Maria Tepepan — Xochimilco,False
13DFE100309/26HMGC18,SISTEMA DE AGUAS DE LA CIUDAD DE MEXICO,PÚBLICO URBANO,756864.0,0.756864,1388.7412844036696,0.0013887412844036696,1996-06-28,19.268916666666662,-99.14452777777778,12884.0,Valle De Tepepan,Tlalpan,False,Valle De Tepepan — Tlalpan,False
13DFE100309/26HMGC18,SISTEMA DE AGUAS DE LA CIUDAD DE MEXICO,PÚBLICO URBANO,1324512.0,1.324512,2430.2972477064222,0.0024302972477064223,1996-06-28,19.264416666666666,-99.13044444444444,13021.0,Ampl Tepepan,Xochimilco,False,Ampl Tepepan — Xochimilco,False
13DFE100309/26HMGC18,SISTEMA DE AGUAS DE LA CIUDAD DE MEXICO,PÚBLICO URBANO,1324512.0,1.324512,2430.2972477064222,0.0024302972477064223,1996-06-28,19.24475,-99.12025,13074.0,Santiago Tepalcatlalpan,Xochimilco,False,Santiago Tepalcatlalpan — Xochimilco,False
13DFE100309/26HMGC18,SISTEMA DE AGUAS DE LA CIUDAD DE MEXICO,PÚBLICO URBANO,725328.0,0.725328,1330.8770642201835,0.0013308770642201835,1996-06-28,19.265027777777775,-99.16066666666669,12888.0,Valle Verde,Tlalpan,False,Valle Verde — Tlalpan,False
13DFE100309/26HMGC18,SISTEMA DE AGUAS DE LA CIUDAD DE MEXICO,PÚBLICO URBANO,315360.0,0.31536,578.6422018348624,0.0005786422018348624,1996-06-28,19.28388888888889,-99.23194444444444,12713.0,Pedregal De San Nicolas 3Ra Secc,Tlalpan,False,Pedregal De San Nicolas 3Ra Secc — Tlalpan,False
13DFE100309/26HMGC18,SISTEMA DE AGUAS DE LA CIUDAD DE MEXICO,PÚBLICO URBANO,914544.0,0.914544,1678.062385321101,0.001678062385321101,1996-06-28,19.23963888888889,-99.07177777777775,13108.0,Tecacalanco,Xochimilco,False,Tecacalanco — Xochimilco,False
13DFE100309/26HMGC18,SISTEMA DE AGUAS DE LA CIUDAD DE MEXICO,PÚBLICO URBANO,1103760.0,1.10376,2025.2477064220184,0.0020252477064220185,1996-06-28,19.50852777777778,-99.20505555555556,11394.0,Infonavit El Rosario,Azcapotzalco,False,Infonavit El Rosario — Azcapotzalco,False
13DFE100309/26HMGC18,SISTEMA DE AGUAS DE LA CIUDAD DE MEXICO,PÚBLICO URBANO,1072224.0,1.072224,1967.3834862385322,0.001967383486238532,1996-06-28,19.497333333333334,-99.21013888888888,11433.0,Hacienda Del Rosario,Azcapotzalco,False,Hacienda Del Rosario — Azcapotzalco,False
13DFE100309/26HMGC18,SISTEMA DE AGUAS DE LA CIUDAD DE MEXICO,PÚBLICO URBANO,315360.0,0.31536,578.6422018348624,0.0005786422018348624,1996-06-28,19.503555555555558,-99.18294444444444,11416.0,Santa Barbara,Azcapotzalco,False,Santa Barbara — Azcapotzalco,False
13DFE100309/26HMGC18,SISTEMA DE AGUAS DE LA CIUDAD DE MEXICO,PÚBLICO URBANO,662256.0,0.662256,1215.1486238532111,0.0012151486238532112,1996-06-28,19.491777777777777,-99.20755555555556,11435.0,La Providencia,Azcapotzalco,False,La Providencia — Azcapotzalco,False
13DFE100309/26HMGC18,SISTEMA DE AGUAS DE LA CIUDAD DE MEXICO,PÚBLICO URBANO,946080.0,0.94608,1735.926605504587,0.001735926605504587,1996-06-28,19.496194444444445,-99.20119444444444,11434.0,Presidente Madero,Azcapotzalco,False,Presidente Madero — Azcapotzalco,False
13DFE100309/26HMGC18,SISTEMA DE AGUAS DE LA CIUDAD DE MEXICO,PÚBLICO URBANO,157680.0,0.15768,289.3211009174312,0.0002893211009174312,1996-06-28,19.48705555555556,-99.21686111111111,11460.0,Isssfam Sedena Las Armas,Azcapotzalco,False,Isssfam Sedena Las Armas — Azcapotzalco,False
13DFE100309/26HMGC18,SISTEMA DE AGUAS DE LA CIUDAD DE MEXICO,PÚBLICO URBANO,946080.0,0.94608,1735.926605504587,0.001735926605504587,1996-06-28,19.489611111111117,-99.19005555555556,11412.0,Santo Domingo,Azcapotzalco,False,Santo Domingo — Azcapotzalco,False
13DFE100309/26HMGC18,SISTEMA DE AGUAS DE LA CIUDAD DE MEXICO,PÚBLICO URBANO,1072224.0,1.072224,1967.3834862385322,0.001967383486238532,1996-06-28,19.486944444444447,-99.18333333333334,11377.0,San Marcos,Azcapotzalco,False,San Marcos — Azcapotzalco,False
13DFE100309/26HMGC18,SISTEMA DE AGUAS DE LA CIUDAD DE MEXICO,PÚBLICO URBANO,788400.0,0.7884,1446.605504587156,0.001446605504587156,1996-06-28,19.48038888888889,-99.199,11465.0,Campo Encantado,Azcapotzalco,False,Campo Encantado — Azcapotzalco,False
13DFE100309/26HMGC18,SISTEMA DE AGUAS DE LA CIUDAD DE MEXICO,PÚBLICO URBANO,441504.0,0.441504,810.0990825688074,0.0008100990825688074,1996-06-28,19.47647222222222,-99.20958333333334,11467.0,Santiago Ahuizotla,Azcapotzalco,False,Santiago Ahuizotla — Azcapotzalco,False
13DFE100309/26HMGC18,SISTEMA DE AGUAS DE LA CIUDAD DE MEXICO,PÚBLICO URBANO,851472.0,0.851472,1562.3339449541284,0.0015623339449541284,1996-06-28,19.462138888888887,-99.18302777777778,11390.0,San Alvaro,Azcapotzalco,False,San Alvaro — Azcapotzalco,False
13DFE100309/26HMGC18,SISTEMA DE AGUAS DE LA CIUDAD DE MEXICO,PÚBLICO URBANO,788400.0,0.7884,1446.605504587156,0.001446605504587156,1996-06-28,19.452777777777776,-99.0786111111111,12063.0,Bosque De San Juan De Aragon,Gustavo A. Madero,False,Bosque De San Juan De Aragon — Gustavo A. Madero,False
13DFE100309/26HMGC18,SISTEMA DE AGUAS DE LA CIUDAD DE MEXICO,PÚBLICO URBANO,1040688.0,1.040688,1909.5192660550458,0.0019095192660550458,1996-06-28,19.465055555555555,-99.17330555555556,11478.0,Obrero Popular,Azcapotzalco,False,Obrero Popular — Azcapotzalco,False
13DFE100309/26HMGC18,SISTEMA DE AGUAS DE LA CIUDAD DE MEXICO,PÚBLICO URBANO,946080.0,0.94608,1735.926605504587,0.001735926605504587,1996-06-28,19.47825,-99.16355555555556,11454.0,Euzkadi,Azcapotzalco,False,Euzkadi — Azcapotzalco,False
13DFE100309/26HMGC18,SISTEMA DE AGUAS DE LA CIUDAD DE MEXICO,PÚBLICO URBANO,1009152.0,1.009152,1851.6550458715597,0.0018516550458715596,1996-06-28,19.473805555555558,-99.15672222222224,11450.0,Pro Hogar,Azcapotzalco,False,Pro Hogar — Azcapotzalco,False
13DFE100309/26HMGC18,SISTEMA DE AGUAS DE LA CIUDAD DE MEXICO,PÚBLICO URBANO,1261440.0,1.26144,2314.5688073394494,0.0023145688073394496,1996-06-28,19.291444444444448,-99.07652777777776,13039.0,La Cienega Chica,Xochimilco,False,La Cienega Chica — Xochimilco,False
13DFE100309/26HMGC18,SISTEMA DE AGUAS DE LA CIUDAD DE MEXICO,PÚBLICO URBANO,914544.0,0.914544,1678.062385321101,0.001678062385321101,1996-06-28,19.36277777777778,-99.06583333333332,12180.0,Unidad Hab Vicente Guerrero,Iztapalapa,False,Unidad Hab Vicente Guerrero — Iztapalapa,False
13DFE100309/26HMGC18,SISTEMA DE AGUAS DE LA CIUDAD DE MEXICO,PÚBLICO URBANO,630720.0,0.63072,1157.2844036697247,0.0011572844036697248,1996-06-28,19.35805555555556,-99.02527777777776,12251.0,Z Urb Ej Sta Maria Aztahuacan,Iztapalapa,False,Z Urb Ej Sta Maria Aztahuacan — Iztapalapa,False
13DFE100309/26HMGC18,SISTEMA DE AGUAS DE LA CIUDAD DE MEXICO,PÚBLICO URBANO,630720.0,0.63072,1157.2844036697247,0.0011572844036697248,1996-06-28,19.350527777777778,-99.02336111111111,12250.0,Santa Maria Aztahuacan,Iztapalapa,False,Santa Maria Aztahuacan — Iztapalapa,False
13DFE100309/26HMGC18,SISTEMA DE AGUAS DE LA CIUDAD DE MEXICO,PÚBLICO URBANO,1135296.0,1.135296,2083.111926605505,0.002083111926605505,1996-06-28,19.31733333333333,-99.14163888888888,11674.0,El Reloj,Coyoacan,False,El Reloj — Coyoacan,False
13DFE100309/26HMGC18,SISTEMA DE AGUAS DE LA CIUDAD DE MEXICO,PÚBLICO URBANO,1608336.0,1.608336,2951.075229357798,0.002951075229357798,1996-06-28,19.24538888888889,-99.06827777777778,13111.0,Santa Cruz Acalpixca,Xochimilco,False,Santa Cruz Acalpixca — Xochimilco,False
13DFE100309/26HMGC18,SISTEMA DE AGUAS DE LA CIUDAD DE MEXICO,PÚBLICO URBANO,630720.0,0.63072,1157.2844036697247,0.0011572844036697248,1996-06-28,19.39022222222222,-99.1926388888889,11132.0,8 De Agosto,Alvaro Obregon,True,8 De Agosto — Alvaro Obregon,True
13DFE100309/26HMGC18,SISTEMA DE AGUAS DE LA CIUDAD DE MEXICO,PÚBLICO URBANO,536112.0,0.536112,983.6917431192661,0.000983691743119266,1996-06-28,19.299611111111112,-99.20508333333332,12732.0,Jardines En La MontaãA,Tlalpan,False,Jardines En La MontaãA — Tlalpan,False
13DFE100309/26HMGC18,SISTEMA DE AGUAS DE LA CIUDAD DE MEXICO,PÚBLICO URBANO,1545264.0,1.545264,2835.3467889908256,0.0028353467889908257,1996-06-28,19.24155555555556,-99.01147222222222,13137.0,2A Secc Los Cerrillos,Xochimilco,False,2A Secc Los Cerrillos — Xochimilco,False
13DFE100309/26HMGC18,SISTEMA DE AGUAS DE LA CIUDAD DE MEXICO,PÚBLICO URBANO,157680.0,0.15768,289.3211009174312,0.0002893211009174312,1996-06-28,19.363666666666667,-99.27255555555556,11779.0,Centro Comercial Santa Fe,Cuajimalpa De Morelos,True,Centro Comercial Santa Fe — Cuajimalpa De Morelos,True
13DFE100309/26HMGC18,SISTEMA DE AGUAS DE LA CIUDAD DE MEXICO,PÚBLICO URBANO,1482192.0,1.482192,2719.6183486238533,0.0027196183486238533,1996-06-28,19.34611111111111,-99.1235,11572.0,Paseos De TaxqueãA,Coyoacan,False,Paseos De TaxqueãA — Coyoacan,False
13DFE100309/26HMGC18,SISTEMA DE AGUAS DE LA CIUDAD DE MEXICO,PÚBLICO URBANO,157680.0,0.15768,289.3211009174312,0.0002893211009174312,1996-06-28,19.3105,-99.17277777777778,11693.0,Rinconada Las Playas Infonavit,Coyoacan,False,Rinconada Las Playas Infonavit — Coyoacan,False
13DFE100309/26HMGC18,SISTEMA DE AGUAS DE LA CIUDAD DE MEXICO,PÚBLICO URBANO,1103760.0,1.10376,2025.2477064220184,0.0020252477064220185,1996-06-28,19.33936111111111,-99.15266666666668,11610.0,Unidad Hab Del Pacifico,Coyoacan,False,Unidad Hab Del Pacifico — Coyoacan,False
13DFE100309/26HMGC18,SISTEMA DE AGUAS DE LA CIUDAD DE MEXICO,PÚBLICO URBANO,839808.0,0.839808,1540.9321100917432,0.0015409321100917433,1996-06-28,19.43430555555556,-99.20744444444443,12518.0,Los Morales Secc Alameda,Miguel Hidalgo,True,Los Morales Secc Alameda — Miguel Hidalgo,True
13DFE100309/26HMGC18,SISTEMA DE AGUAS DE LA CIUDAD DE MEXICO,PÚBLICO URBANO,819936.0,0.819936,1504.4697247706422,0.0015044697247706422,1996-06-28,19.445166666666665,-99.19402777777778,12511.0,Cuauhtemoc Pensil,Miguel Hidalgo,True,Cuauhtemoc Pensil — Miguel Hidalgo,True
13DFE100309/26HMGC18,SISTEMA DE AGUAS DE LA CIUDAD DE MEXICO,PÚBLICO URBANO,693792.0,0.693792,1273.0128440366973,0.0012730128440366973,1996-06-28,19.451888888888888,-99.17369444444444,12493.0,Nextitla,Miguel Hidalgo,True,Nextitla — Miguel Hidalgo,True
13DFE100309/26HMGC18,SISTEMA DE AGUAS DE LA CIUDAD DE MEXICO,PÚBLICO URBANO,1324512.0,1.324512,2430.2972477064222,0.0024302972477064223,1996-06-28,19.34875,-99.17472222222224,11551.0,Villa Coyoacan,Coyoacan,False,Villa Coyoacan — Coyoacan,False
13DFE100309/26HMGC18,SISTEMA DE AGUAS DE LA CIUDAD DE MEXICO,PÚBLICO URBANO,883008.0,0.883008,1620.1981651376148,0.0016201981651376147,1996-06-28,19.316111111111116,-99.15805555555556,11673.0,Adolfo Ruiz Cortines,Coyoacan,False,Adolfo Ruiz Cortines — Coyoacan,False
13DFE100309/26HMGC18,SISTEMA DE AGUAS DE LA CIUDAD DE MEXICO,PÚBLICO URBANO,946080.0,0.94608,1735.926605504587,0.001735926605504587,1996-06-28,19.32397222222222,-99.17291666666668,11629.0,Pedregal De Santo Domingo,Coyoacan,False,Pedregal De Santo Domingo — Coyoacan,False
13DFE100309/26HMGC18,SISTEMA DE AGUAS DE LA CIUDAD DE MEXICO,PÚBLICO URBANO,536112.0,0.536112,983.6917431192661,0.000983691743119266,1996-06-28,19.307194444444445,-99.16294444444443,11682.0,Pedregal De La Zorra,Coyoacan,False,Pedregal De La Zorra — Coyoacan,False
13DFE100309/26HMGC18,SISTEMA DE AGUAS DE LA CIUDAD DE MEXICO,PÚBLICO URBANO,536112.0,0.536112,983.6917431192661,0.000983691743119266,1996-06-28,19.305722222222222,-99.15291666666668,11668.0,Pedregal Santa Ursula,Coyoacan,False,Pedregal Santa Ursula — Coyoacan,False
13DFE100309/26HMGC18,SISTEMA DE AGUAS DE LA CIUDAD DE MEXICO,PÚBLICO URBANO,1608336.0,1.608336,2951.075229357798,0.002951075229357798,1996-06-28,19.328972222222223,-99.15641666666669,11630.0,Santo Domingo,Coyoacan,False,Santo Domingo — Coyoacan,False
13DFE100309/26HMGC18,SISTEMA DE AGUAS DE LA CIUDAD DE MEXICO,PÚBLICO URBANO,1261440.0,1.26144,2314.5688073394494,0.0023145688073394496,1996-06-28,19.280277777777776,-99.13366666666668,13018.0,San Juan Tepepan,Xochimilco,False,San Juan Tepepan — Xochimilco,False
13DFE100309/26HMGC18,SISTEMA DE AGUAS DE LA CIUDAD DE MEXICO,PÚBLICO URBANO,1166832.0,1.166832,2140.9761467889907,0.002140976146788991,1996-06-28,19.331694444444445,-99.15158333333332,11583.0,Candelaria Coyoacan,Coyoacan,False,Candelaria Coyoacan — Coyoacan,False
13DFE100309/26HMGC18,SISTEMA DE AGUAS DE LA CIUDAD DE MEXICO,PÚBLICO URBANO,1513728.0,1.513728,2777.4825688073392,0.0027774825688073393,1996-06-28,19.241777777777777,-99.05588888888887,13115.0,San Gregorio Atlapulco,Xochimilco,False,San Gregorio Atlapulco — Xochimilco,False
13DFE100309/26HMGC18,SISTEMA DE AGUAS DE LA CIUDAD DE MEXICO,PÚBLICO URBANO,1576800.0,1.5768,2893.211009174312,0.002893211009174312,1996-06-28,19.244972222222223,-99.05513888888888,13115.0,San Gregorio Atlapulco,Xochimilco,False,San Gregorio Atlapulco — Xochimilco,False
13DFE100309/26HMGC18,SISTEMA DE AGUAS DE LA CIUDAD DE MEXICO,PÚBLICO URBANO,2302128.0,2.302128,4224.088073394495,0.004224088073394495,1996-06-28,19.23680555555556,-99.05458333333333,13115.0,San Gregorio Atlapulco,Xochimilco,False,San Gregorio Atlapulco — Xochimilco,False
13DFE100309/26HMGC18,SISTEMA DE AGUAS DE LA CIUDAD DE MEXICO,PÚBLICO URBANO,1671408.0,1.671408,3066.8036697247708,0.0030668036697247708,1996-06-28,19.2435,-99.0135,13140.0,Santa Maria Nativitas,Tlahuac,False,Santa Maria Nativitas — Tlahuac,False
13DFE100309/26HMGC18,SISTEMA DE AGUAS DE LA CIUDAD DE MEXICO,PÚBLICO URBANO,1356048.0,1.356048,2488.161467889908,0.0024881614678899083,1996-06-28,19.23680555555556,-99.11158333333331,13085.0,San Lucas Xochimanca,Xochimilco,False,San Lucas Xochimanca — Xochimilco,False
13DFE100309/26HMGC18,SISTEMA DE AGUAS DE LA CIUDAD DE MEXICO,PÚBLICO URBANO,1608336.0,1.608336,2951.075229357798,0.002951075229357798,1996-06-28,19.232666666666663,-99.09283333333332,13107.0,La Joya De Vargas,Xochimilco,False,La Joya De Vargas — Xochimilco,False
13DFE100309/26HMGC18,SISTEMA DE AGUAS DE LA CIUDAD DE MEXICO,PÚBLICO URBANO,1229904.0,1.229904,2256.7045871559635,0.0022567045871559636,1996-06-28,19.235444444444447,-99.09136111111113,13103.0,Ampl Nativitas La Joya,Xochimilco,False,Ampl Nativitas La Joya — Xochimilco,False
13DFE100309/26HMGC18,SISTEMA DE AGUAS DE LA CIUDAD DE MEXICO,PÚBLICO URBANO,630720.0,0.63072,1157.2844036697247,0.0011572844036697248,1996-06-28,19.27861111111111,-99.19055555555556,12828.0,Parque Nacional Fuentes Brotantes,Tlalpan,False,Parque Nacional Fuentes Brotantes — Tlalpan,False
13DFE100309/26HMGC18,SISTEMA DE AGUAS DE LA CIUDAD DE MEXICO,PÚBLICO URBANO,630720.0,0.63072,1157.2844036697247,0.0011572844036697248,1996-06-28,19.3545,-99.16086111111112,11559.0,Del Carmen,Coyoacan,False,Del Carmen — Coyoacan,False
13DFE100309/26HMGC18,SISTEMA DE AGUAS DE LA CIUDAD DE MEXICO,PÚBLICO URBANO,630720.0,0.63072,1157.2844036697247,0.0011572844036697248,1996-06-28,19.28608333333333,-99.17997222222225,12828.0,Parque Nacional Fuentes Brotantes,Tlalpan,False,Parque Nacional Fuentes Brotantes — Tlalpan,False
13DFE100309/26HMGC18,SISTEMA DE AGUAS DE LA CIUDAD DE MEXICO,PÚBLICO URBANO,819936.0,0.819936,1504.4697247706422,0.0015044697247706422,1996-06-28,19.297416666666667,-99.20952777777778,12732.0,Jardines En La MontaãA,Tlalpan,False,Jardines En La MontaãA — Tlalpan,False
13DFE100309/26HMGC18,SISTEMA DE AGUAS DE LA CIUDAD DE MEXICO,PÚBLICO URBANO,599184.0,0.599184,1099.4201834862386,0.0010994201834862386,1996-06-28,19.307222222222222,-99.22797222222222,12724.0,Fuentes Del Pedregal,Tlalpan,False,Fuentes Del Pedregal — Tlalpan,False
13DFE100309/26HMGC18,SISTEMA DE AGUAS DE LA CIUDAD DE MEXICO,PÚBLICO URBANO,1986768.0,1.986768,3645.445871559633,0.003645445871559633,1996-06-28,19.31194444444445,-99.1563888888889,11668.0,Pedregal Santa Ursula,Coyoacan,False,Pedregal Santa Ursula — Coyoacan,False
13DFE100309/26HMGC18,SISTEMA DE AGUAS DE LA CIUDAD DE MEXICO,PÚBLICO URBANO,914544.0,0.914544,1678.062385321101,0.001678062385321101,1996-06-28,19.31838888888889,-99.17027777777778,11629.0,Pedregal De Santo Domingo,Coyoacan,False,Pedregal De Santo Domingo — Coyoacan,False
13DFE100309/26HMGC18,SISTEMA DE AGUAS DE LA CIUDAD DE MEXICO,PÚBLICO URBANO,946080.0,0.94608,1735.926605504587,0.001735926605504587,1996-06-28,19.31341666666667,-99.11294444444444,11700.0,Cedros,Coyoacan,False,Cedros — Coyoacan,False
13DFE100309/26HMGC18,SISTEMA DE AGUAS DE LA CIUDAD DE MEXICO,PÚBLICO URBANO,946080.0,0.94608,1735.926605504587,0.001735926605504587,1996-06-28,19.300944444444447,-99.17875,12704.0,Equipamiento Fabrica Fisisa,Tlalpan,False,Equipamiento Fabrica Fisisa — Tlalpan,False
13DFE100309/26HMGC18,SISTEMA DE AGUAS DE LA CIUDAD DE MEXICO,PÚBLICO URBANO,599184.0,0.599184,1099.4201834862386,0.0010994201834862386,1996-06-28,19.29180555555556,-99.17186111111111,12686.0,Tlalpan Centro I,Tlalpan,False,Tlalpan Centro I — Tlalpan,False
13DFE100309/26HMGC18,SISTEMA DE AGUAS DE LA CIUDAD DE MEXICO,PÚBLICO URBANO,1292976.0,1.292976,2372.433027522936,0.002372433027522936,1996-06-28,19.35805555555556,-99.1538888888889,11512.0,Gral Pedro Maria Anaya,Benito Juarez,False,Gral Pedro Maria Anaya — Benito Juarez,False
13DFE100309/26HMGC18,SISTEMA DE AGUAS DE LA CIUDAD DE MEXICO,PÚBLICO URBANO,977616.0,0.977616,1793.7908256880735,0.0017937908256880734,1996-06-28,19.29002777777778,-99.18111111111112,12748.0,Barrio La Lonja,Tlalpan,False,Barrio La Lonja — Tlalpan,False
13DFE100309/26HMGC18,SISTEMA DE AGUAS DE LA CIUDAD DE MEXICO,PÚBLICO URBANO,1135296.0,1.135296,2083.111926605505,0.002083111926605505,1996-06-28,19.511111111111116,-99.15333333333334,12007.0,Nueva Industrial Vallejo Norte,Gustavo A. Madero,False,Nueva Industrial Vallejo Norte — Gustavo A. Madero,False
13DFE100309/26HMGC18,SISTEMA DE AGUAS DE LA CIUDAD DE MEXICO,PÚBLICO URBANO,946080.0,0.94608,1735.926605504587,0.001735926605504587,1996-06-28,19.34113888888889,-99.12194444444444,11573.0,TaxqueãA,Coyoacan,False,TaxqueãA — Coyoacan,False
13DFE100309/26HMGC18,SISTEMA DE AGUAS DE LA CIUDAD DE MEXICO,PÚBLICO URBANO,1513728.0,1.513728,2777.4825688073392,0.0027774825688073393,1996-06-28,19.330222222222226,-99.08205555555556,12367.0,Benito Juarez,Iztapalapa,False,Benito Juarez — Iztapalapa,False
13DFE100309/26HMGC18,SISTEMA DE AGUAS DE LA CIUDAD DE MEXICO,PÚBLICO URBANO,1072224.0,1.072224,1967.3834862385322,0.001967383486238532,1996-06-28,19.30777777777778,-99.0847222222222,12385.0,Triangulo De Las Agujas,Iztapalapa,False,Triangulo De Las Agujas — Iztapalapa,False
13DFE100309/26HMGC18,SISTEMA DE AGUAS DE LA CIUDAD DE MEXICO,PÚBLICO URBANO,788400.0,0.7884,1446.605504587156,0.001446605504587156,1996-06-28,19.42388888888889,-99.1175,13000.0,Aeronautica Militar,Venustiano Carranza,False,Aeronautica Militar — Venustiano Carranza,False
13DFE100309/26HMGC18,SISTEMA DE AGUAS DE LA CIUDAD DE MEXICO,PÚBLICO URBANO,788400.0,0.7884,1446.605504587156,0.001446605504587156,1996-06-28,19.38861111111111,-99.11611111111112,12148.0,Jardines De Tecma,Iztacalco,False,Jardines De Tecma — Iztacalco,False
13DFE100309/26HMGC18,SISTEMA DE AGUAS DE LA CIUDAD DE MEXICO,PÚBLICO URBANO,630720.0,0.63072,1157.2844036697247,0.0011572844036697248,1996-06-28,19.52861111111111,-99.14111111111112,11923.0,La Pastora,Gustavo A. Madero,False,La Pastora — Gustavo A. Madero,False
13DFE100309/26HMGC18,SISTEMA DE AGUAS DE LA CIUDAD DE MEXICO,PÚBLICO URBANO,630720.0,0.63072,1157.2844036697247,0.0011572844036697248,1996-06-28,19.48222222222222,-99.09638888888888,11975.0,Constitucion De La Republica,Gustavo A. Madero,False,Constitucion De La Republica — Gustavo A. Madero,False
13DFE100309/26HMGC18,SISTEMA DE AGUAS DE LA CIUDAD DE MEXICO,PÚBLICO URBANO,630720.0,0.63072,1157.2844036697247,0.0011572844036697248,1996-06-28,19.38722222222222,-99.07527777777776,12160.0,Doctor Alfonso Ortiz Tirado,Iztapalapa,False,Doctor Alfonso Ortiz Tirado — Iztapalapa,False
13DFE100309/26HMGC18,SISTEMA DE AGUAS DE LA CIUDAD DE MEXICO,PÚBLICO URBANO,1103760.0,1.10376,2025.2477064220184,0.0020252477064220185,1996-06-28,19.34361111111111,-99.20805555555556,11352.0,Lomas De San Angel Inn,Alvaro Obregon,True,Lomas De San Angel Inn — Alvaro Obregon,True
13DFE100309/26HMGC18,SISTEMA DE AGUAS DE LA CIUDAD DE MEXICO,PÚBLICO URBANO,630720.0,0.63072,1157.2844036697247,0.0011572844036697248,1996-06-28,19.48075,-99.0765,12064.0,San Juan De Aragon 7Ma Secc,Gustavo A. Madero,False,San Juan De Aragon 7Ma Secc — Gustavo A. Madero,False
13DFE100309/26HMGC18,SISTEMA DE AGUAS DE LA CIUDAD DE MEXICO,PÚBLICO URBANO,630720.0,0.63072,1157.2844036697247,0.0011572844036697248,1996-06-28,19.366666666666667,-99.20527777777778,11239.0,Lomas De Plateros,Alvaro Obregon,True,Lomas De Plateros — Alvaro Obregon,True
13DFE100309/26HMGC18,SISTEMA DE AGUAS DE LA CIUDAD DE MEXICO,PÚBLICO URBANO,630720.0,0.63072,1157.2844036697247,0.0011572844036697248,1996-06-28,19.37163888888889,-99.20591666666668,11235.0,Batallon De San Patricio,Alvaro Obregon,True,Batallon De San Patricio — Alvaro Obregon,True
13DFE100309/26HMGC18,SISTEMA DE AGUAS DE LA CIUDAD DE MEXICO,PÚBLICO URBANO,630720.0,0.63072,1157.2844036697247,0.0011572844036697248,1996-06-28,19.478055555555557,-99.14527777777778,12029.0,Panamericana,Gustavo A. Madero,False,Panamericana — Gustavo A. Madero,False
13DFE100309/26HMGC18,SISTEMA DE AGUAS DE LA CIUDAD DE MEXICO,PÚBLICO URBANO,630720.0,0.63072,1157.2844036697247,0.0011572844036697248,1996-06-28,19.299444444444447,-99.19944444444444,12732.0,Jardines En La MontaãA,Tlalpan,False,Jardines En La MontaãA — Tlalpan,False
13DFE100309/26HMGC18,SISTEMA DE AGUAS DE LA CIUDAD DE MEXICO,PÚBLICO URBANO,1009152.0,1.009152,1851.6550458715597,0.0018516550458715596,1996-06-28,19.264444444444443,-99.12777777777777,13032.0,Cantaros,Xochimilco,False,Cantaros — Xochimilco,False
13DFE100309/26HMGC18,SISTEMA DE AGUAS DE LA CIUDAD DE MEXICO,PÚBLICO URBANO,1198368.0,1.198368,2198.840366972477,0.0021988403669724772,1996-06-28,19.25975,-99.12419444444444,13027.0,La Noria,Xochimilco,False,La Noria — Xochimilco,False
13DFE100309/26HMGC18,SISTEMA DE AGUAS DE LA CIUDAD DE MEXICO,PÚBLICO URBANO,1072224.0,1.072224,1967.3834862385322,0.001967383486238532,1996-06-28,19.256194444444443,-99.11952777777778,13051.0,Fracc Jardines Del Sur,Xochimilco,False,Fracc Jardines Del Sur — Xochimilco,False
13DFE100309/26HMGC18,SISTEMA DE AGUAS DE LA CIUDAD DE MEXICO,PÚBLICO URBANO,2270592.0,2.270592,4166.22385321101,0.00416622385321101,1996-06-28,19.254722222222224,-99.11566666666666,13052.0,Redencion,Xochimilco,False,Redencion — Xochimilco,False
13DFE100309/26HMGC18,SISTEMA DE AGUAS DE LA CIUDAD DE MEXICO,PÚBLICO URBANO,914544.0,0.914544,1678.062385321101,0.001678062385321101,1996-06-28,19.24138888888889,-99.13055555555556,13074.0,Santiago Tepalcatlalpan,Xochimilco,False,Santiago Tepalcatlalpan — Xochimilco,False
13DFE100309/26HMGC18,SISTEMA DE AGUAS DE LA CIUDAD DE MEXICO,PÚBLICO URBANO,1419120.0,1.41912,2603.8899082568805,0.0026038899082568806,1996-06-28,19.24527777777778,-99.11611111111112,13085.0,San Lucas Xochimanca,Xochimilco,False,San Lucas Xochimanca — Xochimilco,False
13DFE100309/26HMGC18,SISTEMA DE AGUAS DE LA CIUDAD DE MEXICO,PÚBLICO URBANO,1576800.0,1.5768,2893.211009174312,0.002893211009174312,1996-06-28,19.246111111111112,-99.1022222222222,13090.0,San Lorenzo Atemoaya,Xochimilco,False,San Lorenzo Atemoaya — Xochimilco,False
13DFE100309/26HMGC18,SISTEMA DE AGUAS DE LA CIUDAD DE MEXICO,PÚBLICO URBANO,1009152.0,1.009152,1851.6550458715597,0.0018516550458715596,1996-06-28,19.37138888888889,-99.16083333333334,11508.0,Santa Cruz Atoyac,Benito Juarez,False,Santa Cruz Atoyac — Benito Juarez,False
13DFE100309/26HMGC18,SISTEMA DE AGUAS DE LA CIUDAD DE MEXICO,PÚBLICO URBANO,946080.0,0.94608,1735.926605504587,0.001735926605504587,1996-06-28,19.33083333333333,-99.14361111111111,11669.0,Xotepingo,Coyoacan,False,Xotepingo — Coyoacan,False
13DFE100309/26HMGC18,SISTEMA DE AGUAS DE LA CIUDAD DE MEXICO,PÚBLICO URBANO,914544.0,0.914544,1678.062385321101,0.001678062385321101,1996-06-28,19.28505555555556,-99.12755555555556,12802.0,Glorieta De Vaqueritos,Tlalpan,False,Glorieta De Vaqueritos — Tlalpan,False
13DFE100309/26HMGC18,SISTEMA DE AGUAS DE LA CIUDAD DE MEXICO,PÚBLICO URBANO,1450656.0,1.450656,2661.754128440367,0.002661754128440367,1996-06-28,19.290916666666668,-99.11008333333332,13035.0,Vaso De Regulacion,Xochimilco,False,Vaso De Regulacion — Xochimilco,False
13DFE100309/26HMGC18,SISTEMA DE AGUAS DE LA CIUDAD DE MEXICO,PÚBLICO URBANO,1513728.0,1.513728,2777.4825688073392,0.0027774825688073393,1996-06-28,19.293000000000003,-99.11144444444444,12772.0,Rinconada Coapa 1Ra Secc,Tlalpan,False,Rinconada Coapa 1Ra Secc — Tlalpan,False
13DFE100309/26HMGC18,SISTEMA DE AGUAS DE LA CIUDAD DE MEXICO,PÚBLICO URBANO,1639872.0,1.639872,3008.9394495412844,0.0030089394495412844,1996-06-28,19.319222222222223,-99.13175,11702.0,Los Prados De Coyoacan,Coyoacan,False,Los Prados De Coyoacan — Coyoacan,False
13DFE100309/26HMGC18,SISTEMA DE AGUAS DE LA CIUDAD DE MEXICO,PÚBLICO URBANO,1892160.0,1.89216,3471.853211009174,0.003471853211009174,1996-06-28,19.346666666666664,-99.11972222222222,11574.0,Magdalena Culhuacan,Coyoacan,False,Magdalena Culhuacan — Coyoacan,False
13DFE100309/26HMGC18,SISTEMA DE AGUAS DE LA CIUDAD DE MEXICO,PÚBLICO URBANO,1040688.0,1.040688,1909.5192660550458,0.0019095192660550458,1996-06-28,19.30611111111111,-99.10027777777778,13040.0,Parque Ecologico De Xochimilco,Xochimilco,False,Parque Ecologico De Xochimilco — Xochimilco,False
13DFE100309/26HMGC18,SISTEMA DE AGUAS DE LA CIUDAD DE MEXICO,PÚBLICO URBANO,946080.0,0.94608,1735.926605504587,0.001735926605504587,1996-06-28,19.3225,-99.1025,11714.0,Unidad Hab Culhuacan Stunam,Coyoacan,False,Unidad Hab Culhuacan Stunam — Coyoacan,False
13DFE100309/26HMGC18,SISTEMA DE AGUAS DE LA CIUDAD DE MEXICO,PÚBLICO URBANO,378432.0,0.378432,694.3706422018348,0.0006943706422018348,1996-06-28,19.32658333333333,-99.10627777777778,11658.0,Canal Nacional 260,Coyoacan,False,Canal Nacional 260 — Coyoacan,False
13DFE100309/26HMGC18,SISTEMA DE AGUAS DE LA CIUDAD DE MEXICO,PÚBLICO URBANO,693792.0,0.693792,1273.0128440366973,0.0012730128440366973,1996-06-28,19.304861111111112,-99.12888888888888,12763.0,Floresta Coyoacan,Tlalpan,False,Floresta Coyoacan — Tlalpan,False
13DFE100309/26HMGC18,SISTEMA DE AGUAS DE LA CIUDAD DE MEXICO,PÚBLICO URBANO,946080.0,0.94608,1735.926605504587,0.001735926605504587,1996-06-28,19.306722222222223,-99.14272222222225,11735.0,Viejo Ejido Santa Ursula Coapa,Coyoacan,False,Viejo Ejido Santa Ursula Coapa — Coyoacan,False
13DFE100309/26HMGC18,SISTEMA DE AGUAS DE LA CIUDAD DE MEXICO,PÚBLICO URBANO,630720.0,0.63072,1157.2844036697247,0.0011572844036697248,1996-06-28,19.299083333333336,-99.15619444444444,11694.0,Bosques De Tetlalmeya,Coyoacan,False,Bosques De Tetlalmeya — Coyoacan,False
13DFE100309/26HMGC18,SISTEMA DE AGUAS DE LA CIUDAD DE MEXICO,PÚBLICO URBANO,977616.0,0.977616,1793.7908256880735,0.0017937908256880734,1996-06-28,19.301666666666662,-99.16088888888888,11696.0,Media Luna,Coyoacan,False,Media Luna — Coyoacan,False
13DFE100309/26HMGC18,SISTEMA DE AGUAS DE LA CIUDAD DE MEXICO,PÚBLICO URBANO,599184.0,0.599184,1099.4201834862386,0.0010994201834862386,1996-06-28,19.286250000000003,-99.15694444444443,12876.0,Arenal Tepepan,Tlalpan,False,Arenal Tepepan — Tlalpan,False
13DFE100309/26HMGC18,SISTEMA DE AGUAS DE LA CIUDAD DE MEXICO,PÚBLICO URBANO,1419120.0,1.41912,2603.8899082568805,0.0026038899082568806,1996-06-28,19.28072222222222,-99.13722222222223,13018.0,San Juan Tepepan,Xochimilco,False,San Juan Tepepan — Xochimilco,False
13DFE100309/26HMGC18,SISTEMA DE AGUAS DE LA CIUDAD DE MEXICO,PÚBLICO URBANO,1860624.0,1.860624,3413.9889908256882,0.003413988990825688,1996-06-28,19.275666666666663,-99.13269444444444,13018.0,San Juan Tepepan,Xochimilco,False,San Juan Tepepan — Xochimilco,False
13DFE100309/26HMGC18,SISTEMA DE AGUAS DE LA CIUDAD DE MEXICO,PÚBLICO URBANO,189216.0,0.189216,347.1853211009174,0.0003471853211009174,1996-06-28,19.3035,-99.182,11665.0,Fracc Insurgentes Cuicuilco,Coyoacan,False,Fracc Insurgentes Cuicuilco — Coyoacan,False
13DFE100309/26HMGC18,SISTEMA DE AGUAS DE LA CIUDAD DE MEXICO,PÚBLICO URBANO,473040.0,0.47304,867.9633027522935,0.0008679633027522935,1996-06-28,19.299166666666668,-99.22694444444444,12725.0,Los Framboyanes,Tlalpan,False,Los Framboyanes — Tlalpan,False
13DFE100309/26HMGC18,SISTEMA DE AGUAS DE LA CIUDAD DE MEXICO,PÚBLICO URBANO,630720.0,0.63072,1157.2844036697247,0.0011572844036697248,1996-06-28,19.272222222222226,-99.15280555555556,12886.0,La Nopalera,Tlalpan,False,La Nopalera — Tlalpan,False
13DFE100309/26HMGC18,SISTEMA DE AGUAS DE LA CIUDAD DE MEXICO,PÚBLICO URBANO,1829088.0,1.829088,3356.124770642202,0.003356124770642202,1996-06-28,19.242833333333333,-99.00927777777778,13142.0,Olivar De Santa Maria,Tlahuac,False,Olivar De Santa Maria — Tlahuac,False
13DFE100309/26HMGC18,SISTEMA DE AGUAS DE LA CIUDAD DE MEXICO,PÚBLICO URBANO,378432.0,0.378432,694.3706422018348,0.0006943706422018348,1996-06-28,19.22,-99.05388888888888,13115.0,San Gregorio Atlapulco,Xochimilco,False,San Gregorio Atlapulco — Xochimilco,False
13DFE100309/26HMGC18,SISTEMA DE AGUAS DE LA CIUDAD DE MEXICO,PÚBLICO URBANO,1324512.0,1.324512,2430.2972477064222,0.0024302972477064223,1996-06-28,19.20411111111111,-99.00730555555556,12574.0,San Francisco Tecoxpa,Milpa Alta,False,San Francisco Tecoxpa — Milpa Alta,False
13DFE100309/26HMGC18,SISTEMA DE AGUAS DE LA CIUDAD DE MEXICO,PÚBLICO URBANO,883008.0,0.883008,1620.1981651376148,0.0016201981651376147,1996-06-28,19.196361111111116,-99.01025,12550.0,Pueblo San Agustin Ohtenco,Milpa Alta,False,Pueblo San Agustin Ohtenco — Milpa Alta,False
13DFE100309/26HMGC18,SISTEMA DE AGUAS DE LA CIUDAD DE MEXICO,PÚBLICO URBANO,1040688.0,1.040688,1909.5192660550458,0.0019095192660550458,1996-06-28,19.26897222222222,-99.16008333333332,12883.0,Ejidos De Sn Pedro Martir,Tlalpan,False,Ejidos De Sn Pedro Martir — Tlalpan,False
13DFE100309/26HMGC18,SISTEMA DE AGUAS DE LA CIUDAD DE MEXICO,PÚBLICO URBANO,1261440.0,1.26144,2314.5688073394494,0.0023145688073394496,1996-06-28,19.197666666666667,-99.00169444444444,12574.0,San Francisco Tecoxpa,Milpa Alta,False,San Francisco Tecoxpa — Milpa Alta,False
13DFE100309/26HMGC18,SISTEMA DE AGUAS DE LA CIUDAD DE MEXICO,PÚBLICO URBANO,1198368.0,1.198368,2198.840366972477,0.0021988403669724772,1996-06-28,19.200972222222223,-99.00402777777778,12574.0,San Francisco Tecoxpa,Milpa Alta,False,San Francisco Tecoxpa — Milpa Alta,False
13DFE100309/26HMGC18,SISTEMA DE AGUAS DE LA CIUDAD DE MEXICO,PÚBLICO URBANO,441504.0,0.441504,810.0990825688074,0.0008100990825688074,1996-06-28,19.201,-99.00786111111113,12544.0,Barrio Santa Cruz,Milpa Alta,False,Barrio Santa Cruz — Milpa Alta,False
13DFE100309/26HMGC18,SISTEMA DE AGUAS DE LA CIUDAD DE MEXICO,PÚBLICO URBANO,1166832.0,1.166832,2140.9761467889907,0.002140976146788991,1996-06-28,19.201944444444443,-99.012,12544.0,Barrio Santa Cruz,Milpa Alta,False,Barrio Santa Cruz — Milpa Alta,False
13DFE100309/26HMGC18,SISTEMA DE AGUAS DE LA CIUDAD DE MEXICO,PÚBLICO URBANO,473040.0,0.47304,867.9633027522935,0.0008679633027522935,1996-06-28,19.20111111111111,-99.00177777777778,12574.0,San Francisco Tecoxpa,Milpa Alta,False,San Francisco Tecoxpa — Milpa Alta,False
13DFE100309/26HMGC18,SISTEMA DE AGUAS DE LA CIUDAD DE MEXICO,PÚBLICO URBANO,1419120.0,1.41912,2603.8899082568805,0.0026038899082568806,1996-06-28,19.205861111111112,-99.001,12557.0,Barrio Cruztitla,Milpa Alta,False,Barrio Cruztitla — Milpa Alta,False
13DFE100309/26HMGC18,SISTEMA DE AGUAS DE LA CIUDAD DE MEXICO,PÚBLICO URBANO,725328.0,0.725328,1330.8770642201835,0.0013308770642201835,1996-06-28,19.26763888888889,-99.15669444444444,12883.0,Ejidos De Sn Pedro Martir,Tlalpan,False,Ejidos De Sn Pedro Martir — Tlalpan,False
13DFE100309/26HMGC18,SISTEMA DE AGUAS DE LA CIUDAD DE MEXICO,PÚBLICO URBANO,1009152.0,1.009152,1851.6550458715597,0.0018516550458715596,1996-06-28,19.271,-99.154,12886.0,La Nopalera,Tlalpan,False,La Nopalera — Tlalpan,False
13DFE100309/26HMGC18,SISTEMA DE AGUAS DE LA CIUDAD DE MEXICO,PÚBLICO URBANO,599184.0,0.599184,1099.4201834862386,0.0010994201834862386,1996-06-28,19.27383333333333,-99.1505,12884.0,Valle De Tepepan,Tlalpan,False,Valle De Tepepan — Tlalpan,False
13DFE100309/26HMGC18,SISTEMA DE AGUAS DE LA CIUDAD DE MEXICO,PÚBLICO URBANO,567648.0,0.567648,1041.5559633027524,0.0010415559633027525,1996-06-28,19.274,-99.14222222222224,13019.0,Santa Maria Tepepan,Xochimilco,False,Santa Maria Tepepan — Xochimilco,False
13DFE100309/26HMGC18,SISTEMA DE AGUAS DE LA CIUDAD DE MEXICO,PÚBLICO URBANO,536112.0,0.536112,983.6917431192661,0.000983691743119266,1996-06-28,19.27694444444444,-99.14819444444446,12873.0,Valle Escondido,Tlalpan,False,Valle Escondido — Tlalpan,False
13DFE100309/26HMGC18,SISTEMA DE AGUAS DE LA CIUDAD DE MEXICO,PÚBLICO URBANO,315360.0,0.31536,578.6422018348624,0.0005786422018348624,1996-06-28,19.27111111111111,-99.14916666666667,12884.0,Valle De Tepepan,Tlalpan,False,Valle De Tepepan — Tlalpan,False
13DFE100309/26HMGC18,SISTEMA DE AGUAS DE LA CIUDAD DE MEXICO,PÚBLICO URBANO,1860624.0,1.860624,3413.9889908256882,0.003413988990825688,1996-06-28,19.241777777777777,-99.10794444444444,13088.0,Oriente,Xochimilco,False,Oriente — Xochimilco,False
13DFE100309/26HMGC18,SISTEMA DE AGUAS DE LA CIUDAD DE MEXICO,PÚBLICO URBANO,946080.0,0.94608,1735.926605504587,0.001735926605504587,1996-06-28,19.269055555555557,-99.142,13019.0,Santa Maria Tepepan,Xochimilco,False,Santa Maria Tepepan — Xochimilco,False
13DFE100309/26HMGC18,SISTEMA DE AGUAS DE LA CIUDAD DE MEXICO,PÚBLICO URBANO,756864.0,0.756864,1388.7412844036696,0.0013887412844036696,1996-06-28,19.25311111111111,-99.0213888888889,13127.0,Del Carmen,Xochimilco,False,Del Carmen — Xochimilco,False
13DFE100309/26HMGC18,SISTEMA DE AGUAS DE LA CIUDAD DE MEXICO,PÚBLICO URBANO,851472.0,0.851472,1562.3339449541284,0.0015623339449541284,1996-06-28,19.24758333333333,-99.01580555555556,13135.0,Cristo Rey,Xochimilco,False,Cristo Rey — Xochimilco,False
13DFE100309/26HMGC18,SISTEMA DE AGUAS DE LA CIUDAD DE MEXICO,PÚBLICO URBANO,851472.0,0.851472,1562.3339449541284,0.0015623339449541284,1996-06-28,19.236944444444447,-99.12422222222222,13143.0,San Mateo Xalpa,Xochimilco,False,San Mateo Xalpa — Xochimilco,False
13DFE100309/26HMGC18,SISTEMA DE AGUAS DE LA CIUDAD DE MEXICO,PÚBLICO URBANO,851472.0,0.851472,1562.3339449541284,0.0015623339449541284,1996-06-28,19.23222222222222,-99.13033333333333,13143.0,San Mateo Xalpa,Xochimilco,False,San Mateo Xalpa — Xochimilco,False
13DFE100309/26HMGC18,SISTEMA DE AGUAS DE LA CIUDAD DE MEXICO,PÚBLICO URBANO,883008.0,0.883008,1620.1981651376148,0.0016201981651376147,1996-06-28,19.235833333333336,-99.09766666666668,13106.0,Ampl Nativitas,Xochimilco,False,Ampl Nativitas — Xochimilco,False
13DFE100309/26HMGC18,SISTEMA DE AGUAS DE LA CIUDAD DE MEXICO,PÚBLICO URBANO,693792.0,0.693792,1273.0128440366973,0.0012730128440366973,1996-06-28,19.22861111111111,-99.09777777777778,13148.0,San Andres Ahuayucan,Xochimilco,False,San Andres Ahuayucan — Xochimilco,False
13DFE100309/26HMGC18,SISTEMA DE AGUAS DE LA CIUDAD DE MEXICO,PÚBLICO URBANO,819936.0,0.819936,1504.4697247706422,0.0015044697247706422,1996-06-28,19.24038888888889,-99.07111111111112,13108.0,Tecacalanco,Xochimilco,False,Tecacalanco — Xochimilco,False
13DFE100309/26HMGC18,SISTEMA DE AGUAS DE LA CIUDAD DE MEXICO,PÚBLICO URBANO,1482192.0,1.482192,2719.6183486238533,0.0027196183486238533,1996-06-28,19.242472222222226,-99.11516666666668,13085.0,San Lucas Xochimanca,Xochimilco,False,San Lucas Xochimanca — Xochimilco,False
13DFE100309/26HMGC18,SISTEMA DE AGUAS DE LA CIUDAD DE MEXICO,PÚBLICO URBANO,1072224.0,1.072224,1967.3834862385322,0.001967383486238532,1996-06-28,19.26586111111111,-99.13958333333332,13019.0,Santa Maria Tepepan,Xochimilco,False,Santa Maria Tepepan — Xochimilco,False
13DFE100309/26HMGC18,SISTEMA DE AGUAS DE LA CIUDAD DE MEXICO,PÚBLICO URBANO,788400.0,0.7884,1446.605504587156,0.001446605504587156,1996-06-28,19.294222222222224,-99.07888888888888,13039.0,La Cienega Chica,Xochimilco,False,La Cienega Chica — Xochimilco,False
13DFE100309/26HMGC18,SISTEMA DE AGUAS DE LA CIUDAD DE MEXICO,PÚBLICO URBANO,630720.0,0.63072,1157.2844036697247,0.0011572844036697248,1996-06-28,19.282777777777778,-98.99972222222222,12648.0,Zona De Reserva Ecologica,Tlahuac,False,Zona De Reserva Ecologica — Tlahuac,False
13DFE100309/26HMGC18,SISTEMA DE AGUAS DE LA CIUDAD DE MEXICO,PÚBLICO URBANO,567648.0,0.567648,1041.5559633027524,0.0010415559633027525,1996-06-28,19.313694444444444,-99.06602777777778,12317.0,Pueblo San Lorenzo Tezonco,Iztapalapa,False,Pueblo San Lorenzo Tezonco — Iztapalapa,False
13DFE100309/26HMGC18,SISTEMA DE AGUAS DE LA CIUDAD DE MEXICO,PÚBLICO URBANO,1923696.0,1.923696,3529.7174311926606,0.0035297174311926605,1996-06-28,19.31038888888889,-99.07275,12394.0,Barrio San Antonio,Iztapalapa,False,Barrio San Antonio — Iztapalapa,False
13DFE100309/26HMGC18,SISTEMA DE AGUAS DE LA CIUDAD DE MEXICO,PÚBLICO URBANO,1261440.0,1.26144,2314.5688073394494,0.0023145688073394496,1996-06-28,19.32472222222222,-99.06388888888888,12316.0,Lomas De San Lorenzo,Iztapalapa,False,Lomas De San Lorenzo — Iztapalapa,False
13DFE100309/26HMGC18,SISTEMA DE AGUAS DE LA CIUDAD DE MEXICO,PÚBLICO URBANO,630720.0,0.63072,1157.2844036697247,0.0011572844036697248,1996-06-28,19.30038888888889,-99.00536111111111,12643.0,Selene 1A Seccion,Tlahuac,False,Selene 1A Seccion — Tlahuac,False
13DFE100309/26HMGC18,SISTEMA DE AGUAS DE LA CIUDAD DE MEXICO,PÚBLICO URBANO,788400.0,0.7884,1446.605504587156,0.001446605504587156,1996-06-28,19.290277777777774,-99.00916666666669,12643.0,Selene 1A Seccion,Tlahuac,False,Selene 1A Seccion — Tlahuac,False
13DFE100309/26HMGC18,SISTEMA DE AGUAS DE LA CIUDAD DE MEXICO,PÚBLICO URBANO,1072224.0,1.072224,1967.3834862385322,0.001967383486238532,1996-06-28,19.30780555555556,-99.05458333333333,12610.0,Ampl Los Olivos,Tlahuac,False,Ampl Los Olivos — Tlahuac,False
13DFE100309/26HMGC18,SISTEMA DE AGUAS DE LA CIUDAD DE MEXICO,PÚBLICO URBANO,630720.0,0.63072,1157.2844036697247,0.0011572844036697248,1996-06-28,19.30583333333333,-99.06194444444444,12317.0,Pueblo San Lorenzo Tezonco,Iztapalapa,False,Pueblo San Lorenzo Tezonco — Iztapalapa,False
13DFE100309/26HMGC18,SISTEMA DE AGUAS DE LA CIUDAD DE MEXICO,PÚBLICO URBANO,851472.0,0.851472,1562.3339449541284,0.0015623339449541284,1996-06-28,19.309916666666663,-99.06097222222222,12317.0,Pueblo San Lorenzo Tezonco,Iztapalapa,False,Pueblo San Lorenzo Tezonco — Iztapalapa,False
13DFE100309/26HMGC18,SISTEMA DE AGUAS DE LA CIUDAD DE MEXICO,PÚBLICO URBANO,1135296.0,1.135296,2083.111926605505,0.002083111926605505,1996-06-28,19.25636111111111,-99.024,13134.0,Santiaguito,Xochimilco,False,Santiaguito — Xochimilco,False
13DFE100309/26HMGC18,SISTEMA DE AGUAS DE LA CIUDAD DE MEXICO,PÚBLICO URBANO,1766016.0,1.766016,3240.3963302752295,0.0032403963302752295,1996-06-28,19.255166666666668,-99.0385,13119.0,San Luis Tlaxialtemalco,Xochimilco,False,San Luis Tlaxialtemalco — Xochimilco,False
13DFE100309/26HMGC18,SISTEMA DE AGUAS DE LA CIUDAD DE MEXICO,PÚBLICO URBANO,1387584.0,1.387584,2546.0256880733946,0.0025460256880733946,1996-06-28,19.251944444444444,-99.04566666666666,13114.0,San Andres,Xochimilco,False,San Andres — Xochimilco,False
13DFE100309/26HMGC18,SISTEMA DE AGUAS DE LA CIUDAD DE MEXICO,PÚBLICO URBANO,1702944.0,1.702944,3124.6678899082567,0.0031246678899082567,1996-06-28,19.25363888888889,-99.04675,13115.0,San Gregorio Atlapulco,Xochimilco,False,San Gregorio Atlapulco — Xochimilco,False
13DFE100309/26HMGC18,SISTEMA DE AGUAS DE LA CIUDAD DE MEXICO,PÚBLICO URBANO,599184.0,0.599184,1099.4201834862386,0.0010994201834862386,1996-06-28,19.251277777777776,-99.05041666666666,13115.0,San Gregorio Atlapulco,Xochimilco,False,San Gregorio Atlapulco — Xochimilco,False
13DFE100309/26HMGC18,SISTEMA DE AGUAS DE LA CIUDAD DE MEXICO,PÚBLICO URBANO,630720.0,0.63072,1157.2844036697247,0.0011572844036697248,1996-06-28,19.2535,-99.06238888888888,13123.0,San Juan Moyotepec,Xochimilco,False,San Juan Moyotepec — Xochimilco,False
13DFE100309/26HMGC18,SISTEMA DE AGUAS DE LA CIUDAD DE MEXICO,PÚBLICO URBANO,536112.0,0.536112,983.6917431192661,0.000983691743119266,1996-06-28,19.25475,-99.0672222222222,13111.0,Santa Cruz Acalpixca,Xochimilco,False,Santa Cruz Acalpixca — Xochimilco,False
13DFE100309/26HMGC18,SISTEMA DE AGUAS DE LA CIUDAD DE MEXICO,PÚBLICO URBANO,1639872.0,1.639872,3008.9394495412844,0.0030089394495412844,1996-06-28,19.246944444444445,-99.05666666666666,13115.0,San Gregorio Atlapulco,Xochimilco,False,San Gregorio Atlapulco — Xochimilco,False
13DFE100309/26HMGC18,SISTEMA DE AGUAS DE LA CIUDAD DE MEXICO,PÚBLICO URBANO,1450656.0,1.450656,2661.754128440367,0.002661754128440367,1996-06-28,19.25036111111111,-99.07083333333333,13111.0,Santa Cruz Acalpixca,Xochimilco,False,Santa Cruz Acalpixca — Xochimilco,False
13DFE100309/26HMGC18,SISTEMA DE AGUAS DE LA CIUDAD DE MEXICO,PÚBLICO URBANO,1860624.0,1.860624,3413.9889908256882,0.003413988990825688,1996-06-28,19.245916666666663,-99.07891666666666,13111.0,Santa Cruz Acalpixca,Xochimilco,False,Santa Cruz Acalpixca — Xochimilco,False
13DFE100309/26HMGC18,SISTEMA DE AGUAS DE LA CIUDAD DE MEXICO,PÚBLICO URBANO,977616.0,0.977616,1793.7908256880735,0.0017937908256880734,1996-06-28,19.26730555555556,-99.1271111111111,13018.0,San Juan Tepepan,Xochimilco,False,San Juan Tepepan — Xochimilco,False
13DFE100309/26HMGC18,SISTEMA DE AGUAS DE LA CIUDAD DE MEXICO,PÚBLICO URBANO,2175984.0,2.175984,3992.6311926605504,0.003992631192660551,1996-06-28,19.24713888888889,-99.08725,13098.0,Xochipilli,Xochimilco,False,Xochipilli — Xochimilco,False
13DFE100309/26HMGC18,SISTEMA DE AGUAS DE LA CIUDAD DE MEXICO,PÚBLICO URBANO,599184.0,0.599184,1099.4201834862386,0.0010994201834862386,1996-06-28,19.26005555555556,-99.02980555555555,13119.0,San Luis Tlaxialtemalco,Xochimilco,False,San Luis Tlaxialtemalco — Xochimilco,False
13DFE100309/26HMGC18,SISTEMA DE AGUAS DE LA CIUDAD DE MEXICO,PÚBLICO URBANO,914544.0,0.914544,1678.062385321101,0.001678062385321101,1996-06-28,19.21861111111111,-99.12138888888887,13150.0,Guadalupe,Xochimilco,False,Guadalupe — Xochimilco,False
13DFE100309/26HMGC18,SISTEMA DE AGUAS DE LA CIUDAD DE MEXICO,PÚBLICO URBANO,536112.0,0.536112,983.6917431192661,0.000983691743119266,1996-06-28,19.259916666666665,-99.02855555555556,13119.0,San Luis Tlaxialtemalco,Xochimilco,False,San Luis Tlaxialtemalco — Xochimilco,False
13DFE100309/26HMGC18,SISTEMA DE AGUAS DE LA CIUDAD DE MEXICO,PÚBLICO URBANO,2049840.0,2.04984,3761.1743119266057,0.0037611743119266056,1996-06-28,19.25780555555556,-99.03388888888888,13119.0,San Luis Tlaxialtemalco,Xochimilco,False,San Luis Tlaxialtemalco — Xochimilco,False
13DFE100309/26HMGC18,SISTEMA DE AGUAS DE LA CIUDAD DE MEXICO,PÚBLICO URBANO,1671408.0,1.671408,3066.8036697247708,0.0030668036697247708,1996-06-28,19.255277777777778,-99.04283333333332,13119.0,San Luis Tlaxialtemalco,Xochimilco,False,San Luis Tlaxialtemalco — Xochimilco,False
13DFE100309/26HMGC18,SISTEMA DE AGUAS DE LA CIUDAD DE MEXICO,PÚBLICO URBANO,1040688.0,1.040688,1909.5192660550458,0.0019095192660550458,1996-06-28,19.25563888888889,-99.03477777777778,13120.0,San Jose,Xochimilco,False,San Jose — Xochimilco,False
13DFE100309/26HMGC18,SISTEMA DE AGUAS DE LA CIUDAD DE MEXICO,PÚBLICO URBANO,1419120.0,1.41912,2603.8899082568805,0.0026038899082568806,1996-06-28,19.21175,-98.9858611111111,12553.0,Barrio Xochitepec,Milpa Alta,False,Barrio Xochitepec — Milpa Alta,False
13DFE100309/26HMGC18,SISTEMA DE AGUAS DE LA CIUDAD DE MEXICO,PÚBLICO URBANO,2175984.0,2.175984,3992.6311926605504,0.003992631192660551,1996-06-28,19.21147222222222,-98.98330555555556,12553.0,Barrio Xochitepec,Milpa Alta,False,Barrio Xochitepec — Milpa Alta,False
13DFE100309/26HMGC18,SISTEMA DE AGUAS DE LA CIUDAD DE MEXICO,PÚBLICO URBANO,2018304.0,2.018304,3703.3100917431193,0.003703310091743119,1996-06-28,19.20777777777778,-98.98180555555555,12556.0,Noxalco,Milpa Alta,False,Noxalco — Milpa Alta,False
13DFE100309/26HMGC18,SISTEMA DE AGUAS DE LA CIUDAD DE MEXICO,PÚBLICO URBANO,315360.0,0.31536,578.6422018348624,0.0005786422018348624,1996-06-28,19.209916666666665,-98.98455555555556,12555.0,Las Joyas,Milpa Alta,False,Las Joyas — Milpa Alta,False
13DFE100309/26HMGC18,SISTEMA DE AGUAS DE LA CIUDAD DE MEXICO,PÚBLICO URBANO,1482192.0,1.482192,2719.6183486238533,0.0027196183486238533,1996-06-28,19.21058333333333,-98.98130555555556,12553.0,Barrio Xochitepec,Milpa Alta,False,Barrio Xochitepec — Milpa Alta,False
13DFE100309/26HMGC18,SISTEMA DE AGUAS DE LA CIUDAD DE MEXICO,PÚBLICO URBANO,1955232.0,1.955232,3587.581651376147,0.003587581651376147,1996-06-28,19.20780555555556,-98.97883333333334,12679.0,Morelos,Milpa Alta,False,Morelos — Milpa Alta,False
13DFE100309/26HMGC18,SISTEMA DE AGUAS DE LA CIUDAD DE MEXICO,PÚBLICO URBANO,1387684.0,1.387684,2546.2091743119267,0.0025462091743119267,1996-06-28,19.205277777777777,-98.97463888888888,12679.0,Morelos,Milpa Alta,False,Morelos — Milpa Alta,False
13DFE100309/26HMGC18,SISTEMA DE AGUAS DE LA CIUDAD DE MEXICO,PÚBLICO URBANO,693792.0,0.693792,1273.0128440366973,0.0012730128440366973,1996-06-28,19.24805555555556,-99.00527777777778,12663.0,Zona Rustica,Tlahuac,False,Zona Rustica — Tlahuac,False
13DFE100309/26HMGC18,SISTEMA DE AGUAS DE LA CIUDAD DE MEXICO,PÚBLICO URBANO,630720.0,0.63072,1157.2844036697247,0.0011572844036697248,1996-06-28,19.211111111111112,-98.9713888888889,12682.0,Emiliano Zapata 1Ra Secc,Milpa Alta,False,Emiliano Zapata 1Ra Secc — Milpa Alta,False
13DFE100309/26HMGC18,SISTEMA DE AGUAS DE LA CIUDAD DE MEXICO,PÚBLICO URBANO,788400.0,0.7884,1446.605504587156,0.001446605504587156,1996-06-28,19.375,-99.06,12181.0,Chinampac De Juarez,Iztapalapa,False,Chinampac De Juarez — Iztapalapa,False
13DFE100309/26HMGC18,SISTEMA DE AGUAS DE LA CIUDAD DE MEXICO,PÚBLICO URBANO,630720.0,0.63072,1157.2844036697247,0.0011572844036697248,1996-06-28,19.20861111111111,-98.96694444444444,12683.0,Emiliano Zapata 2Da Secc,Milpa Alta,False,Emiliano Zapata 2Da Secc — Milpa Alta,False
13DFE100309/26HMGC18,SISTEMA DE AGUAS DE LA CIUDAD DE MEXICO,PÚBLICO URBANO,630720.0,0.63072,1157.2844036697247,0.0011572844036697248,1996-06-28,19.227416666666667,-98.99397222222224,12665.0,Jaime Torres Bodet,Tlahuac,False,Jaime Torres Bodet — Tlahuac,False
13DFE100309/26HMGC18,SISTEMA DE AGUAS DE LA CIUDAD DE MEXICO,PÚBLICO URBANO,693792.0,0.693792,1273.0128440366973,0.0012730128440366973,1996-06-28,19.222527777777778,-98.99302777777778,12552.0,Barrio Xaltipac,Milpa Alta,False,Barrio Xaltipac — Milpa Alta,False
13DFE100309/26HMGC18,SISTEMA DE AGUAS DE LA CIUDAD DE MEXICO,PÚBLICO URBANO,788400.0,0.7884,1446.605504587156,0.001446605504587156,1996-06-28,19.278055555555557,-99.04777777777778,12604.0,Miguel Hidalgo,Tlahuac,False,Miguel Hidalgo — Tlahuac,False
13DFE100309/26HMGC18,SISTEMA DE AGUAS DE LA CIUDAD DE MEXICO,PÚBLICO URBANO,378432.0,0.378432,694.3706422018348,0.0006943706422018348,1996-06-28,19.273055555555555,-99.03944444444444,12638.0,Ampl La Conchita,Tlahuac,False,Ampl La Conchita — Tlahuac,False
13DFE100309/26HMGC18,SISTEMA DE AGUAS DE LA CIUDAD DE MEXICO,PÚBLICO URBANO,788400.0,0.7884,1446.605504587156,0.001446605504587156,1996-06-28,19.354444444444447,-99.01444444444444,12254.0,Pueblo Santa Martha Acatitla,Iztapalapa,False,Pueblo Santa Martha Acatitla — Iztapalapa,False
13DFE100309/26HMGC18,SISTEMA DE AGUAS DE LA CIUDAD DE MEXICO,PÚBLICO URBANO,788400.0,0.7884,1446.605504587156,0.001446605504587156,1996-06-28,19.28666666666667,-98.99916666666668,12649.0,Ampl Selene,Tlahuac,False,Ampl Selene — Tlahuac,False
13DFE100309/26HMGC18,SISTEMA DE AGUAS DE LA CIUDAD DE MEXICO,PÚBLICO URBANO,788400.0,0.7884,1446.605504587156,0.001446605504587156,1996-06-28,19.284444444444446,-99.05027777777778,12604.0,Miguel Hidalgo,Tlahuac,False,Miguel Hidalgo — Tlahuac,False
13DFE100309/26HMGC18,SISTEMA DE AGUAS DE LA CIUDAD DE MEXICO,PÚBLICO URBANO,946080.0,0.94608,1735.926605504587,0.001735926605504587,1996-06-28,19.29602777777778,-99.00736111111112,12643.0,Selene 1A Seccion,Tlahuac,False,Selene 1A Seccion — Tlahuac,False
13DFE100309/26HMGC18,SISTEMA DE AGUAS DE LA CIUDAD DE MEXICO,PÚBLICO URBANO,22832064.0,22.832064,41893.695412844034,0.04189369541284403,1996-06-28,19.55063888888889,-99.13441666666668,11856.0,Cuatepec El Bajo,Gustavo A. Madero,False,Cuatepec El Bajo — Gustavo A. Madero,False
13DFE100309/26HMGC18,SISTEMA DE AGUAS DE LA CIUDAD DE MEXICO,PÚBLICO URBANO,89703.36,0.08970336,164.59332110091742,0.0001645933211009174,1996-06-28,19.4165,-99.1172222222222,13001.0,24 De Abril,Venustiano Carranza,False,24 De Abril — Venustiano Carranza,False
13DFE100309/26HMGC18,SISTEMA DE AGUAS DE LA CIUDAD DE MEXICO,PÚBLICO URBANO,89703.36,0.08970336,164.59332110091742,0.0001645933211009174,1996-06-28,19.29813888888889,-99.13897222222222,12796.0,Villa Lazaro Cardenas,Tlalpan,False,Villa Lazaro Cardenas — Tlalpan,False
13DFE100309/26HMGC18,SISTEMA DE AGUAS DE LA CIUDAD DE MEXICO,PÚBLICO URBANO,89703.36,0.08970336,164.59332110091742,0.0001645933211009174,1996-06-28,19.2965,-99.13416666666669,12789.0,Prado Coapa 2Da Secc,Tlalpan,False,Prado Coapa 2Da Secc — Tlalpan,False
13DFE100309/26HMGC18,SISTEMA DE AGUAS DE LA CIUDAD DE MEXICO,PÚBLICO URBANO,89703.36,0.08970336,164.59332110091742,0.0001645933211009174,1996-06-28,19.29563888888889,-99.18661111111112,12745.0,Bosque De Tlalpan,Tlalpan,False,Bosque De Tlalpan — Tlalpan,False
13DFE100309/26HMGC18,SISTEMA DE AGUAS DE LA CIUDAD DE MEXICO,PÚBLICO URBANO,89703.36,0.08970336,164.59332110091742,0.0001645933211009174,1996-06-28,19.331972222222223,-99.21411111111112,12413.0,Puente Sierra,La Magdalena Contreras,True,Puente Sierra — La Magdalena Contreras,True
13DFE100309/26HMGC18,SISTEMA DE AGUAS DE LA CIUDAD DE MEXICO,PÚBLICO URBANO,89703.36,0.08970336,164.59332110091742,0.0001645933211009174,1996-06-28,19.489166666666662,-99.16316666666668,11420.0,Industrial Vallejo,Azcapotzalco,False,Industrial Vallejo — Azcapotzalco,False
13DFE100309/26HMGC18,SISTEMA DE AGUAS DE LA CIUDAD DE MEXICO,PÚBLICO URBANO,89703.36,0.08970336,164.59332110091742,0.0001645933211009174,1996-06-28,19.491333333333333,-99.15322222222224,11422.0,San Andres De Las Salinas,Azcapotzalco,False,San Andres De Las Salinas — Azcapotzalco,False
13DFE100309/26HMGC18,SISTEMA DE AGUAS DE LA CIUDAD DE MEXICO,PÚBLICO URBANO,89703.36,0.08970336,164.59332110091742,0.0001645933211009174,1996-06-28,19.486944444444447,-99.18416666666668,11374.0,Barrio Los Reyes,Azcapotzalco,False,Barrio Los Reyes — Azcapotzalco,False
13DFE100309/26HMGC18,SISTEMA DE AGUAS DE LA CIUDAD DE MEXICO,PÚBLICO URBANO,89703.36,0.08970336,164.59332110091742,0.0001645933211009174,1996-06-28,19.361722222222223,-99.04869444444444,12203.0,Unidad Hab Santa Cruz Meyehualco,Iztapalapa,False,Unidad Hab Santa Cruz Meyehualco — Iztapalapa,False
13DFE100309/26HMGC18,SISTEMA DE AGUAS DE LA CIUDAD DE MEXICO,PÚBLICO URBANO,89703.36,0.08970336,164.59332110091742,0.0001645933211009174,1996-06-28,19.333666666666662,-99.10675,12321.0,Luis Echeverria Alvarez,Iztapalapa,False,Luis Echeverria Alvarez — Iztapalapa,False
13DFE100309/26HMGC18,SISTEMA DE AGUAS DE LA CIUDAD DE MEXICO,PÚBLICO URBANO,89703.36,0.08970336,164.59332110091742,0.0001645933211009174,1996-06-28,19.40502777777777,-99.22708333333334,12454.0,Lomas Altas,Miguel Hidalgo,True,Lomas Altas — Miguel Hidalgo,True
13DFE100309/26HMGC18,SISTEMA DE AGUAS DE LA CIUDAD DE MEXICO,PÚBLICO URBANO,89703.36,0.08970336,164.59332110091742,0.0001645933211009174,1996-06-28,19.27847222222222,-99.15808333333334,12877.0,Fracc Club De Golf Mexico,Tlalpan,False,Fracc Club De Golf Mexico — Tlalpan,False
13DFE100309/26HMGC18,SISTEMA DE AGUAS DE LA CIUDAD DE MEXICO,PÚBLICO URBANO,89703.36,0.08970336,164.59332110091742,0.0001645933211009174,1996-06-28,19.283972222222225,-99.1511388888889,12876.0,Arenal Tepepan,Tlalpan,False,Arenal Tepepan — Tlalpan,False
13DFE100309/26HMGC18,SISTEMA DE AGUAS DE LA CIUDAD DE MEXICO,PÚBLICO URBANO,89703.36,0.08970336,164.59332110091742,0.0001645933211009174,1996-06-28,19.28427777777778,-99.15636111111112,12877.0,Fracc Club De Golf Mexico,Tlalpan,False,Fracc Club De Golf Mexico — Tlalpan,False
13DFE100309/26HMGC18,SISTEMA DE AGUAS DE LA CIUDAD DE MEXICO,PÚBLICO URBANO,89703.36,0.08970336,164.59332110091742,0.0001645933211009174,1996-06-28,19.28033333333333,-99.15558333333334,12877.0,Fracc Club De Golf Mexico,Tlalpan,False,Fracc Club De Golf Mexico — Tlalpan,False
13DFE100309/26HMGC18,SISTEMA DE AGUAS DE LA CIUDAD DE MEXICO,PÚBLICO URBANO,89703.36,0.08970336,164.59332110091742,0.0001645933211009174,1996-06-28,19.33388888888889,-99.21761111111113,12409.0,Independencia San Ramon,La Magdalena Contreras,True,Independencia San Ramon — La Magdalena Contreras,True
13DFE100309/26HMGC18,SISTEMA DE AGUAS DE LA CIUDAD DE MEXICO,PÚBLICO URBANO,89703.36,0.08970336,164.59332110091742,0.0001645933211009174,1996-06-28,19.302777777777777,-99.17208333333332,11686.0,Santa Ursula,Coyoacan,False,Santa Ursula — Coyoacan,False
13DFE100309/26HMGC18,SISTEMA DE AGUAS DE LA CIUDAD DE MEXICO,PÚBLICO URBANO,89703.36,0.08970336,164.59332110091742,0.0001645933211009174,1996-06-28,19.322194444444445,-99.09702777777775,12389.0,Lomas Estrella 2Da Seccion,Iztapalapa,False,Lomas Estrella 2Da Seccion — Iztapalapa,False
13DFE100309/26HMGC18,SISTEMA DE AGUAS DE LA CIUDAD DE MEXICO,PÚBLICO URBANO,89703.36,0.08970336,164.59332110091742,0.0001645933211009174,1996-06-28,19.34638888888889,-99.0381111111111,12203.0,Unidad Hab Santa Cruz Meyehualco,Iztapalapa,False,Unidad Hab Santa Cruz Meyehualco — Iztapalapa,False
13DFE100309/26HMGC18,SISTEMA DE AGUAS DE LA CIUDAD DE MEXICO,PÚBLICO URBANO,89703.36,0.08970336,164.59332110091742,0.0001645933211009174,1996-06-28,19.33194444444445,-99.20727777777778,11371.0,Jardines Del Pedregal,Alvaro Obregon,True,Jardines Del Pedregal — Alvaro Obregon,True
13DFE100309/26HMGC18,SISTEMA DE AGUAS DE LA CIUDAD DE MEXICO,PÚBLICO URBANO,89703.36,0.08970336,164.59332110091742,0.0001645933211009174,1996-06-28,19.337138888888887,-99.12380555555556,11575.0,San Francisco Culhuacan,Coyoacan,False,San Francisco Culhuacan — Coyoacan,False
13DFE100309/26HMGC18,SISTEMA DE AGUAS DE LA CIUDAD DE MEXICO,PÚBLICO URBANO,89703.36,0.08970336,164.59332110091742,0.0001645933211009174,1996-06-28,19.38583333333333,-99.02777777777776,12174.0,San Lorenzo Xicotencatl,Iztapalapa,False,San Lorenzo Xicotencatl — Iztapalapa,False
13DFE100309/26HMGC18,SISTEMA DE AGUAS DE LA CIUDAD DE MEXICO,PÚBLICO URBANO,89703.36,0.08970336,164.59332110091742,0.0001645933211009174,1996-06-28,19.289,-99.07413888888888,13039.0,La Cienega Chica,Xochimilco,False,La Cienega Chica — Xochimilco,False
13DFE100309/26HMGC18,SISTEMA DE AGUAS DE LA CIUDAD DE MEXICO,PÚBLICO URBANO,89703.36,0.08970336,164.59332110091742,0.0001645933211009174,1996-06-28,19.303,-99.08602777777776,13039.0,La Cienega Chica,Xochimilco,False,La Cienega Chica — Xochimilco,False
13DFE100309/26HMGC18,SISTEMA DE AGUAS DE LA CIUDAD DE MEXICO,PÚBLICO URBANO,89703.36,0.08970336,164.59332110091742,0.0001645933211009174,1996-06-28,19.295333333333332,-99.10113888888888,12782.0,Infonavit Doctor Ignacio Chavez,Tlalpan,False,Infonavit Doctor Ignacio Chavez — Tlalpan,False
13DFE100309/26HMGC18,SISTEMA DE AGUAS DE LA CIUDAD DE MEXICO,PÚBLICO URBANO,89703.36,0.08970336,164.59332110091742,0.0001645933211009174,1996-06-28,19.293694444444448,-99.10527777777776,12778.0,Conjunto Infonavit Cuemanco,Tlalpan,False,Conjunto Infonavit Cuemanco — Tlalpan,False
13DFE100309/26HMGC18,SISTEMA DE AGUAS DE LA CIUDAD DE MEXICO,PÚBLICO URBANO,89703.36,0.08970336,164.59332110091742,0.0001645933211009174,1996-06-28,19.290861111111116,-99.112,12772.0,Rinconada Coapa 1Ra Secc,Tlalpan,False,Rinconada Coapa 1Ra Secc — Tlalpan,False
13DFE100309/26HMGC18,SISTEMA DE AGUAS DE LA CIUDAD DE MEXICO,PÚBLICO URBANO,89703.36,0.08970336,164.59332110091742,0.0001645933211009174,1996-06-28,19.315527777777778,-99.09955555555555,13040.0,Parque Ecologico De Xochimilco,Xochimilco,False,Parque Ecologico De Xochimilco — Xochimilco,False
13DFE100309/26HMGC18,SISTEMA DE AGUAS DE LA CIUDAD DE MEXICO,PÚBLICO URBANO,89703.36,0.08970336,164.59332110091742,0.0001645933211009174,1996-06-28,19.289694444444446,-99.11527777777778,12774.0,Granjas Coapa,Tlalpan,False,Granjas Coapa — Tlalpan,False
13DFE100309/26HMGC18,SISTEMA DE AGUAS DE LA CIUDAD DE MEXICO,PÚBLICO URBANO,89703.36,0.08970336,164.59332110091742,0.0001645933211009174,1996-06-28,19.28783333333333,-99.1195,12816.0,Residencial Villa Coapa Super Manzana 4,Tlalpan,False,Residencial Villa Coapa Super Manzana 4 — Tlalpan,False
13DFE100309/26HMGC18,SISTEMA DE AGUAS DE LA CIUDAD DE MEXICO,PÚBLICO URBANO,89703.36,0.08970336,164.59332110091742,0.0001645933211009174,1996-06-28,19.284333333333336,-99.12872222222222,12803.0,San Bartolo El Chico,Tlalpan,False,San Bartolo El Chico — Tlalpan,False
13DFE100309/26HMGC18,SISTEMA DE AGUAS DE LA CIUDAD DE MEXICO,PÚBLICO URBANO,89703.36,0.08970336,164.59332110091742,0.0001645933211009174,1996-06-28,19.282777777777778,-99.13391666666668,12803.0,San Bartolo El Chico,Tlalpan,False,San Bartolo El Chico — Tlalpan,False
13DFE100309/26HMGC18,SISTEMA DE AGUAS DE LA CIUDAD DE MEXICO,PÚBLICO URBANO,89703.36,0.08970336,164.59332110091742,0.0001645933211009174,1996-06-28,19.28333333333333,-99.14311111111112,12808.0,Guadalupe,Tlalpan,False,Guadalupe — Tlalpan,False
13DFE100309/26HMGC18,SISTEMA DE AGUAS DE LA CIUDAD DE MEXICO,PÚBLICO URBANO,89703.36,0.08970336,164.59332110091742,0.0001645933211009174,1996-06-28,19.18788888888889,-98.99316666666668,12574.0,San Francisco Tecoxpa,Milpa Alta,False,San Francisco Tecoxpa — Milpa Alta,False
13DFE100309/26HMGC18,SISTEMA DE AGUAS DE LA CIUDAD DE MEXICO,PÚBLICO URBANO,89703.36,0.08970336,164.59332110091742,0.0001645933211009174,1996-06-28,19.291444444444448,-99.13547222222223,12791.0,Conjunto Res Villa Prado Coapa,Tlalpan,False,Conjunto Res Villa Prado Coapa — Tlalpan,False
13DFE100309/26HMGC18,SISTEMA DE AGUAS DE LA CIUDAD DE MEXICO,PÚBLICO URBANO,89703.36,0.08970336,164.59332110091742,0.0001645933211009174,1996-06-28,19.211944444444445,-99.04897222222222,12560.0,Barrio Tula,Milpa Alta,False,Barrio Tula — Milpa Alta,False
13DFE100309/26HMGC18,SISTEMA DE AGUAS DE LA CIUDAD DE MEXICO,PÚBLICO URBANO,89703.36,0.08970336,164.59332110091742,0.0001645933211009174,1996-06-28,19.331166666666668,-99.21686111111111,12410.0,Unidad Independencia Imss,La Magdalena Contreras,True,Unidad Independencia Imss — La Magdalena Contreras,True
13DFE100309/26HMGC18,SISTEMA DE AGUAS DE LA CIUDAD DE MEXICO,PÚBLICO URBANO,89703.36,0.08970336,164.59332110091742,0.0001645933211009174,1996-06-28,19.400666666666663,-99.1267222222222,12104.0,Nueva Santa Anita,Iztacalco,False,Nueva Santa Anita — Iztacalco,False
13DFE100309/26HMGC18,SISTEMA DE AGUAS DE LA CIUDAD DE MEXICO,PÚBLICO URBANO,89703.36,0.08970336,164.59332110091742,0.0001645933211009174,1996-06-28,19.388777777777776,-99.20572222222222,11130.0,Unidad Hab Santa Fe Imss,Alvaro Obregon,True,Unidad Hab Santa Fe Imss — Alvaro Obregon,True
13DFE100309/26HMGC18,SISTEMA DE AGUAS DE LA CIUDAD DE MEXICO,PÚBLICO URBANO,89703.36,0.08970336,164.59332110091742,0.0001645933211009174,1996-06-28,19.36863888888889,-99.21394444444444,11231.0,Hogar Y Redencion,Alvaro Obregon,True,Hogar Y Redencion — Alvaro Obregon,True
13DFE100309/26HMGC18,SISTEMA DE AGUAS DE LA CIUDAD DE MEXICO,PÚBLICO URBANO,89703.36,0.08970336,164.59332110091742,0.0001645933211009174,1996-06-28,19.3505,-99.02361111111112,12250.0,Santa Maria Aztahuacan,Iztapalapa,False,Santa Maria Aztahuacan — Iztapalapa,False
13DFE100309/26HMGC18,SISTEMA DE AGUAS DE LA CIUDAD DE MEXICO,PÚBLICO URBANO,89703.36,0.08970336,164.59332110091742,0.0001645933211009174,1996-06-28,19.496,-99.20669444444444,11433.0,Hacienda Del Rosario,Azcapotzalco,False,Hacienda Del Rosario — Azcapotzalco,False
13DFE100309/26HMGC18,SISTEMA DE AGUAS DE LA CIUDAD DE MEXICO,PÚBLICO URBANO,89703.36,0.08970336,164.59332110091742,0.0001645933211009174,1996-06-28,19.327305555555554,-99.13297222222222,11648.0,Avante,Coyoacan,False,Avante — Coyoacan,False
13DFE100309/26HMGC18,SISTEMA DE AGUAS DE LA CIUDAD DE MEXICO,PÚBLICO URBANO,89703.36,0.08970336,164.59332110091742,0.0001645933211009174,1996-06-28,19.325944444444445,-99.13102777777776,11648.0,Avante,Coyoacan,False,Avante — Coyoacan,False
13DFE100309/26HMGC18,SISTEMA DE AGUAS DE LA CIUDAD DE MEXICO,PÚBLICO URBANO,89703.36,0.08970336,164.59332110091742,0.0001645933211009174,1996-06-28,19.325694444444444,-99.1267222222222,11650.0,Presidentes Ejidales,Coyoacan,False,Presidentes Ejidales — Coyoacan,False
13DFE100309/26HMGC18,SISTEMA DE AGUAS DE LA CIUDAD DE MEXICO,PÚBLICO URBANO,89703.36,0.08970336,164.59332110091742,0.0001645933211009174,1996-06-28,19.32311111111111,-99.12719444444444,11699.0,Ex Ejido San Pablo Tepetlapa,Coyoacan,False,Ex Ejido San Pablo Tepetlapa — Coyoacan,False
13DFE100309/26HMGC18,SISTEMA DE AGUAS DE LA CIUDAD DE MEXICO,PÚBLICO URBANO,89703.36,0.08970336,164.59332110091742,0.0001645933211009174,1996-06-28,19.41522222222222,-99.093,12918.0,Valentin Gomez Farias,Venustiano Carranza,False,Valentin Gomez Farias — Venustiano Carranza,False
13DFE100309/26HMGC18,SISTEMA DE AGUAS DE LA CIUDAD DE MEXICO,PÚBLICO URBANO,89703.36,0.08970336,164.59332110091742,0.0001645933211009174,1996-06-28,19.449944444444444,-99.14694444444446,11812.0,Buenavista,Cuauhtemoc,False,Buenavista — Cuauhtemoc,False
13DFE100309/26HMGC18,SISTEMA DE AGUAS DE LA CIUDAD DE MEXICO,PÚBLICO URBANO,89703.36,0.08970336,164.59332110091742,0.0001645933211009174,1996-06-28,19.483666666666668,-99.1682777777778,11446.0,Estacion Pantaco,Azcapotzalco,False,Estacion Pantaco — Azcapotzalco,False
13DFE100309/26HMGC18,SISTEMA DE AGUAS DE LA CIUDAD DE MEXICO,PÚBLICO URBANO,89703.36,0.08970336,164.59332110091742,0.0001645933211009174,1996-06-28,19.44708333333333,-99.21911111111112,12467.0,Periodista,Miguel Hidalgo,True,Periodista — Miguel Hidalgo,True
13DFE100309/26HMGC18,SISTEMA DE AGUAS DE LA CIUDAD DE MEXICO,PÚBLICO URBANO,89703.36,0.08970336,164.59332110091742,0.0001645933211009174,1996-06-28,19.36358333333333,-99.1466388888889,11506.0,Portales Sur,Benito Juarez,False,Portales Sur — Benito Juarez,False
13DFE100309/26HMGC18,SISTEMA DE AGUAS DE LA CIUDAD DE MEXICO,PÚBLICO URBANO,89703.36,0.08970336,164.59332110091742,0.0001645933211009174,1996-06-28,19.34669444444444,-98.98658333333331,12266.0,San Miguel Teotongo (Secc Mercedes),Iztapalapa,False,San Miguel Teotongo (Secc Mercedes) — Iztapalapa,False
13DFE100309/26HMGC18,SISTEMA DE AGUAS DE LA CIUDAD DE MEXICO,PÚBLICO URBANO,89703.36,0.08970336,164.59332110091742,0.0001645933211009174,1996-06-28,19.345777777777776,-99.01786111111112,12282.0,Xalpa,Iztapalapa,False,Xalpa — Iztapalapa,False
13DFE100309/26HMGC18,SISTEMA DE AGUAS DE LA CIUDAD DE MEXICO,PÚBLICO URBANO,89703.36,0.08970336,164.59332110091742,0.0001645933211009174,1996-06-28,19.39788888888889,-99.14230555555557,11513.0,Alamos,Benito Juarez,False,Alamos — Benito Juarez,False
13DFE100309/26HMGC18,SISTEMA DE AGUAS DE LA CIUDAD DE MEXICO,PÚBLICO URBANO,89703.36,0.08970336,164.59332110091742,0.0001645933211009174,1996-06-28,19.446944444444444,-99.17777777777778,12481.0,Anahuac,Miguel Hidalgo,True,Anahuac — Miguel Hidalgo,True
13DFE100309/26HMGC18,SISTEMA DE AGUAS DE LA CIUDAD DE MEXICO,PÚBLICO URBANO,89703.36,0.08970336,164.59332110091742,0.0001645933211009174,1996-06-28,19.45288888888889,-99.20830555555555,12472.0,Mexico Nuevo,Miguel Hidalgo,True,Mexico Nuevo — Miguel Hidalgo,True
13DFE100309/26HMGC18,SISTEMA DE AGUAS DE LA CIUDAD DE MEXICO,PÚBLICO URBANO,89703.36,0.08970336,164.59332110091742,0.0001645933211009174,1996-06-28,19.37038888888889,-99.14027777777778,11524.0,Albert,Benito Juarez,False,Albert — Benito Juarez,False
13DFE100309/26HMGC18,SISTEMA DE AGUAS DE LA CIUDAD DE MEXICO,PÚBLICO URBANO,89703.36,0.08970336,164.59332110091742,0.0001645933211009174,1996-06-28,19.33536111111111,-99.06872222222222,12352.0,San Lorenzo Tezonco,Iztapalapa,False,San Lorenzo Tezonco — Iztapalapa,False
13DFE100309/26HMGC18,SISTEMA DE AGUAS DE LA CIUDAD DE MEXICO,PÚBLICO URBANO,89703.36,0.08970336,164.59332110091742,0.0001645933211009174,1996-06-28,19.45883333333333,-99.18827777777778,12490.0,Tacuba,Miguel Hidalgo,True,Tacuba — Miguel Hidalgo,True
13DFE100309/26HMGC18,SISTEMA DE AGUAS DE LA CIUDAD DE MEXICO,PÚBLICO URBANO,89703.36,0.08970336,164.59332110091742,0.0001645933211009174,1996-06-28,19.394944444444445,-99.21325,11101.0,Liberales De 1857,Alvaro Obregon,True,Liberales De 1857 — Alvaro Obregon,True
13DFE100309/26HMGC18,SISTEMA DE AGUAS DE LA CIUDAD DE MEXICO,PÚBLICO URBANO,89703.36,0.08970336,164.59332110091742,0.0001645933211009174,1996-06-28,19.341083333333334,-99.20166666666668,11080.0,Progreso,Alvaro Obregon,True,Progreso — Alvaro Obregon,True
13DFE100309/26HMGC18,SISTEMA DE AGUAS DE LA CIUDAD DE MEXICO,PÚBLICO URBANO,89703.36,0.08970336,164.59332110091742,0.0001645933211009174,1996-06-28,19.338166666666663,-99.07975,12353.0,Unidad Hab Fovissste San Juan,Iztapalapa,False,Unidad Hab Fovissste San Juan — Iztapalapa,False
13DFE100309/26HMGC18,SISTEMA DE AGUAS DE LA CIUDAD DE MEXICO,PÚBLICO URBANO,89703.36,0.08970336,164.59332110091742,0.0001645933211009174,1996-06-28,19.37405555555556,-99.1224722222222,12224.0,San Juanico Nextipac,Iztapalapa,False,San Juanico Nextipac — Iztapalapa,False
13DFE100309/26HMGC18,SISTEMA DE AGUAS DE LA CIUDAD DE MEXICO,PÚBLICO URBANO,89703.36,0.08970336,164.59332110091742,0.0001645933211009174,1996-06-28,19.34047222222222,-99.20997222222222,11347.0,Olivar De Los Padres,Alvaro Obregon,True,Olivar De Los Padres — Alvaro Obregon,True
13DFE100309/26HMGC18,SISTEMA DE AGUAS DE LA CIUDAD DE MEXICO,PÚBLICO URBANO,89703.36,0.08970336,164.59332110091742,0.0001645933211009174,1996-06-28,19.390666666666664,-99.20111111111112,11120.0,Sede Delegacional,Alvaro Obregon,True,Sede Delegacional — Alvaro Obregon,True
13DFE100309/26HMGC18,SISTEMA DE AGUAS DE LA CIUDAD DE MEXICO,PÚBLICO URBANO,89703.36,0.08970336,164.59332110091742,0.0001645933211009174,1996-06-28,19.341555555555555,-99.00888888888888,12281.0,Lomas De La Estancia,Iztapalapa,False,Lomas De La Estancia — Iztapalapa,False
13DFE100309/26HMGC18,SISTEMA DE AGUAS DE LA CIUDAD DE MEXICO,PÚBLICO URBANO,89703.36,0.08970336,164.59332110091742,0.0001645933211009174,1996-06-28,19.420944444444444,-99.155,11819.0,Roma Norte,Cuauhtemoc,False,Roma Norte — Cuauhtemoc,False
13DFE100309/26HMGC18,SISTEMA DE AGUAS DE LA CIUDAD DE MEXICO,PÚBLICO URBANO,89703.36,0.08970336,164.59332110091742,0.0001645933211009174,1996-06-28,19.37855555555556,-99.16280555555556,11498.0,Del Valle Centro,Benito Juarez,False,Del Valle Centro — Benito Juarez,False
13DFE100309/26HMGC18,SISTEMA DE AGUAS DE LA CIUDAD DE MEXICO,PÚBLICO URBANO,89703.36,0.08970336,164.59332110091742,0.0001645933211009174,1996-06-28,19.454027777777775,-99.12280555555554,12925.0,Nicolas Bravo,Venustiano Carranza,False,Nicolas Bravo — Venustiano Carranza,False
13DFE100309/26HMGC18,SISTEMA DE AGUAS DE LA CIUDAD DE MEXICO,PÚBLICO URBANO,89703.36,0.08970336,164.59332110091742,0.0001645933211009174,1996-06-28,19.351166666666668,-99.011,12263.0,1Ra Ampl Santiago Acahualtepec,Iztapalapa,False,1Ra Ampl Santiago Acahualtepec — Iztapalapa,False
13DFE100309/26HMGC18,SISTEMA DE AGUAS DE LA CIUDAD DE MEXICO,PÚBLICO URBANO,89703.36,0.08970336,164.59332110091742,0.0001645933211009174,1996-06-28,19.348388888888888,-99.18219444444443,11074.0,Guadalupe Chimalistac,Alvaro Obregon,True,Guadalupe Chimalistac — Alvaro Obregon,True
13DFE100309/26HMGC18,SISTEMA DE AGUAS DE LA CIUDAD DE MEXICO,PÚBLICO URBANO,89703.36,0.08970336,164.59332110091742,0.0001645933211009174,1996-06-28,19.23888888888889,-99.10255555555555,13088.0,Oriente,Xochimilco,False,Oriente — Xochimilco,False
13DFE100309/26HMGC18,SISTEMA DE AGUAS DE LA CIUDAD DE MEXICO,PÚBLICO URBANO,89703.36,0.08970336,164.59332110091742,0.0001645933211009174,1996-06-28,19.30825,-99.13075,11722.0,Los Girasoles Iii,Coyoacan,False,Los Girasoles Iii — Coyoacan,False
13DFE100309/26HMGC18,SISTEMA DE AGUAS DE LA CIUDAD DE MEXICO,PÚBLICO URBANO,89703.36,0.08970336,164.59332110091742,0.0001645933211009174,1996-06-28,19.242166666666662,-99.09416666666668,13104.0,Lomas De Nativitas,Xochimilco,False,Lomas De Nativitas — Xochimilco,False
13DFE100309/26HMGC18,SISTEMA DE AGUAS DE LA CIUDAD DE MEXICO,PÚBLICO URBANO,89703.36,0.08970336,164.59332110091742,0.0001645933211009174,1996-06-28,19.36130555555556,-99.21141666666666,11335.0,Las Aguilas 1Ra Seccion,Alvaro Obregon,True,Las Aguilas 1Ra Seccion — Alvaro Obregon,True
13DFE100309/26HMGC18,SISTEMA DE AGUAS DE LA CIUDAD DE MEXICO,PÚBLICO URBANO,89703.36,0.08970336,164.59332110091742,0.0001645933211009174,1996-06-28,19.407027777777778,-99.18166666666669,11804.0,Hipodromo De La Condesa,Cuauhtemoc,False,Hipodromo De La Condesa — Cuauhtemoc,False
13DFE100309/26HMGC18,SISTEMA DE AGUAS DE LA CIUDAD DE MEXICO,PÚBLICO URBANO,89703.36,0.08970336,164.59332110091742,0.0001645933211009174,1996-06-28,19.37388888888889,-99.13622222222224,12242.0,Zacahuitzco,Iztapalapa,False,Zacahuitzco — Iztapalapa,False
13DFE100309/26HMGC18,SISTEMA DE AGUAS DE LA CIUDAD DE MEXICO,PÚBLICO URBANO,89703.36,0.08970336,164.59332110091742,0.0001645933211009174,1996-06-28,19.428361111111112,-99.20072222222224,12458.0,1Ra Secc Del Bosque De Chapultepec,Miguel Hidalgo,True,1Ra Secc Del Bosque De Chapultepec — Miguel Hidalgo,True
13DFE100309/26HMGC18,SISTEMA DE AGUAS DE LA CIUDAD DE MEXICO,PÚBLICO URBANO,89703.36,0.08970336,164.59332110091742,0.0001645933211009174,1996-06-28,19.406444444444443,-99.18991666666668,12536.0,San Miguel Chapultepec,Miguel Hidalgo,True,San Miguel Chapultepec — Miguel Hidalgo,True
13DFE100309/26HMGC18,SISTEMA DE AGUAS DE LA CIUDAD DE MEXICO,PÚBLICO URBANO,89703.36,0.08970336,164.59332110091742,0.0001645933211009174,1996-06-28,19.367194444444443,-99.20525,11239.0,Lomas De Plateros,Alvaro Obregon,True,Lomas De Plateros — Alvaro Obregon,True
13DFE100309/26HMGC18,SISTEMA DE AGUAS DE LA CIUDAD DE MEXICO,PÚBLICO URBANO,89703.36,0.08970336,164.59332110091742,0.0001645933211009174,1996-06-28,19.32636111111111,-99.0919722222222,12383.0,Campestre Estrellas,Iztapalapa,False,Campestre Estrellas — Iztapalapa,False
13DFE100309/26HMGC18,SISTEMA DE AGUAS DE LA CIUDAD DE MEXICO,PÚBLICO URBANO,89703.36,0.08970336,164.59332110091742,0.0001645933211009174,1996-06-28,19.46875,-99.17027777777778,11477.0,San Bernabe,Azcapotzalco,False,San Bernabe — Azcapotzalco,False
13DFE100309/26HMGC18,SISTEMA DE AGUAS DE LA CIUDAD DE MEXICO,PÚBLICO URBANO,89703.36,0.08970336,164.59332110091742,0.0001645933211009174,1996-06-28,19.33386111111111,-99.1990277777778,11371.0,Jardines Del Pedregal,Alvaro Obregon,True,Jardines Del Pedregal — Alvaro Obregon,True
13DFE100309/26HMGC18,SISTEMA DE AGUAS DE LA CIUDAD DE MEXICO,PÚBLICO URBANO,89703.36,0.08970336,164.59332110091742,0.0001645933211009174,1996-06-28,19.31972222222222,-99.19680555555556,11371.0,Jardines Del Pedregal,Alvaro Obregon,True,Jardines Del Pedregal — Alvaro Obregon,True
13DFE100309/26HMGC18,SISTEMA DE AGUAS DE LA CIUDAD DE MEXICO,PÚBLICO URBANO,89703.36,0.08970336,164.59332110091742,0.0001645933211009174,1996-06-28,19.311777777777777,-99.21752777777778,11371.0,Jardines Del Pedregal,Alvaro Obregon,True,Jardines Del Pedregal — Alvaro Obregon,True
13DFE100309/26HMGC18,SISTEMA DE AGUAS DE LA CIUDAD DE MEXICO,PÚBLICO URBANO,89703.36,0.08970336,164.59332110091742,0.0001645933211009174,1996-06-28,19.44986111111111,-99.20402777777778,12505.0,Panteon Frances,Miguel Hidalgo,True,Panteon Frances — Miguel Hidalgo,True
13DFE100309/26HMGC18,SISTEMA DE AGUAS DE LA CIUDAD DE MEXICO,PÚBLICO URBANO,89703.36,0.08970336,164.59332110091742,0.0001645933211009174,1996-06-28,19.428472222222226,-99.2196388888889,12529.0,Reforma Social,Miguel Hidalgo,True,Reforma Social — Miguel Hidalgo,True
13DFE100309/26HMGC18,SISTEMA DE AGUAS DE LA CIUDAD DE MEXICO,PÚBLICO URBANO,89703.36,0.08970336,164.59332110091742,0.0001645933211009174,1996-06-28,19.456138888888887,-99.189,12490.0,Tacuba,Miguel Hidalgo,True,Tacuba — Miguel Hidalgo,True
13DFE100309/26HMGC18,SISTEMA DE AGUAS DE LA CIUDAD DE MEXICO,PÚBLICO URBANO,89703.36,0.08970336,164.59332110091742,0.0001645933211009174,1996-06-28,19.36508333333333,-99.19908333333332,11291.0,Merced Gomez,Alvaro Obregon,True,Merced Gomez — Alvaro Obregon,True
13DFE100309/26HMGC18,SISTEMA DE AGUAS DE LA CIUDAD DE MEXICO,PÚBLICO URBANO,89703.36,0.08970336,164.59332110091742,0.0001645933211009174,1996-06-28,19.384722222222223,-99.07161111111112,12212.0,Cuchillas Del Moral I,Iztapalapa,False,Cuchillas Del Moral I — Iztapalapa,False
13DFE100309/26HMGC18,SISTEMA DE AGUAS DE LA CIUDAD DE MEXICO,PÚBLICO URBANO,89703.36,0.08970336,164.59332110091742,0.0001645933211009174,1996-06-28,19.39005555555556,-99.14233333333334,11515.0,Miguel Aleman,Benito Juarez,False,Miguel Aleman — Benito Juarez,False
13DFE100309/26HMGC18,SISTEMA DE AGUAS DE LA CIUDAD DE MEXICO,PÚBLICO URBANO,89703.36,0.08970336,164.59332110091742,0.0001645933211009174,1996-06-28,19.293444444444447,-99.15844444444446,12702.0,Toriello Guerra,Tlalpan,False,Toriello Guerra — Tlalpan,False
13DFE100309/26HMGC18,SISTEMA DE AGUAS DE LA CIUDAD DE MEXICO,PÚBLICO URBANO,89703.36,0.08970336,164.59332110091742,0.0001645933211009174,1996-06-28,19.326444444444444,-99.15222222222222,11640.0,Ajusco Huayamilpas,Coyoacan,False,Ajusco Huayamilpas — Coyoacan,False
13DFE100309/26HMGC18,SISTEMA DE AGUAS DE LA CIUDAD DE MEXICO,PÚBLICO URBANO,89703.36,0.08970336,164.59332110091742,0.0001645933211009174,1996-06-28,19.390083333333333,-99.14355555555557,11515.0,Miguel Aleman,Benito Juarez,False,Miguel Aleman — Benito Juarez,False
13DFE100309/26HMGC18,SISTEMA DE AGUAS DE LA CIUDAD DE MEXICO,PÚBLICO URBANO,89703.36,0.08970336,164.59332110091742,0.0001645933211009174,1996-06-28,19.370194444444444,-99.17244444444444,11503.0,Centro Urbano Presidente Aleman,Benito Juarez,False,Centro Urbano Presidente Aleman — Benito Juarez,False
13DFE100309/26HMGC18,SISTEMA DE AGUAS DE LA CIUDAD DE MEXICO,PÚBLICO URBANO,89703.36,0.08970336,164.59332110091742,0.0001645933211009174,1996-06-28,19.30105555555556,-99.11444444444444,11728.0,Santa Cecilia,Coyoacan,False,Santa Cecilia — Coyoacan,False
13DFE100309/26HMGC18,SISTEMA DE AGUAS DE LA CIUDAD DE MEXICO,PÚBLICO URBANO,89703.36,0.08970336,164.59332110091742,0.0001645933211009174,1996-06-28,19.31277777777778,-99.13416666666669,11680.0,Ejido Santa Ursula Coapa,Coyoacan,False,Ejido Santa Ursula Coapa — Coyoacan,False
13DFE100309/26HMGC18,SISTEMA DE AGUAS DE LA CIUDAD DE MEXICO,PÚBLICO URBANO,89703.36,0.08970336,164.59332110091742,0.0001645933211009174,1996-06-28,19.27625,-99.1433888888889,12873.0,Valle Escondido,Tlalpan,False,Valle Escondido — Tlalpan,False
13DFE100309/26HMGC18,SISTEMA DE AGUAS DE LA CIUDAD DE MEXICO,PÚBLICO URBANO,89703.36,0.08970336,164.59332110091742,0.0001645933211009174,1996-06-28,19.242527777777777,-99.00525,12667.0,El Rosario,Tlahuac,False,El Rosario — Tlahuac,False
13DFE100309/26HMGC18,SISTEMA DE AGUAS DE LA CIUDAD DE MEXICO,PÚBLICO URBANO,89703.36,0.08970336,164.59332110091742,0.0001645933211009174,1996-06-28,19.252388888888888,-99.01422222222222,13135.0,Cristo Rey,Xochimilco,False,Cristo Rey — Xochimilco,False
13DFE100309/26HMGC18,SISTEMA DE AGUAS DE LA CIUDAD DE MEXICO,PÚBLICO URBANO,89703.36,0.08970336,164.59332110091742,0.0001645933211009174,1996-06-28,19.319805555555558,-99.09913888888887,13040.0,Parque Ecologico De Xochimilco,Xochimilco,False,Parque Ecologico De Xochimilco — Xochimilco,False
13DFE100309/26HMGC18,SISTEMA DE AGUAS DE LA CIUDAD DE MEXICO,PÚBLICO URBANO,89703.36,0.08970336,164.59332110091742,0.0001645933211009174,1996-06-28,19.31613888888889,-99.09663888888888,12389.0,Lomas Estrella 2Da Seccion,Iztapalapa,False,Lomas Estrella 2Da Seccion — Iztapalapa,False
13DFE100309/26HMGC18,SISTEMA DE AGUAS DE LA CIUDAD DE MEXICO,PÚBLICO URBANO,89703.36,0.08970336,164.59332110091742,0.0001645933211009174,1996-06-28,19.25094444444445,-99.035,13121.0,Guadalupana,Xochimilco,False,Guadalupana — Xochimilco,False
13DFE100309/26HMGC18,SISTEMA DE AGUAS DE LA CIUDAD DE MEXICO,PÚBLICO URBANO,89703.36,0.08970336,164.59332110091742,0.0001645933211009174,1996-06-28,19.237194444444444,-99.10577777777776,13088.0,Oriente,Xochimilco,False,Oriente — Xochimilco,False
13DFE100309/26HMGC18,SISTEMA DE AGUAS DE LA CIUDAD DE MEXICO,PÚBLICO URBANO,89703.36,0.08970336,164.59332110091742,0.0001645933211009174,1996-06-28,19.375222222222224,-99.19983333333332,11237.0,Alfalfar,Alvaro Obregon,True,Alfalfar — Alvaro Obregon,True
13DFE100309/26HMGC18,SISTEMA DE AGUAS DE LA CIUDAD DE MEXICO,PÚBLICO URBANO,89703.36,0.08970336,164.59332110091742,0.0001645933211009174,1996-06-28,19.32011111111111,-99.06572222222222,12316.0,Lomas De San Lorenzo,Iztapalapa,False,Lomas De San Lorenzo — Iztapalapa,False
13DFE100309/26HMGC18,SISTEMA DE AGUAS DE LA CIUDAD DE MEXICO,PÚBLICO URBANO,89703.36,0.08970336,164.59332110091742,0.0001645933211009174,1996-06-28,19.28383333333333,-99.04013888888888,12618.0,Villas La Draga,Tlahuac,False,Villas La Draga — Tlahuac,False
13DFE100309/26HMGC18,SISTEMA DE AGUAS DE LA CIUDAD DE MEXICO,PÚBLICO URBANO,89703.36,0.08970336,164.59332110091742,0.0001645933211009174,1996-06-28,19.302611111111112,-99.0265,12630.0,Santiago Norte,Tlahuac,False,Santiago Norte — Tlahuac,False
13DFE100309/26HMGC18,SISTEMA DE AGUAS DE LA CIUDAD DE MEXICO,PÚBLICO URBANO,89703.36,0.08970336,164.59332110091742,0.0001645933211009174,1996-06-28,19.25161111111111,-99.06997222222222,13123.0,San Juan Moyotepec,Xochimilco,False,San Juan Moyotepec — Xochimilco,False
13DFE100309/26HMGC18,SISTEMA DE AGUAS DE LA CIUDAD DE MEXICO,PÚBLICO URBANO,89703.36,0.08970336,164.59332110091742,0.0001645933211009174,1996-06-28,19.260472222222223,-99.02752777777778,13119.0,San Luis Tlaxialtemalco,Xochimilco,False,San Luis Tlaxialtemalco — Xochimilco,False
13DFE100309/26HMGC18,SISTEMA DE AGUAS DE LA CIUDAD DE MEXICO,PÚBLICO URBANO,89703.36,0.08970336,164.59332110091742,0.0001645933211009174,1996-06-28,19.23258333333333,-98.99733333333332,12665.0,Jaime Torres Bodet,Tlahuac,False,Jaime Torres Bodet — Tlahuac,False
13DFE100309/26HMGC18,SISTEMA DE AGUAS DE LA CIUDAD DE MEXICO,PÚBLICO URBANO,89703.36,0.08970336,164.59332110091742,0.0001645933211009174,1996-06-28,19.20863888888889,-98.97644444444444,12679.0,Morelos,Milpa Alta,False,Morelos — Milpa Alta,False
13DFE100309/26HMGC18,SISTEMA DE AGUAS DE LA CIUDAD DE MEXICO,PÚBLICO URBANO,89703.36,0.08970336,164.59332110091742,0.0001645933211009174,1996-06-28,19.209527777777776,-98.96947222222222,12682.0,Emiliano Zapata 1Ra Secc,Milpa Alta,False,Emiliano Zapata 1Ra Secc — Milpa Alta,False
13DFE100309/26HMGC18,SISTEMA DE AGUAS DE LA CIUDAD DE MEXICO,PÚBLICO URBANO,89703.36,0.08970336,164.59332110091742,0.0001645933211009174,1996-06-28,19.206777777777777,-98.96722222222222,12683.0,Emiliano Zapata 2Da Secc,Milpa Alta,False,Emiliano Zapata 2Da Secc — Milpa Alta,False
13DFE100309/26HMGC18,SISTEMA DE AGUAS DE LA CIUDAD DE MEXICO,PÚBLICO URBANO,89703.36,0.08970336,164.59332110091742,0.0001645933211009174,1996-06-28,19.20947222222222,-98.99791666666668,12557.0,Barrio Cruztitla,Milpa Alta,False,Barrio Cruztitla — Milpa Alta,False
13DFE100309/26HMGC18,SISTEMA DE AGUAS DE LA CIUDAD DE MEXICO,PÚBLICO URBANO,89703.04,0.08970304,164.59273394495412,0.00016459273394495413,1996-06-28,19.39033333333333,-99.09125,12095.0,Gabriel Ramos Millan Secc Bramadero,Iztacalco,False,Gabriel Ramos Millan Secc Bramadero — Iztacalco,False
13DFE100309/26HMGC18,SISTEMA DE AGUAS DE LA CIUDAD DE MEXICO,PÚBLICO URBANO,1681814.68,1.68181468,3085.898495412844,0.003085898495412844,1996-06-28,19.378972222222224,-99.08477777777776,12161.0,Central De Abastos,Iztapalapa,False,Central De Abastos — Iztapalapa,False
13DFE100309/26HMGC18,SISTEMA DE AGUAS DE LA CIUDAD DE MEXICO,PÚBLICO URBANO,2625371.8,2.6253718,4817.195963302752,0.004817195963302752,1996-06-28,19.296111111111117,-99.0822222222222,13039.0,La Cienega Chica,Xochimilco,False,La Cienega Chica — Xochimilco,False
13DFE100993/26FMDA15,"THE AMERICAN BRITISH COWDRAY MEDICAL CENTER, I. A. P.",INDUSTRIAL,115000.0,0.115,115000.0,0.115,2009-10-30,19.35527777777778,-99.28055555555557,11782.0,Las Tinajas,Cuajimalpa De Morelos,True,Las Tinajas — Cuajimalpa De Morelos,True
13DFE100702/26FMGR97,"INDUSTRIA EMBOTELLADORA DE MEXICO, S.A. DE C.V.",INDUSTRIAL,293760.0,0.29376,293760.0,0.29376,1997-09-03,19.41916666666667,-99.12777777777777,11826.0,Esperanza,Cuauhtemoc,False,Esperanza — Cuauhtemoc,False
13HGO100582/26EMDL08,"INDUSTRIAS CANNON, S.A. DE C.V.",SERVICIOS,40000.0,0.04,40000.0,0.04,1997-08-27,19.26805555555556,-99.3386111111111,11794.0,Desierto De Los Leones,Cuajimalpa De Morelos,True,Desierto De Los Leones — Cuajimalpa De Morelos,True
13MEX104082/26FPGR98,"TUAL INDUSTRIAL, S.A. DE C.V.",INDUSTRIAL,399.0,0.000399,399.0,0.000399,1999-01-13,19.509444444444444,-99.19027777777778,11400.0,Unidad Ecologica Novedades Impacto,Azcapotzalco,False,Unidad Ecologica Novedades Impacto — Azcapotzalco,False
5MEX100103/26FMGR94,"VIDRIO PLANO DE MEXICO, S.A. DE C.V.",INDUSTRIAL,262800.0,0.2628,131400.0,0.1314,1994-12-30,19.519166666666667,-99.11916666666666,11946.0,Acueducto,Gustavo A. Madero,False,Acueducto — Gustavo A. Madero,False
5MEX100103/26FMGR94,"VIDRIO PLANO DE MEXICO, S.A. DE C.V.",INDUSTRIAL,7884.0,0.007884,3942.0,0.003942,1994-12-30,19.51861111111111,-99.12222222222222,11946.0,Acueducto,Gustavo A. Madero,False,Acueducto — Gustavo A. Madero,False
5MEX100146/26FMGR94,"ELECTROPURA, S. DE R.L. DE C.V.",INDUSTRIAL,471360.0,0.47136,471360.0,0.47136,1997-06-30,19.51527777777778,-99.20833333333334,11394.0,Infonavit El Rosario,Azcapotzalco,False,Infonavit El Rosario — Azcapotzalco,False
5MEX102376/26IMGR96,RANCHO SAN IGNACIO,DIFERENTES USOS,6000.0,0.006,6000.0,0.006,1996-09-19,19.225,-99.14083333333332,13147.0,El Arenal,Xochimilco,False,El Arenal — Xochimilco,False
13MEX100006/26FMGR01,RICARDO LOPEZ GONZALEZ.,INDUSTRIAL,5987.0,0.005987,5987.0,0.005987,1994-05-20,19.51,-99.21444444444444,11429.0,Prados Del Rosario,Azcapotzalco,False,Prados Del Rosario — Azcapotzalco,False
13MEX105379/26IMGR99,JOSEFINA MONTE AJA Y MANUEL MODESTO MONTE FERNANDEZ,DIFERENTES USOS,1493000.0,1.493,1493000.0,1.493,2000-01-24,19.33277777777778,-99.10805555555557,12321.0,Luis Echeverria Alvarez,Iztapalapa,False,Luis Echeverria Alvarez — Iztapalapa,False
13MEX104269/26AMGR99,"AGUSTINA AJA GOMEZ, MARIA CRISTINA GUTIERREZ AJA, PEDRO GUTIERREZ AJA, LUIS GUTIERREZ AJA, AGUSTIN GUTIERREZ AJA, JESUS GUTIERREZ AJA Y JERONIMO GUTIERREZ AJA.",AGRÍCOLA,42048.0,0.042048,42048.0,0.042048,1999-04-26,19.302777777777777,-99.17361111111111,11683.0,Del Pedregal,Coyoacan,False,Del Pedregal — Coyoacan,False
13MEX103331/26FMGR97,"ROBERTO FRANCISCO ARNSTEIN RADA Y/O INDUSTRIAS A B C, S. A. DE C. V.",INDUSTRIAL,3215.0,0.003215,3215.0,0.003215,1997-12-31,19.45722222222222,-99.21472222222222,12468.0,Nueva Argentina,Miguel Hidalgo,True,Nueva Argentina — Miguel Hidalgo,True
13MEX100150/26FMGR05,"GRUPO INDUSTRIAL ASTRO, S. A. DE C. V.",INDUSTRIAL,24192.0,0.024192,24192.0,0.024192,1994-11-18,19.517666666666667,-99.20894444444444,11394.0,Infonavit El Rosario,Azcapotzalco,False,Infonavit El Rosario — Azcapotzalco,False
13MEX100524/26FMGR05,"TERCIOPELOS SELECTOS, S.A. DE C.V.",INDUSTRIAL,1200.0,0.0012,1200.0,0.0012,1997-03-12,19.452222222222225,-99.20055555555555,12472.0,Mexico Nuevo,Miguel Hidalgo,True,Mexico Nuevo — Miguel Hidalgo,True
5MEX102179/26FMGR96,"ATWOMEK, S. A.",INDUSTRIAL,18289.0,0.018289,18289.0,0.018289,1997-08-27,19.46333333333333,-99.21611111111112,12465.0,San Lorenzo Tlaltenango,Miguel Hidalgo,True,San Lorenzo Tlaltenango — Miguel Hidalgo,True
5MEX102180/26FMGR96,"CRYOINFRA, S. A. DE C. V.",INDUSTRIAL,368000.0,0.368,368000.0,0.368,1996-06-06,19.45611111111111,-99.22222222222224,26655.0,Lomas De Sotelo,Miguel Hidalgo,True,Lomas De Sotelo — Miguel Hidalgo,True
13MEX101287/26FMGR06,"ALIMENTOS INDUSTRIALES, S.A. DE C.V.",INDUSTRIAL,2827.0,0.002827,2827.0,0.002827,1995-11-29,19.51333333333333,-99.08305555555556,11962.0,Nueva Atzacoalco,Gustavo A. Madero,False,Nueva Atzacoalco — Gustavo A. Madero,False
13MEX101573/26IMGR06,RODOLFO ZANELLA SCHIEVENINI,DIFERENTES USOS,6000.0,0.006,6000.0,0.006,1996-10-02,19.23611111111111,-99.15055555555556,13083.0,Plan De Ayala,Tlalpan,False,Plan De Ayala — Tlalpan,False
5MEX102153/26FMGR96,"INMOBILIARIA PEGASO, S. A. DE C. V.",INDUSTRIAL,38361.0,0.038361,38361.0,0.038361,1996-05-16,19.40194444444444,-99.22361111111113,12457.0,3Ra Secc Del Bosque De Chapultepec,Miguel Hidalgo,True,3Ra Secc Del Bosque De Chapultepec — Miguel Hidalgo,True
13MEX102311/26EMDA08,"DETROIT INDUSTRIA TERMICA, S. A. DE C.V.",SERVICIOS,1600.0,0.0016,1600.0,0.0016,1996-07-04,19.51313888888889,-99.08425,11959.0,Juan Gonzalez Romero,Gustavo A. Madero,False,Juan Gonzalez Romero — Gustavo A. Madero,False
08MEX106021/12IMGR01,GOBIERNO DEL DISTRITO FEDERAL (DIRECCIÓN GENERAL DE CONSTRUCCIÓN Y OPERACIÓN HIDRÁULICA),DIFERENTES USOS,46647.0,0.046647,23323.5,0.0233235,2001-02-08,19.49361111111111,-99.07972222222222,11984.0,25 De Julio,Gustavo A. Madero,False,25 De Julio — Gustavo A. Madero,False
08MEX106021/12IMGR01,GOBIERNO DEL DISTRITO FEDERAL (DIRECCIÓN GENERAL DE CONSTRUCCIÓN Y OPERACIÓN HIDRÁULICA),DIFERENTES USOS,500976.0,0.500976,250488.0,0.250488,2001-02-08,19.481666666666666,-99.0825,11985.0,Campestre Aragon,Gustavo A. Madero,False,Campestre Aragon — Gustavo A. Madero,False
13MEX102603/26FMDA08,"INMOBILIARIA ECFA, S. A. DE C. V.",INDUSTRIAL,50000.0,0.05,50000.0,0.05,1997-04-15,19.52083333333333,-99.20333333333332,11394.0,Infonavit El Rosario,Azcapotzalco,False,Infonavit El Rosario — Azcapotzalco,False
13MEX105329/26HMDA08,"SISTEMA DE AGUA POTABLE LOS REYES ACOZAC, MEXICO, A. C.",PÚBLICO URBANO,709560.0,0.70956,709560.0,0.70956,1999-10-18,19.24638888888889,-98.98138888888889,12593.0,Quiahuatla,Tlahuac,False,Quiahuatla — Tlahuac,False
13MEX108090/26AMDA09,JOSE ANTONIO ZECHINELLI NANI Y COPROPIETARIOS,AGRÍCOLA,4800.0,0.0048,4800.0,0.0048,2009-02-13,19.234166666666667,-99.15,13079.0,Tepetitla,Tlalpan,False,Tepetitla — Tlalpan,False
13MEX101209/26FMDA08,"CORRUGADOS Y PERFILES COMERCIALES, S.A. DE C.V.",INDUSTRIAL,5240.0,0.00524,5240.0,0.00524,1996-05-16,19.510583333333333,-99.21422222222222,11429.0,Prados Del Rosario,Azcapotzalco,False,Prados Del Rosario — Azcapotzalco,False
13MEX101277/26FMDA09,"PROCTER & GAMBLE MANUFACTURA, S. DE R. L. DE C. V.",INDUSTRIAL,45000.0,0.045,45000.0,0.045,1995-11-28,19.471944444444443,-99.22055555555556,11461.0,Ampl San Pedro Xalpa,Azcapotzalco,False,Ampl San Pedro Xalpa — Azcapotzalco,False
13MEX101247/26FMDA09,"UNIDAD TEXTIL PUENTE, S. A. DE C. V.",INDUSTRIAL,15802.0,0.015802,15802.0,0.015802,1997-07-01,19.51313888888889,-99.21297222222222,11394.0,Infonavit El Rosario,Azcapotzalco,False,Infonavit El Rosario — Azcapotzalco,False
5MEX100824/26FMGR95,"KIMBERLY CLARK DE MEXICO, S.A. DE C.V.",INDUSTRIAL,2049840.0,2.04984,683280.0,0.68328,1995-11-15,19.465555555555557,-99.21555555555555,12465.0,San Lorenzo Tlaltenango,Miguel Hidalgo,True,San Lorenzo Tlaltenango — Miguel Hidalgo,True
5MEX100824/26FMGR95,"KIMBERLY CLARK DE MEXICO, S.A. DE C.V.",INDUSTRIAL,239840.0,0.23984,79946.66666666667,0.07994666666666667,1995-11-15,19.46444444444444,-99.21444444444444,12465.0,San Lorenzo Tlaltenango,Miguel Hidalgo,True,San Lorenzo Tlaltenango — Miguel Hidalgo,True
5MEX100824/26FMGR95,"KIMBERLY CLARK DE MEXICO, S.A. DE C.V.",INDUSTRIAL,0.0,0.0,0.0,0.0,1995-11-15,19.46527777777778,-99.2152777777778,12465.0,San Lorenzo Tlaltenango,Miguel Hidalgo,True,San Lorenzo Tlaltenango — Miguel Hidalgo,True
13MEX105360/26FMDA10,"UNIDAD TEXTIL PUENTE, S. A. DE C. V.",INDUSTRIAL,51358.0,0.051358,25679.0,0.025679,1999-12-13,19.512777777777774,-99.21305555555556,11394.0,Infonavit El Rosario,Azcapotzalco,False,Infonavit El Rosario — Azcapotzalco,False
13MEX105360/26FMDA10,"UNIDAD TEXTIL PUENTE, S. A. DE C. V.",INDUSTRIAL,54820.0,0.05482,27410.0,0.02741,1999-12-13,19.5125,-99.21305555555556,11394.0,Infonavit El Rosario,Azcapotzalco,False,Infonavit El Rosario — Azcapotzalco,False
5MEX100104/26FMGR94,"VIDRIO PLANO DE MEXICO, S.A. DE C.V.",INDUSTRIAL,118260.0,0.11826,118260.0,0.11826,1994-12-30,19.51861111111111,-99.09833333333331,11853.0,El Risco Ctm,Gustavo A. Madero,False,El Risco Ctm — Gustavo A. Madero,False
13MEX105358/26FMDA11,"GRUPO INDUSTRIAL ASTRO, S. A. DE C. V.",INDUSTRIAL,70000.0,0.07,70000.0,0.07,1999-11-10,19.204444444444444,-99.21222222222222,12901.0,Santo Tomas Ajusco,Tlalpan,False,Santo Tomas Ajusco — Tlalpan,False
13MEX101243/26FMGR04,"INMOBILIARIA BAME, S.A. DE C.V.",INDUSTRIAL,40000.0,0.04,40000.0,0.04,1995-12-28,19.464166666666667,-99.2175,12465.0,San Lorenzo Tlaltenango,Miguel Hidalgo,True,San Lorenzo Tlaltenango — Miguel Hidalgo,True
08MEX103013/12HMDL12,"ORGANISMO PÚBLICO DESCENTRALIZADO PARA LA PRESTACIÓN DE LOS SERVICIOS DE AGUA POTABLE, ALCANTARILLADO Y SANEAMIENTO DEL MUNICIPIO DE METEPEC",PÚBLICO URBANO,483716.0,0.483716,483716.0,0.483716,1997-09-18,19.292222222222225,-99.26,12449.0,Pueblo San Nicolas Totolapan,La Magdalena Contreras,True,Pueblo San Nicolas Totolapan — La Magdalena Contreras,True
5MEX100037/26FMGR94,"ACEITES INDUSTRIALES EL ZAPOTE, S.A. DE C.V.",INDUSTRIAL,120000.0,0.12,120000.0,0.12,1994-05-31,19.5175,-99.21138888888888,11394.0,Infonavit El Rosario,Azcapotzalco,False,Infonavit El Rosario — Azcapotzalco,False
13MEX102623/26FMDA13,"EL PATO, S.A. DE C.V.",INDUSTRIAL,4042.0,0.004042,4042.0,0.004042,1997-06-24,19.46305555555556,-99.21833333333332,12465.0,San Lorenzo Tlaltenango,Miguel Hidalgo,True,San Lorenzo Tlaltenango — Miguel Hidalgo,True
13MEX106023/26AMGR00,"POLICARPO ERNESTO, DONACIANO, ROSA MARIA, IRMA LETICIA, PERLA HILARIA, BLANCA LIVI Y JULIAN PEREZ CERON, DIONISIO Y MA. DEL ROCIO PEREZ HERNANDEZ",AGRÍCOLA,12000.0,0.012,12000.0,0.012,2000-02-21,19.33333333333333,-98.97777777777776,12279.0,Ampl Emiliano Zapata,Iztapalapa,False,Ampl Emiliano Zapata — Iztapalapa,False
04TLX150147/18HMDL18,"MUNICIPIO DE HUAMANTLA, TLAX.",PÚBLICO URBANO,66698.0,0.066698,66698.0,0.066698,2018-10-15,19.32472222222222,-98.9675,12600.0,Barrio La Guadalupe,Tlahuac,False,Barrio La Guadalupe — Tlahuac,False
13DFE155954/26FMGC17,ALQUILADORA DE CASAS S.A. DE C.V.,INDUSTRIAL,245000.0,0.245,122500.0,0.1225,2017-11-20,19.44,-99.17916666666667,12481.0,Anahuac,Miguel Hidalgo,True,Anahuac — Miguel Hidalgo,True
13DFE155954/26FMGC17,ALQUILADORA DE CASAS S.A. DE C.V.,INDUSTRIAL,245000.0,0.245,122500.0,0.1225,2017-11-20,19.439166666666665,-99.17916666666667,12481.0,Anahuac,Miguel Hidalgo,True,Anahuac — Miguel Hidalgo,True
13DFE160038/26FMDA19,"TAPON CORONA, S. A. DE C. V.",INDUSTRIAL,11396.0,0.011396,11396.0,0.011396,2019-02-20,19.502944444444445,-99.19669444444445,11398.0,Unidad Hab Manuel Rivera Anaya,Azcapotzalco,False,Unidad Hab Manuel Rivera Anaya — Azcapotzalco,False
13MEX159665/26FMGC17,"TEXLAMEX, S. A. DE C.V.",INDUSTRIAL,126000.0,0.126,126000.0,0.126,2018-02-19,19.473388888888888,-99.22669444444443,11461.0,Ampl San Pedro Xalpa,Azcapotzalco,False,Ampl San Pedro Xalpa — Azcapotzalco,False
13MEX159815/26FMDA18,"SIGMA ALIMENTOS IMPORTACIONES, S.A. DE C.V.",INDUSTRIAL,390717.4,0.39071740000000005,390717.4,0.39071740000000005,2018-07-10,19.51361111111111,-99.08611111111112,11959.0,Juan Gonzalez Romero,Gustavo A. Madero,False,Juan Gonzalez Romero — Gustavo A. Madero,False
13MEX160075/26EMDA18,"CIBANCO, S.A.,I.B.M., FIDUCIARIO EN EL FIDEICOMISO CIB/2032",SERVICIOS,488000.0,0.488,244000.0,0.244,2018-11-28,19.43277777777778,-99.15333333333334,11818.0,Juarez,Cuauhtemoc,False,Juarez — Cuauhtemoc,False
13MEX160075/26EMDA18,"CIBANCO, S.A.,I.B.M., FIDUCIARIO EN EL FIDEICOMISO CIB/2032",SERVICIOS,232000.0,0.232,116000.0,0.116,2018-11-28,19.43166666666667,-99.15166666666669,11818.0,Juarez,Cuauhtemoc,False,Juarez — Cuauhtemoc,False
13MEX160076/26EMDA18,"INMOBILIARIA GOCOS, S.A. DE C.V.",SERVICIOS,160000.0,0.16,160000.0,0.16,2018-11-28,19.330277777777777,-99.21027777777778,11371.0,Jardines Del Pedregal,Alvaro Obregon,True,Jardines Del Pedregal — Alvaro Obregon,True
13MEX160082/26EMDA18,"INMOBILIARIA JERONIMO, S.A. DE C.V.",SERVICIOS,40000.0,0.04,40000.0,0.04,2018-11-28,19.328055555555554,-99.21444444444444,12414.0,Pedregal De San Jeronimo,La Magdalena Contreras,True,Pedregal De San Jeronimo — La Magdalena Contreras,True
13DFE150147/26FMDA18,"INMOBILIARIA GP, S.A. DE C.V.",INDUSTRIAL,40000.0,0.04,40000.0,0.04,2013-01-08,19.30666666666667,-99.13861111111112,11735.0,Viejo Ejido Santa Ursula Coapa,Coyoacan,False,Viejo Ejido Santa Ursula Coapa — Coyoacan,False
13DFE100002/26IMDA16,"PAPELERA IRUÑA, S.A. DE C.V.",DIFERENTES USOS,150000.0,0.15,75000.0,0.075,1994-05-04,19.31722222222222,-99.07666666666668,12395.0,La Esperanza,Iztapalapa,False,La Esperanza — Iztapalapa,False
13DFE100002/26IMDA16,"PAPELERA IRUÑA, S.A. DE C.V.",DIFERENTES USOS,250000.0,0.25,125000.0,0.125,1994-05-04,19.3175,-99.0775,12382.0,Vergel,Iztapalapa,False,Vergel — Iztapalapa,False
13DFE100005/26IMDA16,"LA IGLESIA DE JESUCRISTO DE LOS SANTOS DE LOS ULTIMOS DIAS EN MEXICO, A.R.",DIFERENTES USOS,21024.0,0.021024,10512.0,0.010512,1994-11-29,19.53666666666667,-99.14333333333336,11900.0,Zona Escolar Oriente,Gustavo A. Madero,False,Zona Escolar Oriente — Gustavo A. Madero,False
13DFE100005/26IMDA16,"LA IGLESIA DE JESUCRISTO DE LOS SANTOS DE LOS ULTIMOS DIAS EN MEXICO, A.R.",DIFERENTES USOS,48976.0,0.048976,24488.0,0.024488,1994-11-29,19.5375,-99.14361111111111,11901.0,El Arbolillo 3,Gustavo A. Madero,False,El Arbolillo 3 — Gustavo A. Madero,False
13DFE100036/26FMDA17,"BAÑOS MEDICINALES DEL PEÑON, S.A.",INDUSTRIAL,5150.0,0.00515,5150.0,0.00515,1995-08-08,19.437527777777778,-99.0863611111111,12960.0,PeãOn De Los BaãOs,Venustiano Carranza,False,PeãOn De Los BaãOs — Venustiano Carranza,False
13DFE100061/26FMDA17,"BAÑOS MANOLITA, S.A.",INDUSTRIAL,4069.0,0.004069,4069.0,0.004069,1995-07-21,19.36491666666667,-99.11705555555557,12164.0,Sector Popular,Iztapalapa,False,Sector Popular — Iztapalapa,False
13DFE100083/26FMDA15,"ARVATO DE MEXICO, S.A. DE C.V.",INDUSTRIAL,9944.0,0.009944,9944.0,0.009944,1995-07-21,19.460277777777776,-99.17694444444444,11481.0,San Salvador Xochimanca,Azcapotzalco,False,San Salvador Xochimanca — Azcapotzalco,False
13DFE100114/26EMDA16,"SOCIEDAD DE BENEFICENCIA ESPAÑOLA, I.A.P.",SERVICIOS,32840.0,0.03284,32840.0,0.03284,1995-06-01,19.43861111111111,-99.19638888888888,12516.0,Granada,Miguel Hidalgo,True,Granada — Miguel Hidalgo,True
13DFE100115/26EMDA16,"SOCIEDAD DE BENEFICENCIA ESPAÑOLA, I.A.P.",SERVICIOS,15445.0,0.015445,15445.0,0.015445,1995-06-01,19.461111111111112,-99.205,12466.0,Refineria 18 De Marzo,Miguel Hidalgo,True,Refineria 18 De Marzo — Miguel Hidalgo,True
13DFE100120/26FMDA17,"COPAMEX CORRUGADOS, S. A. DE C. V.",INDUSTRIAL,5900.0,0.0059,5900.0,0.0059,1995-07-13,19.49305555555556,-99.16111111111113,11420.0,Industrial Vallejo,Azcapotzalco,False,Industrial Vallejo — Azcapotzalco,False
13DFE100136/26EMDA16,"INMUEBLES GENERAL, S.A. DE C.V.",SERVICIOS,223665.0,0.223665,223665.0,0.223665,1995-06-28,19.442222222222224,-99.20472222222224,12517.0,Ampl Granada,Miguel Hidalgo,True,Ampl Granada — Miguel Hidalgo,True
13DFE100138/26FMDA16,"HIELO IDEAL, S.A.",INDUSTRIAL,130000.0,0.13,130000.0,0.13,1995-09-07,19.399083333333333,-99.11727777777776,12109.0,Santa Anita,Iztacalco,False,Santa Anita — Iztacalco,False
13DFE100139/26FMDA16,"HIELO IDEAL, S.A.",INDUSTRIAL,106063.0,0.106063,106063.0,0.106063,1995-09-07,19.35377777777778,-99.14694444444446,11565.0,San Diego Churubusco,Coyoacan,False,San Diego Churubusco — Coyoacan,False
13DFE100170/26EMDA15,"CONDOMINOS PLAZA TEPEYAC, A.C.",SERVICIOS,64581.0,0.064581,32290.5,0.0322905,1996-09-19,19.47202777777777,-99.1194722222222,12041.0,Guadalupe Tepeyac,Gustavo A. Madero,False,Guadalupe Tepeyac — Gustavo A. Madero,False
13DFE100170/26EMDA15,"CONDOMINOS PLAZA TEPEYAC, A.C.",SERVICIOS,35109.0,0.035109,17554.5,0.0175545,1996-09-19,19.47222222222222,-99.11944444444444,12041.0,Guadalupe Tepeyac,Gustavo A. Madero,False,Guadalupe Tepeyac — Gustavo A. Madero,False
13DFE100182/26FMDA16,"MALTA-TEXO DE MEXICO, S. A. DE C.V.",INDUSTRIAL,70480.0,0.07048,70480.0,0.07048,1995-12-12,19.496166666666667,-99.167,11420.0,Industrial Vallejo,Azcapotzalco,False,Industrial Vallejo — Azcapotzalco,False
13DFE100188/26FMDA12,"DERIVADOS DE FRUTAS, S.A. DE C.V.",INDUSTRIAL,215120.0,0.21512,215120.0,0.21512,1995-11-28,19.306944444444444,-99.13944444444444,11735.0,Viejo Ejido Santa Ursula Coapa,Coyoacan,False,Viejo Ejido Santa Ursula Coapa — Coyoacan,False
13DFE100511/26FMDA16,"PRODUCTOS MARINELA, S. A. DE C.V.",INDUSTRIAL,25140.0,0.02514,25140.0,0.02514,1996-03-07,19.50738888888889,-99.18475,11405.0,Unidad Hab San Pablo Xalpa,Azcapotzalco,False,Unidad Hab San Pablo Xalpa — Azcapotzalco,False
13DFE100760/26FMDA17,"COMERCIALIZADORA DE LACTEOS Y DERIVADOS, S.A. DE C.V.",INDUSTRIAL,551888.0,0.551888,551888.0,0.551888,2000-08-30,19.50258333333333,-99.17425,11446.0,Estacion Pantaco,Azcapotzalco,False,Estacion Pantaco — Azcapotzalco,False
13DFE100767/26FMDA17,PEMEX REFINACION,INDUSTRIAL,74400.0,0.0744,18600.0,0.0186,1999-08-02,19.4655,-99.20788888888887,12466.0,Refineria 18 De Marzo,Miguel Hidalgo,True,Refineria 18 De Marzo — Miguel Hidalgo,True
13DFE100767/26FMDA17,PEMEX REFINACION,INDUSTRIAL,12660.0,0.01266,3165.0,0.003165,1999-08-02,19.46336111111111,-99.19813888888888,12466.0,Refineria 18 De Marzo,Miguel Hidalgo,True,Refineria 18 De Marzo — Miguel Hidalgo,True
13DFE100767/26FMDA17,PEMEX REFINACION,INDUSTRIAL,10000.0,0.01,2500.0,0.0025,1999-08-02,19.465,-99.19672222222222,12466.0,Refineria 18 De Marzo,Miguel Hidalgo,True,Refineria 18 De Marzo — Miguel Hidalgo,True
13DFE100767/26FMDA17,PEMEX REFINACION,INDUSTRIAL,75000.0,0.075,18750.0,0.01875,1999-08-02,19.46388888888889,-99.188,11391.0,Angel Zimbron,Azcapotzalco,False,Angel Zimbron — Azcapotzalco,False
13DFE100883/26FMDA16,"GRUPO ACYTEX, S. A. DE C. V.",INDUSTRIAL,93600.0,0.0936,93600.0,0.0936,2003-01-14,19.43611111111111,-99.095,12961.0,Moctezuma 2Da Secc,Venustiano Carranza,False,Moctezuma 2Da Secc — Venustiano Carranza,False
13DFE101030/26FMDA17,"HERDEZ, S.A. DE C.V.",INDUSTRIAL,100000.0,0.1,100000.0,0.1,2010-02-15,19.461111111111112,-99.213,12468.0,Nueva Argentina,Miguel Hidalgo,True,Nueva Argentina — Miguel Hidalgo,True
13DFE101085/26FMDA17,"FABRICA DE HIELO LA MODERNA, S.A. DE C.V.",INDUSTRIAL,20000.0,0.02,20000.0,0.02,2008-09-12,19.460555555555555,-99.17444444444445,11481.0,San Salvador Xochimanca,Azcapotzalco,False,San Salvador Xochimanca — Azcapotzalco,False
13DFE101111/26FMDA17,"EMBOTELLADORA AGA DE MEXICO, S.A. DE C.V.",INDUSTRIAL,20514.0,0.020514,20514.0,0.020514,2009-05-14,19.366111111111117,-99.17277777777778,11501.0,Del Valle Sur,Benito Juarez,False,Del Valle Sur — Benito Juarez,False
13DFE101182/26FMDA17,"INMOBILIARIA OLFAM, S.A. DE C.V.",INDUSTRIAL,29720.0,0.02972,29720.0,0.02972,2012-03-12,19.49361111111111,-99.1625,11420.0,Industrial Vallejo,Azcapotzalco,False,Industrial Vallejo — Azcapotzalco,False
13MEX100115/26FMDA18,"HARINERA TLALNEPANTLA, S.A. DE C.V.",INDUSTRIAL,5000.0,0.005,5000.0,0.005,1995-07-20,19.5,-99.16666666666669,11420.0,Industrial Vallejo,Azcapotzalco,False,Industrial Vallejo — Azcapotzalco,False
13MEX101184/26FMDA17,MOISES TARTAKOVSKI GODMAN Y COPROPIETARIOS,INDUSTRIAL,125000.0,0.125,125000.0,0.125,1995-12-06,19.480944444444443,-99.22633333333332,11461.0,Ampl San Pedro Xalpa,Azcapotzalco,False,Ampl San Pedro Xalpa — Azcapotzalco,False
13MEX101211/26FMDA17,"PROMOTORA AMIN, S.A. (COLORTEX, S.A. DE C.V.)",INDUSTRIAL,166360.0,0.16636,166360.0,0.16636,1995-11-06,19.467777777777776,-99.21722222222222,12465.0,San Lorenzo Tlaltenango,Miguel Hidalgo,True,San Lorenzo Tlaltenango — Miguel Hidalgo,True
13MEX102159/26FMDA16,"EL LEON, S.A. DE C.V.",INDUSTRIAL,2641.0,0.002641,2641.0,0.002641,1996-05-06,19.468555555555557,-99.22255555555556,11461.0,Ampl San Pedro Xalpa,Azcapotzalco,False,Ampl San Pedro Xalpa — Azcapotzalco,False
13MEX104245/26HSDA16,"ORGANISMO PUBLICO DESCENTRALIZADO PARA LA PRESTACION DE LOS SERVICIOS DE AGUA POTABLE, ALCANTARILLADO Y SANEAMIENTO DEL MUNICIPIO DE TLALNEPANTLA",PÚBLICO URBANO,1140341.0,1.140341,126704.55555555556,0.12670455555555557,1999-12-14,19.5175,-99.21305555555556,11394.0,Infonavit El Rosario,Azcapotzalco,False,Infonavit El Rosario — Azcapotzalco,False
13MEX104245/26HSDA16,"ORGANISMO PUBLICO DESCENTRALIZADO PARA LA PRESTACION DE LOS SERVICIOS DE AGUA POTABLE, ALCANTARILLADO Y SANEAMIENTO DEL MUNICIPIO DE TLALNEPANTLA",PÚBLICO URBANO,2558515.0,2.558515,284279.44444444444,0.2842794444444444,1999-12-14,19.5325,-99.17277777777778,11999.0,Santa Rosa,Gustavo A. Madero,False,Santa Rosa — Gustavo A. Madero,False
13MEX104245/26HSDA16,"ORGANISMO PUBLICO DESCENTRALIZADO PARA LA PRESTACION DE LOS SERVICIOS DE AGUA POTABLE, ALCANTARILLADO Y SANEAMIENTO DEL MUNICIPIO DE TLALNEPANTLA",PÚBLICO URBANO,874591.25,0.87459125,97176.80555555556,0.09717680555555556,1999-12-14,19.51638888888889,-99.18833333333332,11400.0,Unidad Ecologica Novedades Impacto,Azcapotzalco,False,Unidad Ecologica Novedades Impacto — Azcapotzalco,False
13MEX104245/26HSDA16,"ORGANISMO PUBLICO DESCENTRALIZADO PARA LA PRESTACION DE LOS SERVICIOS DE AGUA POTABLE, ALCANTARILLADO Y SANEAMIENTO DEL MUNICIPIO DE TLALNEPANTLA",PÚBLICO URBANO,874591.25,0.87459125,97176.80555555556,0.09717680555555556,1999-12-14,19.506666666666668,-99.16555555555556,11420.0,Industrial Vallejo,Azcapotzalco,False,Industrial Vallejo — Azcapotzalco,False
13MEX104245/26HSDA16,"ORGANISMO PUBLICO DESCENTRALIZADO PARA LA PRESTACION DE LOS SERVICIOS DE AGUA POTABLE, ALCANTARILLADO Y SANEAMIENTO DEL MUNICIPIO DE TLALNEPANTLA",PÚBLICO URBANO,874591.25,0.87459125,97176.80555555556,0.09717680555555556,1999-12-14,19.5225,-99.17555555555556,11999.0,Santa Rosa,Gustavo A. Madero,False,Santa Rosa — Gustavo A. Madero,False
13MEX104245/26HSDA16,"ORGANISMO PUBLICO DESCENTRALIZADO PARA LA PRESTACION DE LOS SERVICIOS DE AGUA POTABLE, ALCANTARILLADO Y SANEAMIENTO DEL MUNICIPIO DE TLALNEPANTLA",PÚBLICO URBANO,1363301.0,1.363301,151477.88888888888,0.15147788888888888,1999-12-14,19.50888888888889,-99.2125,11429.0,Prados Del Rosario,Azcapotzalco,False,Prados Del Rosario — Azcapotzalco,False
13MEX104245/26HSDA16,"ORGANISMO PUBLICO DESCENTRALIZADO PARA LA PRESTACION DE LOS SERVICIOS DE AGUA POTABLE, ALCANTARILLADO Y SANEAMIENTO DEL MUNICIPIO DE TLALNEPANTLA",PÚBLICO URBANO,695368.0,0.695368,77263.11111111111,0.07726311111111112,1999-12-14,19.511666666666667,-99.21361111111112,11394.0,Infonavit El Rosario,Azcapotzalco,False,Infonavit El Rosario — Azcapotzalco,False
13MEX104245/26HSDA16,"ORGANISMO PUBLICO DESCENTRALIZADO PARA LA PRESTACION DE LOS SERVICIOS DE AGUA POTABLE, ALCANTARILLADO Y SANEAMIENTO DEL MUNICIPIO DE TLALNEPANTLA",PÚBLICO URBANO,739203.0,0.739203,82133.66666666667,0.08213366666666667,1999-12-14,19.53777777777778,-99.15527777777778,11909.0,Solidaridad Nacional,Gustavo A. Madero,False,Solidaridad Nacional — Gustavo A. Madero,False
13MEX104245/26HSDA16,"ORGANISMO PUBLICO DESCENTRALIZADO PARA LA PRESTACION DE LOS SERVICIOS DE AGUA POTABLE, ALCANTARILLADO Y SANEAMIENTO DEL MUNICIPIO DE TLALNEPANTLA",PÚBLICO URBANO,222328.0,0.222328,24703.11111111111,0.02470311111111111,1999-12-14,19.511111111111116,-99.21694444444444,11429.0,Prados Del Rosario,Azcapotzalco,False,Prados Del Rosario — Azcapotzalco,False
08MEX109124/12HMDL14,AGUA Y SANEAMIENTO DE TOLUCA,PÚBLICO URBANO,96512.0,0.096512,96512.0,0.096512,2013-05-13,19.350694444444446,-99.13388888888888,11567.0,Campestre Churubusco,Coyoacan,False,Campestre Churubusco — Coyoacan,False
